data_captura,data_referencia,NOME DO CONGLOMERADO,CLASSE DO CONGLOMERADO,CNPJ PARTICIPANTE,NOME DO PARTICIPANTE,TIPO PARTICIPAÇÃO,DATA INÍCIO,UF
2026-07-08,2026-06-01,99PAY IP - PRUDENCIAL,Privado Nacional,2431-31-02,99PAY INSTITUICAO DE PAGAMENTO S.A.,LIDER,2024-07-10,SP
2026-07-08,2026-06-01,99PAY IP - PRUDENCIAL,Privado Nacional,5937-95-65,99PAY SOCIEDADE DE CRÉDITO DIRETO S.A.,PARTICIPANTE,2024-11-27,SP
2026-07-08,2026-06-01,ABC-BRASIL - PRUDENCIAL,Privado Nacional com Controle Estrangeiro,2819-56-67,BANCO ABC BRASIL S.A.,LIDER,2014-01-02,SP
2026-07-08,2026-06-01,ABC-BRASIL - PRUDENCIAL,Privado Nacional com Controle Estrangeiro,7199-53-85,ABC BRASIL ADMINISTRACAO E PARTICIPACOES LTDA.,PARTICIPANTE,2014-01-02,SP
2026-07-08,2026-06-01,ABC-BRASIL - PRUDENCIAL,Privado Nacional com Controle Estrangeiro,6102-04-79,ABC BRASIL BENEFICIOS CORRETORA DE SEGUROS LTDA,PARTICIPANTE,2025-06-30,SP
2026-07-08,2026-06-01,ABC-BRASIL - PRUDENCIAL,Privado Nacional com Controle Estrangeiro,2919-83-24,ABC BRASIL COMERCIALIZADORA DE ENERGIA LTDA.,PARTICIPANTE,2020-04-30,SP
2026-07-08,2026-06-01,ABC-BRASIL - PRUDENCIAL,Privado Nacional com Controle Estrangeiro,4256-47-69,ABC BRASIL CORRETORA DE SEGUROS LTDA,PARTICIPANTE,2021-07-02,SP
2026-07-08,2026-06-01,ABC-BRASIL - PRUDENCIAL,Privado Nacional com Controle Estrangeiro,3381-76-77,ABC BRASIL DISTRIBUIDORA DE TÍTULOS E VALORES MOBILIÁRIOS S.A.,PARTICIPANTE,2014-01-02,SP
2026-07-08,2026-06-01,ABC-BRASIL - PRUDENCIAL,Privado Nacional com Controle Estrangeiro,5083-25-90,ABC BRASIL INVESTMENT BANKING LTDA,PARTICIPANTE,2023-06-01,SP
2026-07-08,2026-06-01,ABC-BRASIL - PRUDENCIAL,Privado Nacional com Controle Estrangeiro,5137-74-88,ABC DCM LTDA,PARTICIPANTE,2023-08-01,SP
2026-07-08,2026-06-01,ABC-BRASIL - PRUDENCIAL,Privado Nacional com Controle Estrangeiro,5139-32-35,ABC HOLDING FINANCEIRA LTDA,PARTICIPANTE,2023-08-01,SP
2026-07-08,2026-06-01,ABC-BRASIL - PRUDENCIAL,Privado Nacional com Controle Estrangeiro,4588-09-36,ABC I FUNDO DE INVESTIMENTO EM DIREITOS CREDITÓRIOS,PARTICIPANTE,2023-01-01,
2026-07-08,2026-06-01,ABC-BRASIL - PRUDENCIAL,Privado Nacional com Controle Estrangeiro,5141-97-15,ABC M&A E ECM LTDA,PARTICIPANTE,2023-08-01,SP
2026-07-08,2026-06-01,ABC-BRASIL - PRUDENCIAL,Privado Nacional com Controle Estrangeiro,,APOEMA FUND LTD,PARTICIPANTE,2024-05-01,
2026-07-08,2026-06-01,ABC-BRASIL - PRUDENCIAL,Privado Nacional com Controle Estrangeiro,6130-60-33,BAHREIN I FUNDO DE INVESTIMENTO EM DIREITOS CREDITORIOS,PARTICIPANTE,2026-03-01,
2026-07-08,2026-06-01,ABC-BRASIL - PRUDENCIAL,Privado Nacional com Controle Estrangeiro,5195-40-21,BARAUNA FI FINANCEIRO - CI MULT CRED PRIV - RESP LIMITADA,PARTICIPANTE,2023-09-01,SP
2026-07-08,2026-06-01,ABC-BRASIL - PRUDENCIAL,Privado Nacional com Controle Estrangeiro,5095-12-59,VISIO GESTORA DE CREDITOS LTDA.,PARTICIPANTE,2023-06-06,SP
2026-07-08,2026-06-01,ACCREDITO SCD - PRUDENCIAL,Privado Nacional,3771-59-93,ACCREDITO - SOCIEDADE DE CRÉDITO DIRETO S.A.,LIDER,2020-07-06,SP
2026-07-08,2026-06-01,ACCREDITO SCD - PRUDENCIAL,Privado Nacional,6030-01-16,ACCRÉDITO FUNDO DE INVESTIMENTO EM DIREITOS CREDITÓRIOS RESPONSABILIDADE LIMITADA,PARTICIPANTE,2026-02-02,
2026-07-08,2026-06-01,AF DO ESTADO DE SC S.A. - PRUDENCIAL,Público Federal,8293-72-93,AGÊNCIA DE FOMENTO DO ESTADO DE SANTA CATARINA S.A.-BADESC,LIDER/HOLDING,2014-01-02,SC
2026-07-08,2026-06-01,AF DO ESTADO DE SC S.A. - PRUDENCIAL,Público Federal,0600-40-49,BB POLO 42 FUNDO DE INVESTIMENTO EM RENDA FIXA LONGO PRAZO CRÉDITO PRIVADO,PARTICIPANTE,2019-04-01,RJ
2026-07-08,2026-06-01,AF PARANÁ - PRUDENCIAL,Público Estadual,0358-49-06,AGÊNCIA DE FOMENTO DO PARANÁ S.A.,LIDER/HOLDING,2014-01-02,PR
2026-07-08,2026-06-01,AF PARANÁ - PRUDENCIAL,Público Estadual,1145-11-97,BB URANO 4 FUNDO DE INVESTIMENTO FINANCEIRO RENDA FIXA RESPONSABILIDADE LIMITADA,PARTICIPANTE,2020-09-01,RJ
2026-07-08,2026-06-01,AF PARANÁ - PRUDENCIAL,Público Estadual,1073-56-66,FUNDO DE INVESTIMENTO CAIXA AFPR RENDA FIXA,PARTICIPANTE,2020-09-01,
2026-07-08,2026-06-01,AF PARANÁ - PRUDENCIAL,Público Estadual,6012-71-89,PARANÁ FIDC DO SEGMENTO AGRONEGÓCIO - RESPONSABILIDADE LIMITADA,PARTICIPANTE,2025-06-01,
2026-07-08,2026-06-01,AGENCIA FOMENTO EST RJ S.A. - PRUDENCIAL,Público Federal,0594-02-03,AGENCIA DE FOMENTO DO ESTADO DO RIO DE JANEIRO S.A.,LIDER/HOLDING,2014-01-02,RJ
2026-07-08,2026-06-01,AGENCIA FOMENTO EST RJ S.A. - PRUDENCIAL,Público Federal,5703-38-33,BB AGERIO FUNDO DE INVESTIMENTO FINANCEIRO RENDA FIXA RESPONSABILIDADE LIMITADA,PARTICIPANTE,2024-11-08,RJ
2026-07-08,2026-06-01,AGIBANK - PRUDENCIAL,Privado Nacional,1066-45-13,BANCO AGIBANK S.A.,LIDER/HOLDING,2016-08-25,SP
2026-07-08,2026-06-01,AGIBANK - PRUDENCIAL,Privado Nacional,1366-01-04,"AGI FINANCEIRA S.A. - SOCIEDADE DE CRÉDITO, FINANCIAMENTO E INVESTIMENTO",PARTICIPANTE,2014-01-02,SP
2026-07-08,2026-06-01,AGIBANK - PRUDENCIAL,Privado Nacional,6579-39-19,AGIBANK CREDITO PRIVADO FUNDO DE INVESTIMENTO FINANCEIRO MULTIMERCADO,PARTICIPANTE,2026-06-01,RJ
2026-07-08,2026-06-01,AGIBANK - PRUDENCIAL,Privado Nacional,6731-59-73,AGIBANK SELECAO FIC FIDC - RESPONSABILIDADE LIMITADA,PARTICIPANTE,2026-07-01,RJ
2026-07-08,2026-06-01,AGIBANK - PRUDENCIAL,Privado Nacional,6052-87-86,FUNDO DE INVESTIMENTO EM DIREITOS CREDITÓRIOS AGIBANK I RESPONSABILIDADE LIMITADA,PARTICIPANTE,2025-05-28,
2026-07-08,2026-06-01,AGIBANK - PRUDENCIAL,Privado Nacional,6597-68-48,FUNDO DE INVESTIMENTO EM DIREITOS CREDITÓRIOS AGIBANK II RESPONSABILIDADE LIMITADA,PARTICIPANTE,2026-04-22,
2026-07-08,2026-06-01,ANDBANK - PRUDENCIAL,Privado Nacional,4879-52-56,BANCO ANDBANK (BRASIL) S.A.,LIDER/HOLDING,2014-01-02,SP
2026-07-08,2026-06-01,ANDBANK - PRUDENCIAL,Privado Nacional,6760-03-79,ANDBANK DISTRIBUIDORA DE TÍTULOS E VALORES MOBILIÁRIOS LTDA.,PARTICIPANTE,2015-02-02,SP
2026-07-08,2026-06-01,ANDBANK - PRUDENCIAL,Privado Nacional,3299-74-90,CREDITAS SOCIEDADE DE CRÉDITO DIRETO S.A.,PARTICIPANTE,2025-11-30,SP
2026-07-08,2026-06-01,ASAAS GESTAO FINANCEIRA IP - PRUDENCIAL,Privado Nacional,1954-05-50,ASAAS GESTÃO FINANCEIRA INSTITUIÇÃO DE PAGAMENTO S.A.,LIDER,2021-06-10,SC
2026-07-08,2026-06-01,ASAAS GESTAO FINANCEIRA IP - PRUDENCIAL,Privado Nacional,3832-88-36,ASAAS FUNDO DE INVESTIMENTO MULTIMERCADO CRÉDITO  PRIVADO,PARTICIPANTE,2022-04-28,
2026-07-08,2026-06-01,ASAAS GESTAO FINANCEIRA IP - PRUDENCIAL,Privado Nacional,4878-66-08,"ASAAS SOCIEDADE DE CRÉDITO, FINANCIAMENTO E INVESTIMENTO S.A.",PARTICIPANTE,2022-09-26,SC
2026-07-08,2026-06-01,AVANCARD PROVER IP - PRUDENCIAL,Privado Nacional,2030-81-87,AVANCARD PROVER INSTITUIÇÃO DE PAGAMENTO LTDA,LIDER,2023-08-22,AM
2026-07-08,2026-06-01,AVANCARD PROVER IP - PRUDENCIAL,Privado Nacional,5003-25-84,LOAN BRASIL SOCIEDADE DE CRÉDITO DIRETO S.A.,PARTICIPANTE,2023-08-23,AM
2026-07-08,2026-06-01,BANCO AFINZ BM - PRUDENCIAL,Privado Nacional,0481-45-63,BANCO AFINZ S.A. - BANCO MÚLTIPLO,LIDER,2025-08-29,SP
2026-07-08,2026-06-01,BANCO AFINZ BM - PRUDENCIAL,Privado Nacional,6011-48-65,AFINZ INSTITUIÇÃO DE PAGAMENTO S.A.,PARTICIPANTE,2025-08-29,SP
2026-07-08,2026-06-01,BANCO B3 - PRUDENCIAL,Privado Nacional,0099-71-85,BANCO B3 S.A.,LIDER/HOLDING,2014-01-02,SP
2026-07-08,2026-06-01,BANCO B3 - PRUDENCIAL,Privado Nacional,4782-55-28,B3 INSTITUICAO DE PAGAMENTO LTDA,PARTICIPANTE,2023-10-25,SP
2026-07-08,2026-06-01,BANCO BARI DE INVESTIMENTO E FINANCI. - PRUDENCIAL,Privado Nacional,0055-66-03,BANCO BARI DE INVESTIMENTOS E FINANCIAMENTOS S.A.,LIDER,2014-01-02,PR
2026-07-08,2026-06-01,BANCO BARI DE INVESTIMENTO E FINANCI. - PRUDENCIAL,Privado Nacional,1451-17-81,BARI COMPANHIA HIPOTECÁRIA,PARTICIPANTE,2014-01-02,PR
2026-07-08,2026-06-01,BANCO BARI DE INVESTIMENTO E FINANCI. - PRUDENCIAL,Privado Nacional,1060-84-05,BARI SECURITIZADORA S.A.,PARTICIPANTE,2014-01-02,SP
2026-07-08,2026-06-01,BANCO C6 - PRUDENCIAL,Privado Nacional,3187-24-95,BANCO C6 S.A.,LIDER,2019-01-18,SP
2026-07-08,2026-06-01,BANCO C6 - PRUDENCIAL,Privado Nacional,6134-85-38,BANCO C6 CONSIGNADO S.A.,PARTICIPANTE,2020-08-19,SP
2026-07-08,2026-06-01,BANCO C6 - PRUDENCIAL,Privado Nacional,2982-87-33,C6 BANK TV1 FUNDO DE INVESTIMENTO EM DIREITOS CREDITÓRIOS - RESPONSABILIDADE LIMITADA,PARTICIPANTE,2019-12-03,
2026-07-08,2026-06-01,BANCO C6 - PRUDENCIAL,Privado Nacional,3234-57-84,C6 CORRETORA DE TÍTULOS E VALORES MOBILIÁRIOS LTDA.,PARTICIPANTE,2019-02-13,SP
2026-07-08,2026-06-01,BANCO C6 - PRUDENCIAL,Privado Nacional,3392-51-89,CARBONO FUNDO DE INVESTIMENTO FINANCEIRO MULTIMERCADO CRED PRIV INVEST NO EXTERIOR - RESP LIMITADA,PARTICIPANTE,2019-09-17,SP
2026-07-08,2026-06-01,BANCO DIGIMAIS - PRUDENCIAL,Privado Nacional,9287-42-70,BANCO DIGIMAIS S.A.,LIDER/HOLDING,2014-01-02,SP
2026-07-08,2026-06-01,BANCO DIGIMAIS - PRUDENCIAL,Privado Nacional,5012-83-80,ABEL FUNDO DE INVESTIMENTO EM PARTICIPACOES  MULTIESTRATEGIA,PARTICIPANTE,2024-08-01,SP
2026-07-08,2026-06-01,BANCO DIGIMAIS - PRUDENCIAL,Privado Nacional,4996-38-85,ALPHA FUNDO DE INVESTIMENTO EM PARTICIPACOES MULTIESTRATEGIA,PARTICIPANTE,2024-08-01,SP
2026-07-08,2026-06-01,BANCO DIGIMAIS - PRUDENCIAL,Privado Nacional,5037-50-85,CAJAIBA FUNDO DE INVESTIMENTO EM PARTICIPACOES MULTIESTRATEGIA,PARTICIPANTE,2025-09-01,SP
2026-07-08,2026-06-01,BANCO DIGIMAIS - PRUDENCIAL,Privado Nacional,5147-68-70,DELTA FUNDO DE INVESTIMENTO IMOBILIARIO RESPONSABILIDADE LIMITADA,PARTICIPANTE,2024-08-01,SP
2026-07-08,2026-06-01,BANCO DIGIMAIS - PRUDENCIAL,Privado Nacional,6138-77-82,HATIKVAH FUNDO DE INVESTIMENTO EM PARTICIPACOES MULTIESTRATEGIA,PARTICIPANTE,2025-12-30,MG
2026-07-08,2026-06-01,BANCO DIGIMAIS - PRUDENCIAL,Privado Nacional,5206-96-91,HERMON FUNDO DE INVESTIMENTO EM DIREITOS CREDITÓRIOS NÃO PADRONIZADOS RESPONSABILIDADE LIMITADA,PARTICIPANTE,2026-04-16,
2026-07-08,2026-06-01,BANCO DIGIMAIS - PRUDENCIAL,Privado Nacional,4589-97-45,ID 112 FUNDO DE INVESTIMENTO EM DIREITOS CREDITÓRIOS NÃO-PADRONIZADOS,PARTICIPANTE,2024-08-01,
2026-07-08,2026-06-01,BANCO DIGIMAIS - PRUDENCIAL,Privado Nacional,4911-26-11,ID GOIANA FUNDO DE INVESTIMENTO FIAGRO IMOBILIARIO - RESPONSABILIDADE LIMITADA,PARTICIPANTE,2024-08-01,SP
2026-07-08,2026-06-01,BANCO DIGIMAIS - PRUDENCIAL,Privado Nacional,5826-85-83,OMEGA FUNDO DE INVESTIMENTO IMOBILIARIO RESPONSABILIDADE LIMITADA,PARTICIPANTE,2024-11-29,SP
2026-07-08,2026-06-01,BANCO PAULISTA - PRUDENCIAL,Privado Nacional,6182-08-17,BANCO PAULISTA S.A.,LIDER,2020-07-03,SP
2026-07-08,2026-06-01,BANCO PAULISTA - PRUDENCIAL,Privado Nacional,1060-83-61,PAULISTA COMPANHIA SECURITIZADORA DE CREDITOS FINANCEIROS,PARTICIPANTE,2020-07-03,SP
2026-07-08,2026-06-01,BANCO SICOOB - PRUDENCIAL,Privado Nacional,0203-82-32,BANCO COOPERATIVO SICOOB S.A. - BANCO SICOOB,LIDER,2014-01-02,DF
2026-07-08,2026-06-01,BANCO SICOOB - PRUDENCIAL,Privado Nacional,1655-10-61,SICOOB ADMINISTRADORA DE CONSÓRCIOS LTDA.,PARTICIPANTE,2014-01-02,DF
2026-07-08,2026-06-01,BANCO SICOOB - PRUDENCIAL,Privado Nacional,2821-63-84,SICOOB AGENCIAS FUNDO DE INVESTIMENTO IMOBILIARIO,PARTICIPANTE,2017-09-30,DF
2026-07-08,2026-06-01,BANCO SICOOB - PRUDENCIAL,Privado Nacional,0739-76-14,SICOOB DISTRIBUIDORA DE TÍTULOS E VALORES MOBILIÁRIOS LTDA.,PARTICIPANTE,2014-01-02,DF
2026-07-08,2026-06-01,BANCO SICOOB - PRUDENCIAL,Privado Nacional,0376-68-73,SICOOB INSTITUIÇÃO DE PAGAMENTO LTDA.,PARTICIPANTE,2022-01-31,DF
2026-07-08,2026-06-01,BANCO TRAVELEX - PRUDENCIAL,Privado Nacional,1170-36-62,BANCO TRAVELEX S.A.,LIDER,2014-01-02,SP
2026-07-08,2026-06-01,BANCO TRAVELEX - PRUDENCIAL,Privado Nacional,0491-31-29,CONFIDENCE SOCIEDADE CORRETORA DE CAMBIO S.A.,PARTICIPANTE,2014-01-02,SP
2026-07-08,2026-06-01,BANCO TRAVELEX - PRUDENCIAL,Privado Nacional,6874-22-04,NUMBER ONE SOCIEDADE CORRETORA DE CAMBIO LTDA.,PARTICIPANTE,2025-02-14,RJ
2026-07-08,2026-06-01,BANESTES - PRUDENCIAL,Público Estadual,2812-76-03,BANESTES S.A. BANCO DO ESTADO DO ESPIRITO SANTO,LIDER/HOLDING,2014-01-02,ES
2026-07-08,2026-06-01,BANESTES - PRUDENCIAL,Público Estadual,2815-60-57,BANESTES DISTRIBUIDORA DE TITULOS E VALORES MOBILIARIOS S/A,PARTICIPANTE,2014-01-02,ES
2026-07-08,2026-06-01,BANESTES - PRUDENCIAL,Público Estadual,5849-31-28,BANESTES FIC MEZA I FI EM COTAS DE FI EM DIREITOS CREDITORIOS RESPONSABILIDADE LIMITADA,PARTICIPANTE,2024-12-17,RJ
2026-07-08,2026-06-01,BANK OF CHINA (BRASIL) - PRUDENCIAL,Privado Nacional,0745-06-04,BANK OF CHINA (BRASIL) BANCO MÚLTIPLO S/A,LIDER/HOLDING,2014-01-02,SP
2026-07-08,2026-06-01,BANK OF CHINA (BRASIL) - PRUDENCIAL,Privado Nacional,1069-08-48,BANCO DA CHINA BRASIL S.A.,PARTICIPANTE,2024-06-07,SP
2026-07-08,2026-06-01,BANK OF CHINA (BRASIL) - PRUDENCIAL,Privado Nacional,0215-14-53,BOC BRASIL ADMINISTRADORA DE CARTOES DE CREDITO LTDA,PARTICIPANTE,2020-10-30,SP
2026-07-08,2026-06-01,BANK OF CHINA (BRASIL) - PRUDENCIAL,Privado Nacional,6972-09-10,BOC BRASIL ARRENDAMENTO MERCANTIL S/A,PARTICIPANTE,2014-01-02,SP
2026-07-08,2026-06-01,BANK OF CHINA (BRASIL) - PRUDENCIAL,Privado Nacional,6972-08-94,BOC BRASIL DISTRIBUIDORA DE TÍTULOS E VALORES MOBILIÁRIOS S/A,PARTICIPANTE,2014-01-02,SP
2026-07-08,2026-06-01,BANK OF CHINA (BRASIL) - PRUDENCIAL,Privado Nacional,9276-44-89,"BOC BRASIL S.A. - CRÉDITO, FINANCIAMENTOS E INVESTIMENTOS",PARTICIPANTE,2014-01-02,SP
2026-07-08,2026-06-01,BANRISUL - PRUDENCIAL,Público Estadual,9270-20-67,BANCO DO ESTADO DO RIO GRANDE DO SUL S.A.,LIDER/HOLDING,2014-01-02,RS
2026-07-08,2026-06-01,BANRISUL - PRUDENCIAL,Público Estadual,9269-29-79,BANRISUL S.A. - ADMINISTRADORA DE CONSÓRCIOS,PARTICIPANTE,2014-01-02,RS
2026-07-08,2026-06-01,BANRISUL - PRUDENCIAL,Público Estadual,9302-68-47,BANRISUL S/A - CORRETORA DE VALORES MOBILIARIOS E CAMBIO,PARTICIPANTE,2014-01-02,RS
2026-07-08,2026-06-01,BANRISUL - PRUDENCIAL,Público Estadual,9293-42-15,BANRISUL SOLUÇÕES EM PAGAMENTOS S.A. - INSTITUIÇÃO DE PAGAMENTO,PARTICIPANTE,2014-01-02,RS
2026-07-08,2026-06-01,BARU SCFI - PRUDENCIAL,Privado Nacional,4272-38-48,"BARU SOCIEDADE DE CRÉDITO, FINANCIAMENTO E INVESTIMENTO S/A",LIDER,2024-10-12,RS
2026-07-08,2026-06-01,BARU SCFI - PRUDENCIAL,Privado Nacional,5800-64-71,BARU DISTRIBUIDORA DE TÍTULOS E VALORES MOBILIÁRIOS LTDA.,PARTICIPANTE,2024-10-12,RS
2026-07-08,2026-06-01,BB - PRUDENCIAL,Público Federal,0000-00-00,BANCO DO BRASIL S.A.,LIDER/HOLDING,2014-01-02,DF
2026-07-08,2026-06-01,BB - PRUDENCIAL,Público Federal,0543-72-57,ATIVOS S.A. SECURITIZADORA DE CREDITOS FINANCEIROS,PARTICIPANTE,2014-01-02,DF
2026-07-08,2026-06-01,BB - PRUDENCIAL,Público Federal,4398-56-91,BB  VENTURES I FIP MULTIESTRATEGIA - INVESTIMENTO NO  EXTERIOR - RESPONSABILIDADE LIMITADA,PARTICIPANTE,2022-02-01,SP
2026-07-08,2026-06-01,BB - PRUDENCIAL,Público Federal,3159-13-99,BB ADMINISTRADORA DE CARTOES DE CREDITO S A,PARTICIPANTE,2014-01-02,DF
2026-07-08,2026-06-01,BB - PRUDENCIAL,Público Federal,0604-30-50,BB ADMINISTRADORA DE CONSORCIOS S.A.,PARTICIPANTE,2014-01-02,DF
2026-07-08,2026-06-01,BB - PRUDENCIAL,Público Federal,5478-42-79,BB AGRO SELECAO FIF DA CLASSE DE INVESTIMENTO EM COTAS ACOES - RESP LIMITADA,PARTICIPANTE,2024-07-31,SP
2026-07-08,2026-06-01,BB - PRUDENCIAL,Público Federal,6443-97-50,BB ASSET ACOES GAMES FUNDO DE INVESTIMENTO EM COTAS DE FIF RESPONSABILIDADE LIMITADA,PARTICIPANTE,2026-05-01,RJ
2026-07-08,2026-06-01,BB - PRUDENCIAL,Público Federal,5318-06-20,BB ASSET DISTRIBUICAO ITAU ACOES AGRO FIC FIF RESPONSABILIDADE LIMITADA,PARTICIPANTE,2025-07-01,RJ
2026-07-08,2026-06-01,BB - PRUDENCIAL,Público Federal,6444-25-39,BB ASSET RENDA FIXA DEBENTURES INCENTIVADAS CDI FIC FIF EM INFRAESTRUTURA RESPONSABILIDADE LIMITADA,PARTICIPANTE,2026-05-01,RJ
2026-07-08,2026-06-01,BB - PRUDENCIAL,Público Federal,3082-29-36,BB GESTÃO DE RECURSOS - DISTRIBUIDORA DE TÍTULOS E VALORES MOBILIÁRIOS S.A.,PARTICIPANTE,2014-01-02,RJ
2026-07-08,2026-06-01,BB - PRUDENCIAL,Público Federal,4310-25-44,BB IMPACTO IS I FUNDO DE INVESTIMENTO EM PARTICIPACOES MULTIESTRATEGIA RESPONSABILIDADE LIMITADA,PARTICIPANTE,2022-01-31,SP
2026-07-08,2026-06-01,BB - PRUDENCIAL,Público Federal,6319-74-76,BB MULTIMERCADO OAKTREE GLOBAL CREDIT HEDGE  INSTITUCIONAL FIC FIF CREDITO PRIVADO RESP LIMITADA,PARTICIPANTE,2026-03-01,RJ
2026-07-08,2026-06-01,BB - PRUDENCIAL,Público Federal,6445-16-21,BB RENDA FIXA DEBENTURES INCENTIVADAS CDI EMPRESA FIC FIF EM INFRAESTRUTURA RESP LIMITADA,PARTICIPANTE,2026-05-01,RJ
2026-07-08,2026-06-01,BB - PRUDENCIAL,Público Federal,6369-75-42,BB VENTURES II FUNDO DE  INVESTIMENTO EM PARTICIPACOES MULT  INVESTIMENTO NO EXTERIOR  RESP LIMITADA,PARTICIPANTE,2026-05-01,SP
2026-07-08,2026-06-01,BB - PRUDENCIAL,Público Federal,2493-38-30,BB-BANCO DE INVESTIMENTO S/A,PARTICIPANTE,2014-01-02,SP
2026-07-08,2026-06-01,BB - PRUDENCIAL,Público Federal,3154-64-76,BB-LEASING S/A ARRENDAMENTO MERCANTIL,PARTICIPANTE,2014-01-02,DF
2026-07-08,2026-06-01,BB - PRUDENCIAL,Público Federal,6553-49-81,FUNDO DE INVESTIMENTO EM DIREITOS CREDITÓRIOS NPL - ATIVOS I,PARTICIPANTE,2026-04-01,
2026-07-08,2026-06-01,BB - PRUDENCIAL,Público Federal,4004-13-16,FUNDO DE INVESTIMENTO EM PARTICIPACOES AGVENTURES II MULTIESTRATEGIA,PARTICIPANTE,2021-10-31,SP
2026-07-08,2026-06-01,BBC S.A. - PRUDENCIAL,Privado Nacional com Controle Estrangeiro,0185-21-37,BANCO BRASILEIRO DE CRÉDITO SOCIEDADE ANÔNIMA,LIDER,2014-08-05,SP
2026-07-08,2026-06-01,BBC S.A. - PRUDENCIAL,Privado Nacional com Controle Estrangeiro,3677-06-83,BBC ADMINISTRADORA DE CONSÓRCIOS LTDA,PARTICIPANTE,2020-08-26,SP
2026-07-08,2026-06-01,BCO ABN AMRO CLEARING - PRUDENCIAL,Privado Nacional,0353-24-15,BANCO ABN AMRO CLEARING S.A.,LIDER/HOLDING,2014-01-02,SP
2026-07-08,2026-06-01,BCO ABN AMRO CLEARING - PRUDENCIAL,Privado Nacional,4452-74-44,ABN AMRO CLEARING CORRETORA DE TÍTULOS E VALORES MOBILIÁRIOS LTDA.,PARTICIPANTE,2022-05-10,SP
2026-07-08,2026-06-01,BCO CLASSICO S.A. - PRUDENCIAL,Privado Nacional,3159-75-52,BANCO CLASSICO S.A.,LIDER/HOLDING,2014-01-02,RJ
2026-07-08,2026-06-01,BCO CLASSICO S.A. - PRUDENCIAL,Privado Nacional,1076-53-99,BANCLASS FUNDO DE INVESTIMENTO FINANCEIRO EM ACOES - RESPONSABILIDADE LIMITADA,PARTICIPANTE,2019-11-11,RJ
2026-07-08,2026-06-01,BCO CLASSICO S.A. - PRUDENCIAL,Privado Nacional,0819-60-03,FUNDO DE INVESTIMENTO DE AÇåES DINÂMICA ENERGIA,PARTICIPANTE,2019-11-11,RJ
2026-07-08,2026-06-01,BCO COOPERATIVO SICREDI - PRUDENCIAL,Privado Nacional com Participação Estrangeira,0118-15-21,BANCO COOPERATIVO SICREDI S.A.,LIDER,2014-01-02,RS
2026-07-08,2026-06-01,BCO COOPERATIVO SICREDI - PRUDENCIAL,Privado Nacional com Participação Estrangeira,0780-89-07,ADMINISTRADORA DE CONSORCIOS SICREDI LTDA,PARTICIPANTE,2014-01-02,RS
2026-07-08,2026-06-01,BCO DAYCOVAL S.A - PRUDENCIAL,Privado Nacional,6223-28-89,BANCO DAYCOVAL S.A.,LIDER/HOLDING,2014-01-02,SP
2026-07-08,2026-06-01,BCO DAYCOVAL S.A - PRUDENCIAL,Privado Nacional,5682-25-99,DAY MAXX 4 FIDC DE RESPONSABILIDADE LIMITADA,PARTICIPANTE,2025-08-01,
2026-07-08,2026-06-01,BCO DAYCOVAL S.A - PRUDENCIAL,Privado Nacional,4924-15-70,DAYCOVAL CORRETORA DE TÍTULOS E VALORES MOBILIÁRIOS LTDA.,PARTICIPANTE,2023-08-31,SP
2026-07-08,2026-06-01,BCO DAYCOVAL S.A - PRUDENCIAL,Privado Nacional,4381-87-80,DAYCOVAL LEASING - BANCO MÚLTIPLO S.A.,PARTICIPANTE,2015-12-15,SP
2026-07-08,2026-06-01,BCO DAYCOVAL S.A - PRUDENCIAL,Privado Nacional,5773-10-12,DAYCOVAL LEASING SOCIEDADE DE ARRENDAMENTO MERCANTIL S.A.,PARTICIPANTE,2024-09-26,SP
2026-07-08,2026-06-01,BCO DAYCOVAL S.A - PRUDENCIAL,Privado Nacional,5307-61-37,DAYCOVAL REAL ESTATE CREDITO IMOBILIARIO I FII DE RESPONSABILIDADE LIMITADA,PARTICIPANTE,2025-08-01,SP
2026-07-08,2026-06-01,BCO DAYCOVAL S.A - PRUDENCIAL,Privado Nacional,5795-53-68,DAYCOVAL TESOURARIA FUNDO DE INVESTIMENTO FINANCEIRO EM INFRAESTRUTURA RENDA FIXA CP - RESP LIMTADA,PARTICIPANTE,2025-01-06,SP
2026-07-08,2026-06-01,BCO DO EST. DE SE S.A. - PRUDENCIAL,Público Federal,1300-97-17,BANCO DO ESTADO DE SERGIPE S.A.,LIDER/HOLDING,2014-01-02,SE
2026-07-08,2026-06-01,BCO DO EST. DE SE S.A. - PRUDENCIAL,Público Federal,5288-30-33,BES CARD FUNDO DE INVESTIMENTO EM DIREITOS CREDITÓRIOS - CREDITO PESSOAL,PARTICIPANTE,2023-12-11,
2026-07-08,2026-06-01,BCO DO EST. DE SE S.A. - PRUDENCIAL,Público Federal,0356-41-13,FUNDO DE INVESTIMENTO MULTIMERCADO MERCATTO ATALAIA,PARTICIPANTE,2014-01-31,RJ
2026-07-08,2026-06-01,BCO DO EST. DE SE S.A. - PRUDENCIAL,Público Federal,2949-40-26,MULVI FIDC RESPONSABILIDADE LIMITADA - ARRANJO DE PAGAMENTOS,PARTICIPANTE,2019-01-31,
2026-07-08,2026-06-01,BCO DO EST. DE SE S.A. - PRUDENCIAL,Público Federal,0384-74-13,MULVI INSTITUICAO DE PAGAMENTO S.A.,PARTICIPANTE,2014-01-31,SE
2026-07-08,2026-06-01,BCO DO NORDESTE DO BRASIL S.A. - PRUDENCIAL,Público Federal,0723-73-73,BANCO DO NORDESTE DO BRASIL S.A.,LIDER/HOLDING,2014-01-02,CE
2026-07-08,2026-06-01,BCO DO NORDESTE DO BRASIL S.A. - PRUDENCIAL,Público Federal,4565-43-28,VINCI CREDITO FUNDO DE INVESTIMENTO EM COTAS DE FUNDOS INCENTIVADOS DE INVESTIMENTO EM INFRAESTRUTURA RENDA FIXA,PARTICIPANTE,2022-11-07,RJ
2026-07-08,2026-06-01,BCO DO NORDESTE DO BRASIL S.A. - PRUDENCIAL,Público Federal,5610-59-99,VINCI CREDITO INFRA II MASTER FUNDO INCENTIVADO DE INVESTIMENTO EM INFRAESTRUTURA RENDA FIXA,PARTICIPANTE,2024-07-25,RJ
2026-07-08,2026-06-01,BCO DO NORDESTE DO BRASIL S.A. - PRUDENCIAL,Público Federal,4591-20-93,VINCI CREDITO INFRA MASTER FUNDO INCENTIVADO DE INVESTIMENTO EM INFRAESTRUTURA RENDA FIXA,PARTICIPANTE,2022-11-04,RJ
2026-07-08,2026-06-01,BCO FIBRA S.A. - PRUDENCIAL,Privado Nacional,5861-64-18,BANCO FIBRA S.A.,LIDER/HOLDING,2014-01-02,SP
2026-07-08,2026-06-01,BCO FIBRA S.A. - PRUDENCIAL,Privado Nacional,0601-80-00,FIBRA COMPANHIA SECURITIZADORA DE CREDITOS IMOBILIARIOS,PARTICIPANTE,2014-01-02,SP
2026-07-08,2026-06-01,BCO FIBRA S.A. - PRUDENCIAL,Privado Nacional,6354-48-08,FIBRA EXA RED HEIFER TERRAS BRASIL I FIAGRO - RESPONSABILIDADE LIMITADA,PARTICIPANTE,2025-12-01,RJ
2026-07-08,2026-06-01,BCO FIBRA S.A. - PRUDENCIAL,Privado Nacional,6344-97-86,FIBRA GOLEM D360 FUNDO DE INVESTIMENTO EM COTAS DE FUNDOS DE INVESTIMENTO FINANCEIRO MULTIMERCADO CR,PARTICIPANTE,2025-12-01,SP
2026-07-08,2026-06-01,BCO FIBRA S.A. - PRUDENCIAL,Privado Nacional,6232-31-95,FIBRA RUBICON FUNDO DE INVESTIMENTO EM DIREITOS CREDITÓRIOS RESPONSABILIDADE LIMITADA,PARTICIPANTE,2026-02-28,
2026-07-08,2026-06-01,BCO GUANABARA S.A. - PRUDENCIAL,Privado Nacional,3188-08-26,BANCO GUANABARA S.A.,LIDER/HOLDING,2014-01-02,RJ
2026-07-08,2026-06-01,BCO GUANABARA S.A. - PRUDENCIAL,Privado Nacional,5741-21-95,BG PEGASO EMPREENDIMENTO IMOBILIARIO LTDA,PARTICIPANTE,2024-12-30,RJ
2026-07-08,2026-06-01,BCO GUANABARA S.A. - PRUDENCIAL,Privado Nacional,1493-89-74,BGI ADMINISTRADORA DE RECURSOS DE TERCEIROS LTDA.,PARTICIPANTE,2019-12-01,RJ
2026-07-08,2026-06-01,BCO SUMITOMO MITSUI BRASIL S.A. - PRUDENCIAL,Privado Nacional,6051-82-22,BANCO SUMITOMO MITSUI BRASILEIRO S.A.,LIDER/HOLDING,2014-01-02,SP
2026-07-08,2026-06-01,BCO SUMITOMO MITSUI BRASIL S.A. - PRUDENCIAL,Privado Nacional,,SMBCB OFFSHORE FUND I,PARTICIPANTE,2020-01-23,
2026-07-08,2026-06-01,BCO SUMITOMO MITSUI BRASIL S.A. - PRUDENCIAL,Privado Nacional,3428-65-06,SMBCB ONSHORE FIF MULTIMERCADO INVESTIMENTO NO EXTERIOR LONGO PRAZO - RESPONSABILIDADE LIMITADA,PARTICIPANTE,2019-12-12,RJ
2026-07-08,2026-06-01,BCO TOYOTA DO BRASIL S.A. - PRUDENCIAL,Privado Nacional,0321-57-90,BANCO TOYOTA DO BRASIL S.A.,LIDER/HOLDING,2014-01-02,SP
2026-07-08,2026-06-01,BCO TOYOTA DO BRASIL S.A. - PRUDENCIAL,Privado Nacional,4370-72-03,TOYOTA ADMINISTRADORA DE CONSÓRCIOS DO BRASIL LTDA.,PARTICIPANTE,2021-09-22,SP
2026-07-08,2026-06-01,BCO TRIANGULO S.A. - PRUDENCIAL,Privado Nacional,1735-11-80,BANCO TRIANGULO S.A.,LIDER/HOLDING,2014-01-02,MG
2026-07-08,2026-06-01,BCO TRIANGULO S.A. - PRUDENCIAL,Privado Nacional,0142-15-61,TRIANGULO PARTICIPACOES E SERVICOS LTDA,PARTICIPANTE,2026-04-07,MG
2026-07-08,2026-06-01,BCO TRIANGULO S.A. - PRUDENCIAL,Privado Nacional,2799-14-50,TRIPAG MEIOS DE PAGAMENTO LTDA,PARTICIPANTE,2018-04-30,MG
2026-07-08,2026-06-01,BD REGIONAL DO EXTREMO SUL - PRUDENCIAL,Público Federal,9281-65-60,BANCO REGIONAL DE DESENVOLVIMENTO DO EXTREMO SUL,LIDER/HOLDING,2014-01-02,RS
2026-07-08,2026-06-01,BD REGIONAL DO EXTREMO SUL - PRUDENCIAL,Público Federal,0569-88-39,BB POLO 27 FUNDO DE INVESTIMENTO RENDA FIXA LONGO PRAZO,PARTICIPANTE,2014-01-02,RJ
2026-07-08,2026-06-01,BECKER FINANCEIRA S.A. - CFI - PRUDENCIAL,Privado Nacional,2044-39-96,"BECKER FINANCEIRA S.A. - CRÉDITO, FINANCIAMENTO E INVESTIMENTO",LIDER,2015-04-01,RS
2026-07-08,2026-06-01,BECKER FINANCEIRA S.A. - CFI - PRUDENCIAL,Privado Nacional,0382-82-78,ADMINISTRADORA DE CONSÓRCIOS BECKER LTDA.,PARTICIPANTE,2025-01-31,RS
2026-07-08,2026-06-01,BMG - PRUDENCIAL,Privado Nacional,6118-66-80,BANCO BMG S.A.,LIDER/HOLDING,2014-01-02,SP
2026-07-08,2026-06-01,BMG - PRUDENCIAL,Privado Nacional,4226-53-17,ATACADO FUNDO DE INVESTIMENTO EM DIREITOS CREDITÓRIOS,PARTICIPANTE,2022-09-30,
2026-07-08,2026-06-01,BMG - PRUDENCIAL,Privado Nacional,5058-50-90,BANCO BMG CONSIGNADO S.A.,PARTICIPANTE,2014-01-02,SP
2026-07-08,2026-06-01,BMG - PRUDENCIAL,Privado Nacional,6242-19-79,BANCO BMG SOLUÇÕES FINANCEIRAS S.A.,PARTICIPANTE,2014-01-02,SP
2026-07-08,2026-06-01,BMG - PRUDENCIAL,Privado Nacional,3426-55-61,BMG LEASING S.A. ARRENDAMENTO MERCANTIL,PARTICIPANTE,2014-01-02,SP
2026-07-08,2026-06-01,BMG - PRUDENCIAL,Privado Nacional,0803-02-15,BMG S.A. DISTRIBUIDORA DE TÍTULOS E VALORES MOBILIÁRIOS,PARTICIPANTE,2014-01-02,SP
2026-07-08,2026-06-01,BMG - PRUDENCIAL,Privado Nacional,2713-78-79,COMPANHIA SECURITIZADORA DE CREDITOS FINANCEIROS CARTOES CONSIGNADOS I,PARTICIPANTE,2024-03-31,SP
2026-07-08,2026-06-01,BMG - PRUDENCIAL,Privado Nacional,3552-21-78,COMPANHIA SECURITIZADORA DE CREDITOS FINANCEIROS CARTOES CONSIGNADOS II,PARTICIPANTE,2021-04-30,SP
2026-07-08,2026-06-01,BMG - PRUDENCIAL,Privado Nacional,4678-36-77,RETAIL FUNDO DE INVESTIMENTO EM PARTICIPACOES MULTIESTRATEGIA,PARTICIPANTE,2022-10-31,SP
2026-07-08,2026-06-01,BMG - PRUDENCIAL,Privado Nacional,4350-86-34,ROMEU FUNDO DE INVESTIMENTO FINANCEIRO EM COTAS DE FUNDOS DE INVESTIMENTO MULTIMERCADO,PARTICIPANTE,2021-11-30,RJ
2026-07-08,2026-06-01,BMG - PRUDENCIAL,Privado Nacional,4373-71-17,VERT COMPANHIA SECURITIZADORA DE CREDITOS FINANCEIROS,PARTICIPANTE,2024-05-01,SP
2026-07-08,2026-06-01,BMP SCMEPP LTDA - PRUDENCIAL,Privado Nacional,1158-13-39,BMP SOCIEDADE DE CRÉDITO AO MICROEMPREENDEDOR E A EMPRESA DE PEQUENO PORTE LTDA.,LIDER/HOLDING,2014-01-02,SP
2026-07-08,2026-06-01,BMP SCMEPP LTDA - PRUDENCIAL,Privado Nacional,3433-77-07,BMP SOCIEDADE DE CRÉDITO DIRETO S.A,PARTICIPANTE,2019-06-07,SP
2026-07-08,2026-06-01,BMW - PRUDENCIAL,Privado Nacional com Controle Estrangeiro,0445-24-73,"BMW FINANCEIRA S.A. - CREDITO, FINANCIAMENTO E INVESTIMENTO",LIDER/HOLDING,2014-01-02,SP
2026-07-08,2026-06-01,BMW - PRUDENCIAL,Privado Nacional com Controle Estrangeiro,0291-50-38,BMW ACQUISITIONS LTDA.,PARTICIPANTE,2014-01-02,SP
2026-07-08,2026-06-01,BMW - PRUDENCIAL,Privado Nacional com Controle Estrangeiro,6087-29-83,BMW LEASING DO BRASIL S.A. - ARRENDAMENTO MERCANTIL,PARTICIPANTE,2014-01-02,SP
2026-07-08,2026-06-01,BNDES - PRUDENCIAL,Público Federal,3365-72-48,BANCO NACIONAL DE DESENVOLVIMENTO ECONOMICO E SOCIAL,LIDER/HOLDING,2014-01-02,RJ
2026-07-08,2026-06-01,BNDES - PRUDENCIAL,Público Federal,3366-05-64,AGENCIA ESPECIAL DE FINANCIAMENTO INDUSTRIAL FINAME,PARTICIPANTE,2020-07-01,RJ
2026-07-08,2026-06-01,BNDES - PRUDENCIAL,Público Federal,1031-94-29,BB GAIA FUNDO DE INVESTIMENTO FINANCEIRO RENDA FIXA RESPONSABILIDADE LIMITADA,PARTICIPANTE,2020-07-01,RJ
2026-07-08,2026-06-01,BNDES - PRUDENCIAL,Público Federal,1842-85-56,BB GAIA II FUNDO DE INVESTIMENTO EM COTAS DE FIF RF RESP LIMITADA,PARTICIPANTE,2020-09-30,RJ
2026-07-08,2026-06-01,BNDES - PRUDENCIAL,Público Federal,5168-17-97,BB GAIA III RENDA FIXA FUNDO DE INVESTIMENTO EM COTAS DE FIF RESPONSABILIDADE LIMITADA,PARTICIPANTE,2023-12-31,RJ
2026-07-08,2026-06-01,BNDES - PRUDENCIAL,Público Federal,0038-32-81,BNDES PARTICIPACOES SA BNDESPAR,PARTICIPANTE,2020-07-01,RJ
2026-07-08,2026-06-01,BNDES - PRUDENCIAL,Público Federal,0902-89-16,FUNDO DE INVESTIMENTO EM PARTICIPACOES CRIATEC CAPITAL SEMENTE - RESPONSABILIDADE LIMITADA,PARTICIPANTE,2025-07-31,SP
2026-07-08,2026-06-01,BNDES - PRUDENCIAL,Público Federal,1652-45-88,FUNDO DE INVESTIMENTO EM PARTICIPACOES FIMA MULTIESTRATEGIA RESP LIMITADA,PARTICIPANTE,2021-06-30,SP
2026-07-08,2026-06-01,BNDES - PRUDENCIAL,Público Federal,1354-95-62,FUNDO DE INVESTIMENTOS EM PARTICIPACOES MULTIESTRATEGIA NA AMAZONIA - RESPONSABILIDADE LIMITADA,PARTICIPANTE,2021-06-30,SP
2026-07-08,2026-06-01,BNP PARIBAS - PRUDENCIAL,Privado Nacional com Controle Estrangeiro,0152-23-68,BANCO BNP PARIBAS BRASIL S.A.,LIDER,2014-01-02,SP
2026-07-08,2026-06-01,BNP PARIBAS - PRUDENCIAL,Privado Nacional com Controle Estrangeiro,5997-19-67,BNP PARIBAS BRASIL DISTRIBUIDORA DE TÍTULOS E VALORES MOBILIÁRIOS LTDA,PARTICIPANTE,2026-03-02,SP
2026-07-08,2026-06-01,BNP PARIBAS - PRUDENCIAL,Privado Nacional com Controle Estrangeiro,0877-19-75,BNP PARIBAS PROPRIETÁRIO FI MULTIMERCADO CRÉDITO PRIVADO - INVESTIMENTO NO EXTERIOR,PARTICIPANTE,2014-01-02,
2026-07-08,2026-06-01,BNY MELLON - PRUDENCIAL,Privado Nacional com Controle Estrangeiro,4227-25-26,BNY MELLON BANCO S.A.,LIDER,2014-01-02,RJ
2026-07-08,2026-06-01,BNY MELLON - PRUDENCIAL,Privado Nacional com Controle Estrangeiro,0220-15-01,BNY MELLON SERVIÇOS FINANCEIROS DISTRIBUIDORA DE TÍTULOS E VALORES MOBILIÁRIOS S.A.,PARTICIPANTE,2014-01-02,RJ
2026-07-08,2026-06-01,BOCOM - PRUDENCIAL,Privado Nacional com Controle Estrangeiro,1511-43-66,BANCO BOCOM BBM S.A.,LIDER,2017-02-21,BA
2026-07-08,2026-06-01,BOCOM - PRUDENCIAL,Privado Nacional com Controle Estrangeiro,1521-31-50,BOCOM BBM CORRETORA DE CÂMBIO E VALORES MOBILIÁRIOS S.A.,PARTICIPANTE,2017-02-21,BA
2026-07-08,2026-06-01,BOCOM - PRUDENCIAL,Privado Nacional com Controle Estrangeiro,,HAITAN FUND,PARTICIPANTE,2018-03-01,
2026-07-08,2026-06-01,BOCOM - PRUDENCIAL,Privado Nacional com Controle Estrangeiro,2904-59-66,JIANG FIF - CI MULTIMERCADO CREDITO PRIVADO - RESP LIMITADA,PARTICIPANTE,2018-03-01,SP
2026-07-08,2026-06-01,BOCOM - PRUDENCIAL,Privado Nacional com Controle Estrangeiro,,TAI YANG FUND,PARTICIPANTE,2018-12-05,
2026-07-08,2026-06-01,BOCOM - PRUDENCIAL,Privado Nacional com Controle Estrangeiro,0890-11-79,THE SOUTHERN ATLANTIC INVESTMENTS LTD,PARTICIPANTE,2017-08-01,
2026-07-08,2026-06-01,BOFA MERRILL LYNCH - PRUDENCIAL,Privado Nacional com Controle Estrangeiro,6207-32-00,BANK OF AMERICA MERRILL LYNCH BANCO MÚLTIPLO S.A.,LIDER/HOLDING,2014-01-02,SP
2026-07-08,2026-06-01,BOFA MERRILL LYNCH - PRUDENCIAL,Privado Nacional com Controle Estrangeiro,0267-05-90,MERRILL LYNCH S.A. CORRETORA DE TÍTULOS E VALORES MOBILIÁRIOS,PARTICIPANTE,2014-01-02,SP
2026-07-08,2026-06-01,BR PARTNERS - PRUDENCIAL,Privado Nacional,1322-04-93,BR PARTNERS BANCO DE INVESTIMENTO S.A.,LIDER,2014-01-02,SP
2026-07-08,2026-06-01,BR PARTNERS - PRUDENCIAL,Privado Nacional,,BR PARTNERS CAPITAL,PARTICIPANTE,2020-08-17,
2026-07-08,2026-06-01,BR PARTNERS - PRUDENCIAL,Privado Nacional,1261-05-61,TOTAL FUNDO DE INVESTIMENTO MULTIMERCADO INVESTIMENTO NO EXTERIOR - CRÉDITO PRIVADO,PARTICIPANTE,2020-08-17,
2026-07-08,2026-06-01,BRADESCO - PRUDENCIAL,Privado Nacional,6074-69-48,BANCO BRADESCO S.A.,LIDER,2014-01-02,SP
2026-07-08,2026-06-01,BRADESCO - PRUDENCIAL,Privado Nacional,2276-00-51,ALPHA FIF RENDA FIXA REFERENCIADO DI CREDITO PRIVADO DE RESPONSABILIDADE LIMITADA,PARTICIPANTE,2017-05-31,SP
2026-07-08,2026-06-01,BRADESCO - PRUDENCIAL,Privado Nacional,0357-24-12,ALVORADA COMPANHIA SECURITIZADORA DE CREDITOS FINANCEIROS,PARTICIPANTE,2014-01-31,SP
2026-07-08,2026-06-01,BRADESCO - PRUDENCIAL,Privado Nacional,0233-59-40,ATLANTICA EMPREENDIMENTOS IMOBILIARIOS LTDA,PARTICIPANTE,2017-03-31,SP
2026-07-08,2026-06-01,BRADESCO - PRUDENCIAL,Privado Nacional,6055-31-76,B-INDEX ETF CONNECT CHINA AMC CHINEXT FUNDO DE INDICE - RESP LIMITADA,PARTICIPANTE,2025-09-30,SP
2026-07-08,2026-06-01,BRADESCO - PRUDENCIAL,Privado Nacional,6002-38-16,B-INDEX ETF CONNECT CHINA UNIVERSAL CSI 300 FUNDO DE INDICE - RESP LIMITADA,PARTICIPANTE,2025-09-30,SP
2026-07-08,2026-06-01,BRADESCO - PRUDENCIAL,Privado Nacional,0418-47-79,BANCO BRADESCARD S.A.,PARTICIPANTE,2014-01-02,SP
2026-07-08,2026-06-01,BRADESCO - PRUDENCIAL,Privado Nacional,0627-14-64,BANCO BRADESCO BBI S.A.,PARTICIPANTE,2014-01-02,SP
2026-07-08,2026-06-01,BRADESCO - PRUDENCIAL,Privado Nacional,3314-73-15,BANCO BRADESCO BERJ S.A.,PARTICIPANTE,2014-01-02,SP
2026-07-08,2026-06-01,BRADESCO - PRUDENCIAL,Privado Nacional,0720-79-96,BANCO BRADESCO FINANCIAMENTOS S.A.,PARTICIPANTE,2014-01-02,SP
2026-07-08,2026-06-01,BRADESCO - PRUDENCIAL,Privado Nacional,2709-80-60,BANCO DIGIO S.A.,PARTICIPANTE,2022-06-28,SP
2026-07-08,2026-06-01,BRADESCO - PRUDENCIAL,Privado Nacional,9188-49-81,BANCO JOHN DEERE S.A.,PARTICIPANTE,2025-02-28,SP
2026-07-08,2026-06-01,BRADESCO - PRUDENCIAL,Privado Nacional,3325-43-19,BANCO LOSANGO S.A. - BANCO MÚLTIPLO,PARTICIPANTE,2016-07-01,RJ
2026-07-08,2026-06-01,BRADESCO - PRUDENCIAL,Privado Nacional,6752-92-89,BANKPAR CONSULTORIA E SERVICOS LTDA.,PARTICIPANTE,2017-03-31,SP
2026-07-08,2026-06-01,BRADESCO - PRUDENCIAL,Privado Nacional,0729-94-80,BEC DISTRIBUIDORA DE TITULOS E VALORES MOBILIARIOS LTDA.,PARTICIPANTE,2014-01-02,SP
2026-07-08,2026-06-01,BRADESCO - PRUDENCIAL,Privado Nacional,0006-66-70,BEM - DISTRIBUIDORA DE TITULOS E VALORES MOBILIARIOS LTDA,PARTICIPANTE,2014-01-02,SP
2026-07-08,2026-06-01,BRADESCO - PRUDENCIAL,Privado Nacional,1501-17-19,BITZ INSTITUICAO DE PAGAMENTO S.A.,PARTICIPANTE,2020-02-29,SP
2026-07-08,2026-06-01,BRADESCO - PRUDENCIAL,Privado Nacional,5256-88-21,BRADESCO ADMINISTRADORA DE CONSÓRCIOS LTDA.,PARTICIPANTE,2014-01-02,SP
2026-07-08,2026-06-01,BRADESCO - PRUDENCIAL,Privado Nacional,4498-18-97,BRADESCO ALOCACAO SISTEMATICA BRASIL FI FINANCEIRO - CIC RF - RESP LIMITADA,PARTICIPANTE,2023-05-31,SP
2026-07-08,2026-06-01,BRADESCO - PRUDENCIAL,Privado Nacional,6343-82-45,BRADESCO AQUAMARINE INFRA ATIVO FIF - CIC RF INCENTIVADO DE INVESTIMENTO EM INFRA LP RESP LIMITADA,PARTICIPANTE,2025-10-31,SP
2026-07-08,2026-06-01,BRADESCO - PRUDENCIAL,Privado Nacional,6668-82-09,BRADESCO CA PORTFOLIO INTERNACIONAL FIF CI EM COTAS MULTIMERCADO RESP LIMITADA,PARTICIPANTE,2026-05-31,SP
2026-07-08,2026-06-01,BRADESCO - PRUDENCIAL,Privado Nacional,4430-22-38,BRADESCO CARTEIRA ARROJADA FIF - CIC DE CI MULT - RESP LIMITADA,PARTICIPANTE,2021-12-31,SP
2026-07-08,2026-06-01,BRADESCO - PRUDENCIAL,Privado Nacional,4430-22-83,BRADESCO CARTEIRA MODERADA FIF - CLASSE  DE INVESTIMENTO EM COTAS MULT - RESPONSABILIDADE LIMITADA,PARTICIPANTE,2021-12-31,SP
2026-07-08,2026-06-01,BRADESCO - PRUDENCIAL,Privado Nacional,2021-69-77,BRADESCO CDI MAIS FI FINANCEIRO - CI MULT CRED PRIV - RESP LIMITADA,PARTICIPANTE,2015-08-30,SP
2026-07-08,2026-06-01,BRADESCO - PRUDENCIAL,Privado Nacional,6394-95-58,BRADESCO CDI MAIS II FIF - CLASSE DE INVESTIMENTO MULTIMERCADO CREDITO PRIVADO - RESP LIMITADA,PARTICIPANTE,2025-12-31,SP
2026-07-08,2026-06-01,BRADESCO - PRUDENCIAL,Privado Nacional,2475-24-77,BRADESCO CONSERVATIVE FI FINANCEIRO - CI MULT - RESP LIMITADA,PARTICIPANTE,2024-07-31,SP
2026-07-08,2026-06-01,BRADESCO - PRUDENCIAL,Privado Nacional,6307-39-19,BRADESCO DANA FIF - CLASSE DE INVESTIMENTO MULTIMERCADO CREDITO PRIVADO - RESPONSABILIDADE LIMITADA,PARTICIPANTE,2026-01-31,SP
2026-07-08,2026-06-01,BRADESCO - PRUDENCIAL,Privado Nacional,4287-85-89,BRADESCO DANUBIO FIF - CLASSE DE INVESTIMENTO EM COTAS RENDA FIXA LONGO PRAZO - RESP  LIMITADA,PARTICIPANTE,2025-12-31,SP
2026-07-08,2026-06-01,BRADESCO - PRUDENCIAL,Privado Nacional,6587-35-65,BRADESCO EXPLORER EVOLUTION FIF - CLASSE DE INVESTIMENTO MULTIMERCADO RESP LIMITADA,PARTICIPANTE,2026-05-31,SP
2026-07-08,2026-06-01,BRADESCO - PRUDENCIAL,Privado Nacional,5053-10-46,BRADESCO FC DE FIF RF CRED PRIV BONDS CORPORATIVOS BRASIL BRL - RESP LIMITADA,PARTICIPANTE,2024-12-31,SP
2026-07-08,2026-06-01,BRADESCO - PRUDENCIAL,Privado Nacional,0522-24-48,BRADESCO FUNDO DE INVESTIMENTO EM COTAS DE FUNDOS DE INVESTIMENTO RENDA FIXA GALÁXIA,PARTICIPANTE,2014-01-31,SP
2026-07-08,2026-06-01,BRADESCO - PRUDENCIAL,Privado Nacional,0705-80-57,BRADESCO FUNDO DE INVESTIMENTO MULTIMERCADO CRÉDITO PRIVADO INVESTIMENTO NO EXTERIOR ANDRâMEDA,PARTICIPANTE,2014-01-31,SP
2026-07-08,2026-06-01,BRADESCO - PRUDENCIAL,Privado Nacional,0687-78-63,BRADESCO FUNDO DE INVESTIMENTO MULTIMERCADO PIONEIRO,PARTICIPANTE,2014-01-31,SP
2026-07-08,2026-06-01,BRADESCO - PRUDENCIAL,Privado Nacional,0484-16-51,BRADESCO FUNDO DE INVESTIMENTO REFERENCIADO DI PERFORMANCE,PARTICIPANTE,2014-01-31,SP
2026-07-08,2026-06-01,BRADESCO - PRUDENCIAL,Privado Nacional,0097-00-74,BRADESCO FUNDO DE INVESTIMENTO REFERENCIADO DI UNIÇO,PARTICIPANTE,2014-01-31,SP
2026-07-08,2026-06-01,BRADESCO - PRUDENCIAL,Privado Nacional,5099-14-21,BRADESCO HOLDING DE INVESTIMENTOS S.A.,PARTICIPANTE,2014-05-31,SP
2026-07-08,2026-06-01,BRADESCO - PRUDENCIAL,Privado Nacional,4427-37-76,BRADESCO IDKA IPCA 2 FI FINANCEIRO - CIC RF - RESP LIMITADA,PARTICIPANTE,2023-09-29,SP
2026-07-08,2026-06-01,BRADESCO - PRUDENCIAL,Privado Nacional,4917-31-11,BRADESCO IDKA IPCA 5 FI FINANCEIRO - CIC RF - RESP LIMITADA,PARTICIPANTE,2023-09-29,SP
2026-07-08,2026-06-01,BRADESCO - PRUDENCIAL,Privado Nacional,4917-67-65,BRADESCO IDKA PRE 5 FI FINANCEIRO - CIC RF - RESP LIMITADA,PARTICIPANTE,2024-09-30,SP
2026-07-08,2026-06-01,BRADESCO - PRUDENCIAL,Privado Nacional,4750-91-20,BRADESCO LEASING S.A. - ARRENDAMENTO MERCANTIL,PARTICIPANTE,2014-01-02,SP
2026-07-08,2026-06-01,BRADESCO - PRUDENCIAL,Privado Nacional,6095-60-73,BRADESCO MAN AHL SISTEMATICO GLOBAL INVESTIMENTO NO EXTERIOR BRL FIF - CIC MULT - RESP LIMITADA,PARTICIPANTE,2025-06-30,SP
2026-07-08,2026-06-01,BRADESCO - PRUDENCIAL,Privado Nacional,6006-00-70,BRADESCO MERCURIUS FIF - CIC MULTIMERCADO - RESPONSABILIDADE LIMITADA,PARTICIPANTE,2025-11-28,SP
2026-07-08,2026-06-01,BRADESCO - PRUDENCIAL,Privado Nacional,1501-13-36,BRADESCO PARTICIPACOES FINANCEIRAS SA,PARTICIPANTE,2025-04-30,SP
2026-07-08,2026-06-01,BRADESCO - PRUDENCIAL,Privado Nacional,6254-77-78,BRADESCO PORTFOLIO ESTRUTURADO FIF - CI MULTIMERCADO - RESPONSABILIDADE LIMITADA,PARTICIPANTE,2025-11-28,SP
2026-07-08,2026-06-01,BRADESCO - PRUDENCIAL,Privado Nacional,6278-76-64,BRADESCO PORTFOLIO INSTITUCIONAL FIF - CIC EM ACOES - RESPONSABILIDADE LIMITADA,PARTICIPANTE,2025-11-28,SP
2026-07-08,2026-06-01,BRADESCO - PRUDENCIAL,Privado Nacional,2021-63-11,BRADESCO RF GLOBAL FIF - CI MULTIMERCADO CREDITO PRIVADO - RESPONSABILIDADE LIMITADA,PARTICIPANTE,2015-10-31,SP
2026-07-08,2026-06-01,BRADESCO - PRUDENCIAL,Privado Nacional,2021-69-54,BRADESCO RFI FI FINANCEIRO - CI MULT CRED PRIV - RESP LIMITADA,PARTICIPANTE,2015-08-30,SP
2026-07-08,2026-06-01,BRADESCO - PRUDENCIAL,Privado Nacional,1058-12-20,BRADESCO RV - GLOBAL FI FINANCEIRO - CI MULT CRED PRIV - RESP LIMITADA,PARTICIPANTE,2015-01-31,SP
2026-07-08,2026-06-01,BRADESCO - PRUDENCIAL,Privado Nacional,1058-11-96,BRADESCO RV LOCAL FI FINANCEIRO - CI MULT CRED PRIV - RESP LIMITADA,PARTICIPANTE,2015-01-31,SP
2026-07-08,2026-06-01,BRADESCO - PRUDENCIAL,Privado Nacional,6185-50-45,BRADESCO S.A. CORRETORA DE TITULOS E VALORES MOBILIARIOS,PARTICIPANTE,2014-01-02,SP
2026-07-08,2026-06-01,BRADESCO - PRUDENCIAL,Privado Nacional,6453-70-19,BRADESCO SOBERANO INSTITUCIONAL FIF - CIC RENDA FIXA REFERENCIADO DI - RESPONSABILIDADE LIMITADA,PARTICIPANTE,2026-01-31,SP
2026-07-08,2026-06-01,BRADESCO - PRUDENCIAL,Privado Nacional,5449-69-27,BRADESCO TAMISA FIF - CLASSE  DE INVESTIMENTO EM COTAS MULTIMERCADO - RESPONSABILIDADE LIMITADA,PARTICIPANTE,2026-03-31,SP
2026-07-08,2026-06-01,BRADESCO - PRUDENCIAL,Privado Nacional,6521-80-33,BRADESCO VERTICE 2030 FIF - CLASSE DE INVESTIMENTO RENDA FIXA - RESP LIMITADA,PARTICIPANTE,2026-03-31,SP
2026-07-08,2026-06-01,BRADESCO - PRUDENCIAL,Privado Nacional,5822-92-46,BRADESCO-KIRTON CORRETORA DE CÂMBIO S.A.,PARTICIPANTE,2016-07-01,SP
2026-07-08,2026-06-01,BRADESCO - PRUDENCIAL,Privado Nacional,4287-85-56,BRAM DANUBIO FIF - CLASSE DE INVESTIMENTO RF LP - RESP LIMITADA,PARTICIPANTE,2024-11-29,SP
2026-07-08,2026-06-01,BRADESCO - PRUDENCIAL,Privado Nacional,4896-13-58,BRAM ENDURANCE FI FINANCEIRO - CI MULT - RESP LIMITADA,PARTICIPANTE,2025-09-30,SP
2026-07-08,2026-06-01,BRADESCO - PRUDENCIAL,Privado Nacional,,BRAM GLOBAL INVESTMENT FUND SPC - COVERAGE,PARTICIPANTE,2018-05-31,
2026-07-08,2026-06-01,BRADESCO - PRUDENCIAL,Privado Nacional,2901-12-66,BRAM IDKA IPCA 2 FI FINANCEIRO - CI RF - RESP LIMITADA,PARTICIPANTE,2026-03-31,SP
2026-07-08,2026-06-01,BRADESCO - PRUDENCIAL,Privado Nacional,6006-04-35,BRAM MERCURIUS FIF - CLASSE DE INVESTIMENTO MULT - RESP LIMITADA,PARTICIPANTE,2025-10-31,SP
2026-07-08,2026-06-01,BRADESCO - PRUDENCIAL,Privado Nacional,6414-60-55,CICLOS  IMOBILIARIOS FIF - CLASSE DE  INVESTIMENTO MULTIMERCADO CREDITO PRIVADO - RESP LIMITADA,PARTICIPANTE,2025-12-31,SP
2026-07-08,2026-06-01,BRADESCO - PRUDENCIAL,Privado Nacional,6496-49-67,CLASSE A DO BRADESCO SILVERBACK FIF - CI RF INCENTIVADO DE INVESTIMENTO EM INFRA - RESP LIMITADA,PARTICIPANTE,2026-04-30,SP
2026-07-08,2026-06-01,BRADESCO - PRUDENCIAL,Privado Nacional,0122-20-69,COMPANHIA SECURITIZADORA DE CREDITOS FINANCEIROS RUBI,PARTICIPANTE,2014-01-31,SP
2026-07-08,2026-06-01,BRADESCO - PRUDENCIAL,Privado Nacional,3831-57-24,CONEXAO VINLAND LONG BIAS FIF CLASSE DE INVESTIMENTO EM COTAS MULTIMERCADO - RESP LIMITADA,PARTICIPANTE,2020-09-30,SP
2026-07-08,2026-06-01,BRADESCO - PRUDENCIAL,Privado Nacional,5790-61-53,DAHLIA EQUITY HEDGE FUNDO DE INVESTIMENTO EM COTAS DE FIF MULTIMERCADO - RESPONSABILIDADE LIMITADA,PARTICIPANTE,2026-01-31,RJ
2026-07-08,2026-06-01,BRADESCO - PRUDENCIAL,Privado Nacional,6238-74-72,DIGGER FIDC - SEGMENTO DE RECEBÍVEIS COMERCIAIS - RESPONSABILIDADE LIMITADA,PARTICIPANTE,2025-10-31,
2026-07-08,2026-06-01,BRADESCO - PRUDENCIAL,Privado Nacional,1118-44-09,F II - FIF - CLASSE DE INVESTIMENTO RENDA FIXA CREDITO PRIVADO - RESP LIMITADA,PARTICIPANTE,2014-01-31,SP
2026-07-08,2026-06-01,BRADESCO - PRUDENCIAL,Privado Nacional,4348-98-24,FUNDO DE INVESTIMENTO EM DIREITOS CREDITÓRIOS COMPLEMENTAR  AUTO-FORD,PARTICIPANTE,2021-10-31,
2026-07-08,2026-06-01,BRADESCO - PRUDENCIAL,Privado Nacional,5895-20-85,FUNDO DE INVESTIMENTO FINANCEIRO RF SIMPLES BCSF - RESP LIMITADA,PARTICIPANTE,2025-02-28,SP
2026-07-08,2026-06-01,BRADESCO - PRUDENCIAL,Privado Nacional,1154-99-65,FUNDO DE INVESTIMENTO REFERENCIADO DI GJ,PARTICIPANTE,2016-06-30,SP
2026-07-08,2026-06-01,BRADESCO - PRUDENCIAL,Privado Nacional,3753-95-81,GJ BRA FI FINANCEIRO - CI RF REFERENCIADA DI - RESP LIMITADA,PARTICIPANTE,2020-07-31,SP
2026-07-08,2026-06-01,BRADESCO - PRUDENCIAL,Privado Nacional,1123-29-95,HSBC FICFI EM AÇåES IBOVESPA REGIMES DE PREVIDÒNCIA,PARTICIPANTE,2019-09-30,
2026-07-08,2026-06-01,BRADESCO - PRUDENCIAL,Privado Nacional,,HSBC PROCYON FUND LTD,PARTICIPANTE,2016-06-30,
2026-07-08,2026-06-01,BRADESCO - PRUDENCIAL,Privado Nacional,2889-37-34,IMMOB I FUNDO DE INVESTIMENTO IMOBILIARIO - FII,PARTICIPANTE,2018-04-30,SP
2026-07-08,2026-06-01,BRADESCO - PRUDENCIAL,Privado Nacional,3469-19-25,IMMOB III FUNDO DE INVESTIMENTO IMOBILIARIO - FII,PARTICIPANTE,2019-11-30,SP
2026-07-08,2026-06-01,BRADESCO - PRUDENCIAL,Privado Nacional,3837-68-05,IMMOB V DESENVOLVIMENTO FUNDO DE INVESTIMENTO IMOBILIARIO - FII,PARTICIPANTE,2020-10-30,SP
2026-07-08,2026-06-01,BRADESCO - PRUDENCIAL,Privado Nacional,6145-51-16,IMMOB VI FUNDO DE INVESTIMENTO IMOBILIARIO FII,PARTICIPANTE,2026-05-31,SP
2026-07-08,2026-06-01,BRADESCO - PRUDENCIAL,Privado Nacional,0915-43-83,ITAPEVA RECUPERACAO DE CREDITOS LTDA.,PARTICIPANTE,2019-06-30,SP
2026-07-08,2026-06-01,BRADESCO - PRUDENCIAL,Privado Nacional,0170-12-01,KIRTON BANK S.A. - BANCO MÚLTIPLO,PARTICIPANTE,2016-07-01,SP
2026-07-08,2026-06-01,BRADESCO - PRUDENCIAL,Privado Nacional,1437-02-83,LECCE HOLDINGS S.A.,PARTICIPANTE,2020-06-30,SP
2026-07-08,2026-06-01,BRADESCO - PRUDENCIAL,Privado Nacional,3103-12-74,NEXT FIF - CIC DE ACOES IBOVESPA - RESP LIMITADA,PARTICIPANTE,2019-06-30,SP
2026-07-08,2026-06-01,BRADESCO - PRUDENCIAL,Privado Nacional,6074-27-85,PRODHOS FIF - CLASSE DE INVESTIMENTO RENDA FIXA INCENTIVADO DE INVESTIMENTO EM INFRAESTRUTURA,PARTICIPANTE,2025-05-30,SP
2026-07-08,2026-06-01,BRADESCO - PRUDENCIAL,Privado Nacional,4715-48-49,PROPP I FUNDO DE INVESTIMENTO IMOBILIARIO - FII,PARTICIPANTE,2022-11-30,SP
2026-07-08,2026-06-01,BRADESCO - PRUDENCIAL,Privado Nacional,6111-24-77,PROPP II FUNDO DE INVESTIMENTO IMOBILIARIO - FII,PARTICIPANTE,2025-09-30,SP
2026-07-08,2026-06-01,BRADESCO - PRUDENCIAL,Privado Nacional,0882-33-01,RCB INVESTIMENTOS S.A.,PARTICIPANTE,2019-06-30,SP
2026-07-08,2026-06-01,BRADESCO - PRUDENCIAL,Privado Nacional,2378-22-91,RCB PORTFOLIOS LTDA.,PARTICIPANTE,2019-06-30,SP
2026-07-08,2026-06-01,BRADESCO - PRUDENCIAL,Privado Nacional,4047-34-35,REPASSES FINANCEIROS E SOLUCOES TECNOLOGICAS INSTITUICAO DE PAGAMENTO S.A.,PARTICIPANTE,2023-10-20,SP
2026-07-08,2026-06-01,BRADESCO - PRUDENCIAL,Privado Nacional,7271-22-01,SEREL PARTICIPACOES EM IMOVEIS S.A.,PARTICIPANTE,2017-03-31,SP
2026-07-08,2026-06-01,BRADESCO - PRUDENCIAL,Privado Nacional,4639-15-71,SHARP IBOVESPA ATIVO 30 FI FINANCEIRO EM COTAS DE FUNDOS DE INVESTIMENTO FINANCEIRO EM ACOES,PARTICIPANTE,2026-02-28,RJ
2026-07-08,2026-06-01,BRADESCO - PRUDENCIAL,Privado Nacional,5850-31-29,TEMPO SERVICOS LTDA.,PARTICIPANTE,2014-05-31,SP
2026-07-08,2026-06-01,BRADESCO - PRUDENCIAL,Privado Nacional,0338-47-38,TIVIO CAPITAL DISTRIBUIDORA DE TÍTULOS E VALORES MOBILIÁRIOS S.A.,PARTICIPANTE,2023-05-15,SP
2026-07-08,2026-06-01,BRADESCO - PRUDENCIAL,Privado Nacional,6666-69-74,TIVIO EXODUS FIF - CLASSE DE INVESTIMENTO MULTIMERCADO CREDITO PRIVADO - RESPONSABILIDADE LIMITADA,PARTICIPANTE,2026-05-31,SP
2026-07-08,2026-06-01,BRADESCO - PRUDENCIAL,Privado Nacional,6344-75-15,TIVIO GENESIS FIF - CLASSE DE INVESTIMENTO MULTIMERCADO CRED PRIV - RESPONSABILIDADE LIMITADA,PARTICIPANTE,2025-11-28,SP
2026-07-08,2026-06-01,BRADESCO - PRUDENCIAL,Privado Nacional,6279-17-56,TIVIO INSTITUCIONAL INCENTIVADO CDI 30 FIF - CIC RF REF DE INVESTIMENTO EM INFRA - RESP LIMITADA,PARTICIPANTE,2025-12-31,SP
2026-07-08,2026-06-01,BRADESCO - PRUDENCIAL,Privado Nacional,6276-99-23,TIVIO INSTITUCIONAL INCENTIVADO CDI MASTER FIF - CI RF REF DE INVESTIMENTO EM INFRA - RESP LIMITADA,PARTICIPANTE,2025-12-31,SP
2026-07-08,2026-06-01,BRADESCO - PRUDENCIAL,Privado Nacional,6535-93-39,TIVIO PREV MASTER FIF - CLASSE DE INVESTIMENTO MULTIMERCADO CREDITO PRIVADO - RESP LIMITADA,PARTICIPANTE,2026-03-31,SP
2026-07-08,2026-06-01,BRADESCO - PRUDENCIAL,Privado Nacional,7401-47-47,ÁGORA CORRETORA DE TITULOS E VALORES MOBILIARIOS S.A.,PARTICIPANTE,2014-01-02,SP
2026-07-08,2026-06-01,BRADESCO - PRUDENCIAL,Privado Nacional,1363-87-19,KARTRA PARTICIPACOES LTDA.,HOLDINGNÃOIF,2022-05-31,SP
2026-07-08,2026-06-01,BRB - PRUDENCIAL,Público Estadual,0000-02-08,BRB - BANCO DE BRASILIA S.A.,LIDER/HOLDING,2014-01-02,DF
2026-07-08,2026-06-01,BRB - PRUDENCIAL,Público Estadual,6044-15-96,AXIA FUNDO DE INVESTIMENTO EM PARTICIPACOES MULTIESTRATEGIA,PARTICIPANTE,2025-10-12,SP
2026-07-08,2026-06-01,BRB - PRUDENCIAL,Público Estadual,6039-95-96,BOULIAC FUNDO DE INVESTIMENTO EM PARTICIPACOES MULTIESTRATEGIA,PARTICIPANTE,2025-10-12,SP
2026-07-08,2026-06-01,BRB - PRUDENCIAL,Público Estadual,3313-68-88,"BRB - CREDITO, FINANCIAMENTO E INVESTIMENTO S/A",PARTICIPANTE,2014-01-02,DF
2026-07-08,2026-06-01,BRB - PRUDENCIAL,Público Estadual,3385-06-86,BRB - DISTRIBUIDORA DE TITULOS E VALORES MOBILIARIOS SA,PARTICIPANTE,2014-01-02,DF
2026-07-08,2026-06-01,BRB - PRUDENCIAL,Público Estadual,4805-42-26,BRB VENTURE CAPITAL FUNDO DE INVESTIMENTO EM PARTICIPACOES CAPITAL SEMENTE RESP LIMITADA,PARTICIPANTE,2023-09-30,DF
2026-07-08,2026-06-01,BRB - PRUDENCIAL,Público Estadual,5328-58-33,CARTAGO FUNDO DE INVESTIMENTO FINANCEIRO EM ACOES,PARTICIPANTE,2025-07-28,SP
2026-07-08,2026-06-01,BRB - PRUDENCIAL,Público Estadual,0198-41-99,CARTAO BRB S/A,PARTICIPANTE,2014-01-02,DF
2026-07-08,2026-06-01,BRB - PRUDENCIAL,Público Estadual,3228-78-11,CMX REALTY III FUNDO DE INVESTIMENTO IMOBILIARIO,PARTICIPANTE,2025-11-03,RJ
2026-07-08,2026-06-01,BRB - PRUDENCIAL,Público Estadual,3601-75-88,JEITTO FUNDO DE INVESTIMENTO EM DIREITOS CREDITÓRIOS,PARTICIPANTE,2025-07-10,
2026-07-08,2026-06-01,BRB - PRUDENCIAL,Público Estadual,5634-49-00,KYRA FUNDO DE INVESTIMENTO EM ACOES,PARTICIPANTE,2025-07-22,SP
2026-07-08,2026-06-01,BRB - PRUDENCIAL,Público Estadual,6158-37-24,LOTUS FUNDO DE INVESTIMENTO EM PARTICIPACOES MULTIESTRATEGIA,PARTICIPANTE,2025-11-05,SP
2026-07-08,2026-06-01,BRB - PRUDENCIAL,Público Estadual,4674-49-81,NAPLES FUNDO DE INVESTIMENTO MULTIMERCADO CREDITO PRIVADO,PARTICIPANTE,2025-07-24,DF
2026-07-08,2026-06-01,BRB - PRUDENCIAL,Público Estadual,5516-74-42,QUIRON FUNDO DE INVESTIMENTO EM PARTICIPACOES MULTIESTRATEGIA,PARTICIPANTE,2025-08-01,SP
2026-07-08,2026-06-01,BRB - PRUDENCIAL,Público Estadual,6218-41-73,SH II FUNDO DE INVESTIMENTO EM PARTICIPAÇÕES MULTIESTRATÉGIA,PARTICIPANTE,2025-09-30,
2026-07-08,2026-06-01,BRB - PRUDENCIAL,Público Estadual,5532-15-46,STRELITZIA FUNDO DE INVESTIMENTO EM PARTICIPACOES MULTIESTRATEGIA,PARTICIPANTE,2025-09-30,SP
2026-07-08,2026-06-01,BRB - PRUDENCIAL,Público Estadual,1407-47-06,SUPREME REALTY FUNDO DE INVESTIMENTO IMOBILIARIO - FII,PARTICIPANTE,2025-09-30,SP
2026-07-08,2026-06-01,BRB - PRUDENCIAL,Público Estadual,5516-74-91,TESSALIA FUNDO DE INVESTIMENTO EM PARTICIPACOES MULTIESTRATEGIA,PARTICIPANTE,2025-08-01,SP
2026-07-08,2026-06-01,BRB - PRUDENCIAL,Público Estadual,4358-48-00,TEXAS I FUNDO DE INVESTIMENTO EM ACOES,PARTICIPANTE,2025-07-24,SP
2026-07-08,2026-06-01,BRB - PRUDENCIAL,Público Estadual,5479-48-45,TREVI FUNDO DE INVESTIMENTO EM PARTICIPACOES MULTIESTRATEGIA,PARTICIPANTE,2025-09-30,SP
2026-07-08,2026-06-01,BRB - PRUDENCIAL,Público Estadual,6039-83-27,YVRAC FUNDO DE INVESTIMENTO EM PARTICIPACOES MULTIESTRATEGIA,PARTICIPANTE,2025-11-03,SP
2026-07-08,2026-06-01,BS2 - PRUDENCIAL,Privado Nacional,7102-78-66,BANCO BS2 S.A.,LIDER,2014-01-02,MG
2026-07-08,2026-06-01,BS2 - PRUDENCIAL,Privado Nacional,1892-83-97,ADIQPLUS INSTITUICAO DE PAGAMENTO LTDA,PARTICIPANTE,2020-10-01,SP
2026-07-08,2026-06-01,BS2 - PRUDENCIAL,Privado Nacional,2052-02-98,BS2 PAYMENTS INSTITUIÇÃO DE PAGAMENTO S.A.,PARTICIPANTE,2019-01-02,SP
2026-07-08,2026-06-01,BS2 - PRUDENCIAL,Privado Nacional,6491-95-62,BS2 PRECATÓRIOS FUNDO DE INVESTIMENTO EM DIREITOS CREDITÓRIOS,PARTICIPANTE,2026-04-30,
2026-07-08,2026-06-01,BS2 - PRUDENCIAL,Privado Nacional,2922-67-04,OPERA FUNDO DE INVESTIMENTO EM DIREITOS CREDITÓRIOS MULTISETORIAL,PARTICIPANTE,2025-06-30,
2026-07-08,2026-06-01,BTG PACTUAL - PRUDENCIAL,Privado Nacional com Participação Estrangeira,3030-62-94,BANCO BTG PACTUAL S.A.,LIDER/HOLDING,2014-01-02,RJ
2026-07-08,2026-06-01,BTG PACTUAL - PRUDENCIAL,Privado Nacional com Participação Estrangeira,,BOREAS - SERIES B,PARTICIPANTE,2024-08-01,
2026-07-08,2026-06-01,BTG PACTUAL - PRUDENCIAL,Privado Nacional com Participação Estrangeira,4190-75-41,ACCESS SPRINGS BLADE TOTAL FI FINANCEIRO EM COTAS DE FUNDOS DE INVESTIMENTO MULTIMERCADO,PARTICIPANTE,2021-11-30,RJ
2026-07-08,2026-06-01,BTG PACTUAL - PRUDENCIAL,Privado Nacional com Participação Estrangeira,,APOLLO BTGP BOREAS DEPOSITOR L.P.,PARTICIPANTE,2026-02-01,
2026-07-08,2026-06-01,BTG PACTUAL - PRUDENCIAL,Privado Nacional com Participação Estrangeira,6277-29-90,ATENA CREDITO ESTRUTURADO FUNDO DE INVESTIMENTO FINANCEIRO RENDA FIXA,PARTICIPANTE,2026-04-01,RJ
2026-07-08,2026-06-01,BTG PACTUAL - PRUDENCIAL,Privado Nacional com Participação Estrangeira,4999-93-07,ATIVOS ESTRATÉGICOS LOCAIS FUNDO DE INVESTIMENTO EM DIREITOS CREDITÓRIOS,PARTICIPANTE,2025-01-01,
2026-07-08,2026-06-01,BTG PACTUAL - PRUDENCIAL,Privado Nacional com Participação Estrangeira,0376-75-38,B.SEC COMPANHIA DE SECURITIZACAO,PARTICIPANTE,2021-06-03,SP
2026-07-08,2026-06-01,BTG PACTUAL - PRUDENCIAL,Privado Nacional com Participação Estrangeira,1512-44-64,BANCO BESA S.A.,PARTICIPANTE,2022-10-05,SP
2026-07-08,2026-06-01,BTG PACTUAL - PRUDENCIAL,Privado Nacional com Participação Estrangeira,3322-22-41,BANCO NACIONAL DE INVESTIMENTOS S.A.,PARTICIPANTE,2024-08-14,RJ
2026-07-08,2026-06-01,BTG PACTUAL - PRUDENCIAL,Privado Nacional com Participação Estrangeira,1715-77-77,BANCO NACIONAL S.A.,PARTICIPANTE,2024-08-14,RJ
2026-07-08,2026-06-01,BTG PACTUAL - PRUDENCIAL,Privado Nacional com Participação Estrangeira,5928-54-11,BANCO PAN S.A.,PARTICIPANTE,2021-06-03,SP
2026-07-08,2026-06-01,BTG PACTUAL - PRUDENCIAL,Privado Nacional com Participação Estrangeira,7654-31-15,BANCO SISTEMA S.A.,PARTICIPANTE,2014-12-16,PR
2026-07-08,2026-06-01,BTG PACTUAL - PRUDENCIAL,Privado Nacional com Participação Estrangeira,6096-52-62,BLACKHAWK EMERGING MARKETS FUNDO DE INVESTIMENTO FINANCEIRO  MULTIMERCADO,PARTICIPANTE,2025-05-01,RJ
2026-07-08,2026-06-01,BTG PACTUAL - PRUDENCIAL,Privado Nacional com Participação Estrangeira,,BONA FIDE COLOMBIA,PARTICIPANTE,2024-01-01,
2026-07-08,2026-06-01,BTG PACTUAL - PRUDENCIAL,Privado Nacional com Participação Estrangeira,,BOREAS - SERIES A,PARTICIPANTE,2024-06-01,
2026-07-08,2026-06-01,BTG PACTUAL - PRUDENCIAL,Privado Nacional com Participação Estrangeira,,BOREAS - SERIES C,PARTICIPANTE,2024-06-01,
2026-07-08,2026-06-01,BTG PACTUAL - PRUDENCIAL,Privado Nacional com Participação Estrangeira,,BOREAS - SERIES D,PARTICIPANTE,2025-12-01,
2026-07-08,2026-06-01,BTG PACTUAL - PRUDENCIAL,Privado Nacional com Participação Estrangeira,4273-06-56,BTG CLAVE ALPHA MACRO III FUNDO DE INVESTIMENTO FINANCEIRO EM COTAS DE FI MULTIMERCADO,PARTICIPANTE,2021-09-30,RJ
2026-07-08,2026-06-01,BTG PACTUAL - PRUDENCIAL,Privado Nacional com Participação Estrangeira,4372-17-13,BTG CONSÓRCIOS FUNDO DE INVESTIMENTO EM DIREITOS CREDITÓRIOS II,PARTICIPANTE,2021-12-31,
2026-07-08,2026-06-01,BTG PACTUAL - PRUDENCIAL,Privado Nacional com Participação Estrangeira,5552-15-94,BTG EMPRESAS FUNDO DE INVESTIMENTO EM DIREITOS CREDITÓRIOS,PARTICIPANTE,2024-11-01,
2026-07-08,2026-06-01,BTG PACTUAL - PRUDENCIAL,Privado Nacional com Participação Estrangeira,,BTG LOAN SPC STRUCTERED,PARTICIPANTE,2026-05-01,
2026-07-08,2026-06-01,BTG PACTUAL - PRUDENCIAL,Privado Nacional com Participação Estrangeira,3829-40-86,BTG PACTUAL AAA CORPORATE OFFICE FUND FUNDO DE INVESTIMENTO IMOBILIARIO RESPONSABILIDADE LIMITADA,PARTICIPANTE,2021-01-31,RJ
2026-07-08,2026-06-01,BTG PACTUAL - PRUDENCIAL,Privado Nacional com Participação Estrangeira,,BTG PACTUAL ABSOLUTE RETURN MASTER FUND LP,PARTICIPANTE,2015-12-31,
2026-07-08,2026-06-01,BTG PACTUAL - PRUDENCIAL,Privado Nacional com Participação Estrangeira,2965-00-82,BTG PACTUAL ASSET MANAGEMENT S.A. DISTRIBUIDORA DE TÍTULOS E VALORES MOBILIÁRIOS,PARTICIPANTE,2014-01-02,RJ
2026-07-08,2026-06-01,BTG PACTUAL - PRUDENCIAL,Privado Nacional com Participação Estrangeira,,BTG PACTUAL BANCORP LLC,PARTICIPANTE,2025-12-01,
2026-07-08,2026-06-01,BTG PACTUAL - PRUDENCIAL,Privado Nacional com Participação Estrangeira,5846-04-39,BTG PACTUAL BDR INSTITUCIONAL FUNDO DE INVESTIMENTO FINANCEIRO,PARTICIPANTE,2025-01-01,RJ
2026-07-08,2026-06-01,BTG PACTUAL - PRUDENCIAL,Privado Nacional com Participação Estrangeira,,BTG PACTUAL CHILE S.A.,PARTICIPANTE,2019-03-31,
2026-07-08,2026-06-01,BTG PACTUAL - PRUDENCIAL,Privado Nacional com Participação Estrangeira,,BTG PACTUAL CHILE SPA,PARTICIPANTE,2019-03-31,
2026-07-08,2026-06-01,BTG PACTUAL - PRUDENCIAL,Privado Nacional com Participação Estrangeira,5090-63-97,BTG PACTUAL CONSIGNADOS FUNDO DE INVESTIMENTO EM DIREITOS CREDITÓRIOS,PARTICIPANTE,2023-06-01,
2026-07-08,2026-06-01,BTG PACTUAL - PRUDENCIAL,Privado Nacional com Participação Estrangeira,5224-24-20,BTG PACTUAL CONSIGNADOS II FUNDO DE INVESTIMENTO EM DIREITOS  CREDITÓRIOS,PARTICIPANTE,2023-09-01,
2026-07-08,2026-06-01,BTG PACTUAL - PRUDENCIAL,Privado Nacional com Participação Estrangeira,4381-51-58,BTG PACTUAL CORRETORA DE TÍTULOS E VALORES MOBILIÁRIOS S.A.,PARTICIPANTE,2014-01-02,SP
2026-07-08,2026-06-01,BTG PACTUAL - PRUDENCIAL,Privado Nacional com Participação Estrangeira,6498-94-96,BTG PACTUAL E2 FUNDO DE INVESTIMENTO FINANCEIRO MULTIMERCADO,PARTICIPANTE,2026-02-01,RJ
2026-07-08,2026-06-01,BTG PACTUAL - PRUDENCIAL,Privado Nacional com Participação Estrangeira,6473-08-55,BTG PACTUAL E3 FUNDO DE INVESTIMENTO FINANCEIRO MULTIMERCADO,PARTICIPANTE,2026-01-01,RJ
2026-07-08,2026-06-01,BTG PACTUAL - PRUDENCIAL,Privado Nacional com Participação Estrangeira,5717-67-26,BTG PACTUAL EMPRESAS FUNDO DE INVESTIMENTO RENDA FIXA,PARTICIPANTE,2024-09-01,RJ
2026-07-08,2026-06-01,BTG PACTUAL - PRUDENCIAL,Privado Nacional com Participação Estrangeira,4840-09-08,BTG PACTUAL ENERGIA S.A.,PARTICIPANTE,2023-07-01,SP
2026-07-08,2026-06-01,BTG PACTUAL - PRUDENCIAL,Privado Nacional com Participação Estrangeira,6402-69-57,BTG PACTUAL FOCUS FUNDO DE INVESTIMENTO FINANCEIRO MULTIMERCADO,PARTICIPANTE,2025-12-01,RJ
2026-07-08,2026-06-01,BTG PACTUAL - PRUDENCIAL,Privado Nacional com Participação Estrangeira,,"BTG PACTUAL FONDO ALFA CONCENTRADO, S.A. DE C.V",PARTICIPANTE,2019-03-31,
2026-07-08,2026-06-01,BTG PACTUAL - PRUDENCIAL,Privado Nacional com Participação Estrangeira,6498-34-42,BTG PACTUAL FUSION FUNDO DE INVESTIMENTO FINANCEIRO MULTIMERCADO,PARTICIPANTE,2026-04-01,RJ
2026-07-08,2026-06-01,BTG PACTUAL - PRUDENCIAL,Privado Nacional com Participação Estrangeira,,BTG PACTUAL GLOBAL FUND LP,PARTICIPANTE,2015-01-31,
2026-07-08,2026-06-01,BTG PACTUAL - PRUDENCIAL,Privado Nacional com Participação Estrangeira,1255-22-09,BTG PACTUAL HOLDING INTERNACIONAL S A,PARTICIPANTE,2019-03-31,RJ
2026-07-08,2026-06-01,BTG PACTUAL - PRUDENCIAL,Privado Nacional com Participação Estrangeira,3564-07-41,BTG PACTUAL INFRAESTRUTURA DIVIDENDOS FIP EM INFRAESTRUTURA RESPONSABILIDADE LIMITADA,PARTICIPANTE,2026-05-01,RJ
2026-07-08,2026-06-01,BTG PACTUAL - PRUDENCIAL,Privado Nacional com Participação Estrangeira,6340-29-59,BTG PACTUAL INT LO FUNDO DE INVESTIMENTO FINANCEIRO EM ACOES,PARTICIPANTE,2026-01-01,RJ
2026-07-08,2026-06-01,BTG PACTUAL - PRUDENCIAL,Privado Nacional com Participação Estrangeira,,BTG PACTUAL INTERNATIONAL PORT FUND SPC - SP I,PARTICIPANTE,2020-12-30,
2026-07-08,2026-06-01,BTG PACTUAL - PRUDENCIAL,Privado Nacional com Participação Estrangeira,,BTG PACTUAL INTERNATIONAL PORTFOLIO FUND SPC CLASS C,PARTICIPANTE,2015-01-31,
2026-07-08,2026-06-01,BTG PACTUAL - PRUDENCIAL,Privado Nacional com Participação Estrangeira,5614-17-98,BTG PACTUAL LONG TERM FUNDO DE INVESTIMENTO EM ACOES,PARTICIPANTE,2024-11-01,RJ
2026-07-08,2026-06-01,BTG PACTUAL - PRUDENCIAL,Privado Nacional com Participação Estrangeira,5615-00-32,BTG PACTUAL LONG TERM FUNDO DE INVESTIMENTO EM COTAS DE FUNDOS DE INVESTIMENTO EM ACOES,PARTICIPANTE,2024-11-01,RJ
2026-07-08,2026-06-01,BTG PACTUAL - PRUDENCIAL,Privado Nacional com Participação Estrangeira,,BTG PACTUAL LONGHORN HOLDINGS LP,PARTICIPANTE,2024-07-01,
2026-07-08,2026-06-01,BTG PACTUAL - PRUDENCIAL,Privado Nacional com Participação Estrangeira,,BTG PACTUAL NOTUS CREDIT FUND L.P.,PARTICIPANTE,2024-03-01,
2026-07-08,2026-06-01,BTG PACTUAL - PRUDENCIAL,Privado Nacional com Participação Estrangeira,2384-89-57,BTG PACTUAL RED FIP - MULTIESTRATEGIA INVESTIMENTO NO EXTERIOR RESPONSABILIDADE LIMITADA,PARTICIPANTE,2017-11-30,RJ
2026-07-08,2026-06-01,BTG PACTUAL - PRUDENCIAL,Privado Nacional com Participação Estrangeira,5928-12-53,BTG PACTUAL SERVIÇOS FINANCEIROS S.A. DISTRIBUIDORA DE TÍTULOS E VALORES MOBILIÁRIOS,PARTICIPANTE,2014-01-02,RJ
2026-07-08,2026-06-01,BTG PACTUAL - PRUDENCIAL,Privado Nacional com Participação Estrangeira,5787-96-10,BTG PACTUAL SMART OPPORTUNITIES FUNDO DE INVESTIMENTO FINANCEIRO,PARTICIPANTE,2024-11-01,RJ
2026-07-08,2026-06-01,BTG PACTUAL - PRUDENCIAL,Privado Nacional com Participação Estrangeira,4268-22-81,BTG PACTUAL SMLL B3 FUNDO DE INDICE,PARTICIPANTE,2024-12-01,RJ
2026-07-08,2026-06-01,BTG PACTUAL - PRUDENCIAL,Privado Nacional com Participação Estrangeira,,BTG PACTUAL SOLUCIONES Y SERVICIOS S.A.S.,PARTICIPANTE,2019-08-31,
2026-07-08,2026-06-01,BTG PACTUAL - PRUDENCIAL,Privado Nacional com Participação Estrangeira,,"BTG PACTUAL STRATEGIC CAPITAL FUND A, L.P",PARTICIPANTE,2021-03-31,
2026-07-08,2026-06-01,BTG PACTUAL - PRUDENCIAL,Privado Nacional com Participação Estrangeira,,BTG PACTUAL STRUCTURED CREDIT OPPORTUNITY FUND,PARTICIPANTE,2026-02-01,
2026-07-08,2026-06-01,BTG PACTUAL - PRUDENCIAL,Privado Nacional com Participação Estrangeira,6001-58-97,BTG PACTUAL SYNERGY LONG BIAS FUNDO DE INVESTIMENTO FINANCEIRO EM ACOES,PARTICIPANTE,2025-03-01,RJ
2026-07-08,2026-06-01,BTG PACTUAL - PRUDENCIAL,Privado Nacional com Participação Estrangeira,6001-83-34,BTG PACTUAL SYNERGY LONG ONLY FUNDO DE INVESTIMENTO FINANCEIRO EM ACOES,PARTICIPANTE,2025-03-01,RJ
2026-07-08,2026-06-01,BTG PACTUAL - PRUDENCIAL,Privado Nacional com Participação Estrangeira,6341-48-77,BTG PACTUAL SYNERGY LONG ONLY PREVIDENCIA FIFE FUNDO DE INVESTIMENTO FINANCEIRO EM ACOES,PARTICIPANTE,2025-10-01,RJ
2026-07-08,2026-06-01,BTG PACTUAL - PRUDENCIAL,Privado Nacional com Participação Estrangeira,6227-88-36,BTG PACTUAL TEVA ETHEREUM FUNDO DE INDICE,PARTICIPANTE,2026-01-01,RJ
2026-07-08,2026-06-01,BTG PACTUAL - PRUDENCIAL,Privado Nacional com Participação Estrangeira,5190-96-97,BTG PACTUAL TOTAL FUNDO DE INVESTIMENTO FINANCEIRO EM COTAS DE FI FINANCEIRO MULTIMERCADO,PARTICIPANTE,2023-08-01,RJ
2026-07-08,2026-06-01,BTG PACTUAL - PRUDENCIAL,Privado Nacional com Participação Estrangeira,5190-27-82,BTG PACTUAL TOTAL FUNDO DE INVESTIMENTO MULTIMERCADO,PARTICIPANTE,2023-09-01,RJ
2026-07-08,2026-06-01,BTG PACTUAL - PRUDENCIAL,Privado Nacional com Participação Estrangeira,6415-61-54,BTG PACTUAL TOTAL MACRO FUNDO DE INVESTIMENTO FINANCEIRO MULTIMERCADO,PARTICIPANTE,2025-12-01,RJ
2026-07-08,2026-06-01,BTG PACTUAL - PRUDENCIAL,Privado Nacional com Participação Estrangeira,,BTG PACTUAL US DIRECT LENDING LP,PARTICIPANTE,2025-08-01,
2026-07-08,2026-06-01,BTG PACTUAL - PRUDENCIAL,Privado Nacional com Participação Estrangeira,,BTG PACTUAL US PRIVATE CREDIT INVESTIMENTS LP,PARTICIPANTE,2024-04-01,
2026-07-08,2026-06-01,BTG PACTUAL - PRUDENCIAL,Privado Nacional com Participação Estrangeira,6339-91-83,BTG PACTUAL VOLT FUNDO DE INVESTIMENTO FINANCEIRO MULTIMERCADO,PARTICIPANTE,2025-10-01,RJ
2026-07-08,2026-06-01,BTG PACTUAL - PRUDENCIAL,Privado Nacional com Participação Estrangeira,,"BTG PACTUAL, S.A. DE C.V., SOFOM, E.N.R.",PARTICIPANTE,2023-05-01,
2026-07-08,2026-06-01,BTG PACTUAL - PRUDENCIAL,Privado Nacional com Participação Estrangeira,1412-05-33,CAIXA ETF IBOVESPA FUNDO DE INDICE - RESPONSABILIDADE LIMITADA,PARTICIPANTE,2025-11-01,DF
2026-07-08,2026-06-01,BTG PACTUAL - PRUDENCIAL,Privado Nacional com Participação Estrangeira,5157-14-23,CALPINE II PRE FUNDO DE INVESTIMENTO FINANCEIRO RENDA FIXA,PARTICIPANTE,2023-08-01,RJ
2026-07-08,2026-06-01,BTG PACTUAL - PRUDENCIAL,Privado Nacional com Participação Estrangeira,5128-67-60,CALPINE PRE FUNDO DE INVESTIMENTO FINANCEIRO RENDA FIXA,PARTICIPANTE,2023-07-01,RJ
2026-07-08,2026-06-01,BTG PACTUAL - PRUDENCIAL,Privado Nacional com Participação Estrangeira,4301-08-44,CANUMA CAPITAL MULTIESTRATEGIA FUNDO DE INVESTIMENTO IMOBILIARIO RESPONSABILIDADE LIMITADA,PARTICIPANTE,2022-12-01,RJ
2026-07-08,2026-06-01,BTG PACTUAL - PRUDENCIAL,Privado Nacional com Participação Estrangeira,5271-38-82,CANUMA CAPITAL RENDA VAREJO FUNDO DE INVESTIMENTO IMOBILIARIO RESPONSABILIDADE LIMITADA,PARTICIPANTE,2026-02-01,RJ
2026-07-08,2026-06-01,BTG PACTUAL - PRUDENCIAL,Privado Nacional com Participação Estrangeira,4447-98-60,CANUMA CAPITAL USA REITS DOLAR FI FINANCEIRO EM COTAS DE FUNDOS DE INVESTIMENTO EM ACOES,PARTICIPANTE,2021-12-31,RJ
2026-07-08,2026-06-01,BTG PACTUAL - PRUDENCIAL,Privado Nacional com Participação Estrangeira,4441-71-89,CANUMA CAPITAL USA REITS DOLAR MASTER FUNDO DE INVESTIMENTO FINANCEIRO EM ACOES,PARTICIPANTE,2022-01-31,RJ
2026-07-08,2026-06-01,BTG PACTUAL - PRUDENCIAL,Privado Nacional com Participação Estrangeira,4451-56-10,CANUMA CAPITAL USA REITS EM REAIS FUNDO DE INVESTIMENTO FINANCEIRO EM ACOES,PARTICIPANTE,2022-01-31,RJ
2026-07-08,2026-06-01,BTG PACTUAL - PRUDENCIAL,Privado Nacional com Participação Estrangeira,5825-61-26,CETERI - FUNDO DE INVESTIMENTO FINANCEIRO MULTIMERCADO --- CREDITO PRIVADO,PARTICIPANTE,2024-11-01,RJ
2026-07-08,2026-06-01,BTG PACTUAL - PRUDENCIAL,Privado Nacional com Participação Estrangeira,5372-61-08,CL VI FUNDO DE INVESTIMENTO MULTIMERCADO,PARTICIPANTE,2026-05-01,RJ
2026-07-08,2026-06-01,BTG PACTUAL - PRUDENCIAL,Privado Nacional com Participação Estrangeira,5498-07-46,CL VII FUNDO DE INVESTIMENTO MULTIMERCADO,PARTICIPANTE,2026-05-01,RJ
2026-07-08,2026-06-01,BTG PACTUAL - PRUDENCIAL,Privado Nacional com Participação Estrangeira,5532-81-25,COE 1 PRE FUNDO DE INVESTIMENTO RENDA FIXA,PARTICIPANTE,2024-07-01,RJ
2026-07-08,2026-06-01,BTG PACTUAL - PRUDENCIAL,Privado Nacional com Participação Estrangeira,5950-35-60,COE 10 FUNDO DE INVESTIMENTO FINANCEIRO RENDA,PARTICIPANTE,2025-02-01,RJ
2026-07-08,2026-06-01,BTG PACTUAL - PRUDENCIAL,Privado Nacional com Participação Estrangeira,5950-38-16,COE 11 FUNDO DE INVESTIMENTO FINANCEIRO RENDA FIXA,PARTICIPANTE,2025-02-01,RJ
2026-07-08,2026-06-01,BTG PACTUAL - PRUDENCIAL,Privado Nacional com Participação Estrangeira,5982-64-96,COE 12 FUNDO DE INVESTIMENTO FINANCEIRO RENDA FIXA,PARTICIPANTE,2025-03-01,RJ
2026-07-08,2026-06-01,BTG PACTUAL - PRUDENCIAL,Privado Nacional com Participação Estrangeira,5982-58-58,COE 13 FUNDO DE INVESTIMENTO FINANCEIRO RENDA FIXA,PARTICIPANTE,2025-03-01,RJ
2026-07-08,2026-06-01,BTG PACTUAL - PRUDENCIAL,Privado Nacional com Participação Estrangeira,5994-88-31,COE 14 FUNDO DE INVESTIMENTO FINANCEIRO RENDA FIXA,PARTICIPANTE,2025-03-01,RJ
2026-07-08,2026-06-01,BTG PACTUAL - PRUDENCIAL,Privado Nacional com Participação Estrangeira,5718-61-83,COE 6 FUNDO DE INVESTIMENTO FINANCEIRO RENDA FIXA,PARTICIPANTE,2024-10-01,RJ
2026-07-08,2026-06-01,BTG PACTUAL - PRUDENCIAL,Privado Nacional com Participação Estrangeira,5755-26-11,COE 7 FUNDO DE INVESTIMENTO FINANCEIRO RENDA FIXA,PARTICIPANTE,2024-10-01,RJ
2026-07-08,2026-06-01,BTG PACTUAL - PRUDENCIAL,Privado Nacional com Participação Estrangeira,5876-94-82,COE 8 FUNDO DE INVESTIMENTO FINANCEIRO RENDA FIXA,PARTICIPANTE,2025-01-01,RJ
2026-07-08,2026-06-01,BTG PACTUAL - PRUDENCIAL,Privado Nacional com Participação Estrangeira,5920-20-37,COE 9 FUNDO DE INVESTIMENTO FINANCEIRO RENDA FIXA,PARTICIPANTE,2025-02-01,RJ
2026-07-08,2026-06-01,BTG PACTUAL - PRUDENCIAL,Privado Nacional com Participação Estrangeira,5563-56-63,COE2 PRE FUNDO DE INVESTIMENTO RENDA FIXA,PARTICIPANTE,2024-07-01,RJ
2026-07-08,2026-06-01,BTG PACTUAL - PRUDENCIAL,Privado Nacional com Participação Estrangeira,5563-56-40,COE3 PRE FUNDO DE INVESTIMENTO RENDA FIXA,PARTICIPANTE,2024-07-01,RJ
2026-07-08,2026-06-01,BTG PACTUAL - PRUDENCIAL,Privado Nacional com Participação Estrangeira,5617-63-52,COE4 PRE FUNDO DE INVESTIMENTO RENDA FIXA,PARTICIPANTE,2024-08-01,RJ
2026-07-08,2026-06-01,BTG PACTUAL - PRUDENCIAL,Privado Nacional com Participação Estrangeira,5695-74-19,COE5 FUNDO DE INVESTIMENTO FINANCEIRO RENDA FIXA,PARTICIPANTE,2024-08-01,RJ
2026-07-08,2026-06-01,BTG PACTUAL - PRUDENCIAL,Privado Nacional com Participação Estrangeira,5487-14-27,CONSIGNADO DELTA RECEIVABLES I FUNDO DE INVESTIMENTO EM DIREITOS CREDITÓRIOS,PARTICIPANTE,2024-05-01,
2026-07-08,2026-06-01,BTG PACTUAL - PRUDENCIAL,Privado Nacional com Participação Estrangeira,6076-27-02,CP LS III FUNDO DE INVESTIMENTO FINANCEIRO MULTIMERCADO,PARTICIPANTE,2025-09-01,RJ
2026-07-08,2026-06-01,BTG PACTUAL - PRUDENCIAL,Privado Nacional com Participação Estrangeira,6467-93-63,CP LS IV FUNDO DE INVESTIMENTO FINANCEIRO MULTIMERCADO,PARTICIPANTE,2026-01-01,RJ
2026-07-08,2026-06-01,BTG PACTUAL - PRUDENCIAL,Privado Nacional com Participação Estrangeira,,ENGELHART CTP GNO (SWITZERLAND) SA,PARTICIPANTE,2021-12-01,
2026-07-08,2026-06-01,BTG PACTUAL - PRUDENCIAL,Privado Nacional com Participação Estrangeira,,ENGELHART CTP GROUP S.A.,PARTICIPANTE,2022-02-01,
2026-07-08,2026-06-01,BTG PACTUAL - PRUDENCIAL,Privado Nacional com Participação Estrangeira,6079-91-83,EXES CREDITO DIRETO II FUNDO DE INVESTIMENTO FINANCEIRO MULTIMERCADO,PARTICIPANTE,2025-05-01,RJ
2026-07-08,2026-06-01,BTG PACTUAL - PRUDENCIAL,Privado Nacional com Participação Estrangeira,,FCP STATUM COMPARTIMENTO IV BPAC,PARTICIPANTE,2024-09-01,
2026-07-08,2026-06-01,BTG PACTUAL - PRUDENCIAL,Privado Nacional com Participação Estrangeira,4350-85-61,FGTS I FUNDO DE INVESTIMENTO FINANCEIRO MULTIMERCADO,PARTICIPANTE,2023-07-02,RJ
2026-07-08,2026-06-01,BTG PACTUAL - PRUDENCIAL,Privado Nacional com Participação Estrangeira,1532-09-40,FIP DEVELOPMENT FUNDO WAREHOUSE - MULTIESTRATEGIA INVESTIMENTO NO EXTERIOR RESPONSABILIDADE LIMITADA,PARTICIPANTE,2015-01-31,RJ
2026-07-08,2026-06-01,BTG PACTUAL - PRUDENCIAL,Privado Nacional com Participação Estrangeira,,FONDO DE CAPITAL -PRIVADO- BPACSI,PARTICIPANTE,2025-05-01,
2026-07-08,2026-06-01,BTG PACTUAL - PRUDENCIAL,Privado Nacional com Participação Estrangeira,,FONDO DE CAPITAL PRIVADO DE STATUM,PARTICIPANTE,2024-02-01,
2026-07-08,2026-06-01,BTG PACTUAL - PRUDENCIAL,Privado Nacional com Participação Estrangeira,4752-79-71,FORD II PRE FUNDO DE INVESTIMENTO FINANCEIRO RENDA FIXA,PARTICIPANTE,2022-10-01,RJ
2026-07-08,2026-06-01,BTG PACTUAL - PRUDENCIAL,Privado Nacional com Participação Estrangeira,4831-37-89,FORD III PRE FUNDO DE INVESTIMENTO FINANCEIRO RENDA FIXA,PARTICIPANTE,2022-12-01,RJ
2026-07-08,2026-06-01,BTG PACTUAL - PRUDENCIAL,Privado Nacional com Participação Estrangeira,4752-81-47,FORD PRE FUNDO DE INVESTIMENTO FINANCEIRO RENDA FIXA,PARTICIPANTE,2022-10-01,RJ
2026-07-08,2026-06-01,BTG PACTUAL - PRUDENCIAL,Privado Nacional com Participação Estrangeira,4441-74-54,FORD USD FUNDO DE INVESTIMENTO FINANCEIRO RENDA FIXA,PARTICIPANTE,2023-01-01,RJ
2026-07-08,2026-06-01,BTG PACTUAL - PRUDENCIAL,Privado Nacional com Participação Estrangeira,,FUNDO DE CAPITAL PRIVADO BPAC AEC,PARTICIPANTE,2025-10-01,
2026-07-08,2026-06-01,BTG PACTUAL - PRUDENCIAL,Privado Nacional com Participação Estrangeira,3986-30-47,FUNDO DE INVESTIMENTO EM DIREITOS CREDITORIOS DO SETOR ELETRICO - INVESTIMENTO EM COTAS,PARTICIPANTE,2022-03-31,SP
2026-07-08,2026-06-01,BTG PACTUAL - PRUDENCIAL,Privado Nacional com Participação Estrangeira,2419-46-75,FUNDO DE INVESTIMENTO EM DIREITOS CREDITÓRIOS ALTERNATIVE ASSETS I RESPONSABILIDADE LIMITADA,PARTICIPANTE,2016-06-30,
2026-07-08,2026-06-01,BTG PACTUAL - PRUDENCIAL,Privado Nacional com Participação Estrangeira,2922-52-41,FUNDO DE INVESTIMENTO EM DIREITOS CREDITÓRIOS ALTERNATIVE ASSETS III RESPONSABILIDADE LIMITADA,PARTICIPANTE,2019-08-31,
2026-07-08,2026-06-01,BTG PACTUAL - PRUDENCIAL,Privado Nacional com Participação Estrangeira,4741-01-34,FUNDO DE INVESTIMENTO EM DIREITOS CREDITÓRIOS ALTERNATIVE ASSETS IV - E,PARTICIPANTE,2022-12-01,
2026-07-08,2026-06-01,BTG PACTUAL - PRUDENCIAL,Privado Nacional com Participação Estrangeira,3633-57-23,FUNDO DE INVESTIMENTO EM DIREITOS CREDITÓRIOS COMERCIAIS,PARTICIPANTE,2025-04-01,
2026-07-08,2026-06-01,BTG PACTUAL - PRUDENCIAL,Privado Nacional com Participação Estrangeira,3667-24-04,FUNDO DE INVESTIMENTO EM DIREITOS CREDITÓRIOS CRÉDITOS NÃO PADRONIZADOS I RESPONSABILIDADE LIMITADA,PARTICIPANTE,2020-07-31,
2026-07-08,2026-06-01,BTG PACTUAL - PRUDENCIAL,Privado Nacional com Participação Estrangeira,3666-93-46,FUNDO DE INVESTIMENTO EM DIREITOS CREDITÓRIOS INSOLVÊNCIA,PARTICIPANTE,2025-04-01,
2026-07-08,2026-06-01,BTG PACTUAL - PRUDENCIAL,Privado Nacional com Participação Estrangeira,4075-02-66,FUNDO DE INVESTIMENTO EM DIREITOS CREDITÓRIOS MT I RECEIVABLES RESPONSABILIDADE LIMITADA,PARTICIPANTE,2023-07-01,
2026-07-08,2026-06-01,BTG PACTUAL - PRUDENCIAL,Privado Nacional com Participação Estrangeira,3277-42-33,FUNDO DE INVESTIMENTO EM DIREITOS CREDITÓRIOS PRECATÓRIOS BRASIL,PARTICIPANTE,2019-08-31,
2026-07-08,2026-06-01,BTG PACTUAL - PRUDENCIAL,Privado Nacional com Participação Estrangeira,3633-56-89,FUNDO DE INVESTIMENTO EM DIREITOS CREDITÓRIOS SETOR PÚBLICO,PARTICIPANTE,2025-04-01,
2026-07-08,2026-06-01,BTG PACTUAL - PRUDENCIAL,Privado Nacional com Participação Estrangeira,3633-56-49,FUNDO DE INVESTIMENTO EM DIREITOS CREDITÓRIOS SPECIAL SITUATIONS,PARTICIPANTE,2025-04-01,
2026-07-08,2026-06-01,BTG PACTUAL - PRUDENCIAL,Privado Nacional com Participação Estrangeira,1532-09-24,FUNDO DE INVESTIMENTO EM PARTICIPACOES BEIRA RIO - MULTIESTRATEGIA INVESTIMENTO NO EXTERIOR,PARTICIPANTE,2025-08-01,RJ
2026-07-08,2026-06-01,BTG PACTUAL - PRUDENCIAL,Privado Nacional com Participação Estrangeira,5116-87-08,FUNDO DE INVESTIMENTO FINANCEIRO MULTIMERCADO LT,PARTICIPANTE,2023-10-01,RJ
2026-07-08,2026-06-01,BTG PACTUAL - PRUDENCIAL,Privado Nacional com Participação Estrangeira,0780-52-79,FUNDO DE INVESTIMENTO FINANCEIRO MULTIMERCADO VITORIA FIDELIS,PARTICIPANTE,2018-03-31,RJ
2026-07-08,2026-06-01,BTG PACTUAL - PRUDENCIAL,Privado Nacional com Participação Estrangeira,1123-30-45,FUNDO DE INVESTIMENTO MULTIMERCADO CRÉDITO PRIVADO LS INVESTIMENTO NO EXTERIOR,PARTICIPANTE,2015-01-31,
2026-07-08,2026-06-01,BTG PACTUAL - PRUDENCIAL,Privado Nacional com Participação Estrangeira,0753-92-97,FUNDO DE INVESTIMENTO MULTIMERCADO NOOR PROVIDENTIA,PARTICIPANTE,2020-08-03,RJ
2026-07-08,2026-06-01,BTG PACTUAL - PRUDENCIAL,Privado Nacional com Participação Estrangeira,2772-96-74,G5 SEA FUNDO DE INVESTIMENTO MULTIMERCADO,PARTICIPANTE,2025-11-01,RJ
2026-07-08,2026-06-01,BTG PACTUAL - PRUDENCIAL,Privado Nacional com Participação Estrangeira,5175-43-57,IG4 BTG PACTUAL HEALTH INFRA FIP MULTIESTRATEGIA RESPONSABILIDADE LIMITADA,PARTICIPANTE,2023-09-01,RJ
2026-07-08,2026-06-01,BTG PACTUAL - PRUDENCIAL,Privado Nacional com Participação Estrangeira,6249-41-42,INVESTO B3 UTILIDADE PUBLICA FUNDO DE INDICE,PARTICIPANTE,2026-05-01,RJ
2026-07-08,2026-06-01,BTG PACTUAL - PRUDENCIAL,Privado Nacional com Participação Estrangeira,4582-35-39,INVESTO MARKETVECTOR BRAZIL DOMESTIC EXPOSURE ETF CLASSE DE INDICE - RESPONSABILIDADE LIMITADA,PARTICIPANTE,2026-05-01,SP
2026-07-08,2026-06-01,BTG PACTUAL - PRUDENCIAL,Privado Nacional com Participação Estrangeira,2395-48-63,JC 4870 IV FUNDO DE INVESTIMENTO EM DIREITOS CREDITÓRIOS NÃO-PADRONIZADOS - FIDC-NP,PARTICIPANTE,2026-04-01,
2026-07-08,2026-06-01,BTG PACTUAL - PRUDENCIAL,Privado Nacional com Participação Estrangeira,2647-10-75,JC 4870 V FUNDO DE INVESTIMENTO EM DIREITOS CREDITÓRIOS NÃO PADRONIZADOS - FIDC-NP,PARTICIPANTE,2026-03-01,
2026-07-08,2026-06-01,BTG PACTUAL - PRUDENCIAL,Privado Nacional com Participação Estrangeira,2657-06-45,JC 4870 VI - FUNDO DE INVESTIMENTO EM DIREITOS CREDITÓRIOS NÃO PADRONIZADOS,PARTICIPANTE,2026-04-01,
2026-07-08,2026-06-01,BTG PACTUAL - PRUDENCIAL,Privado Nacional com Participação Estrangeira,2379-80-73,JC PLÁSTICOS FUNDO DE INVESTIMENTO EM DIREITOS CREDITORIOS NAO-PADRONIZADOS - FIDC - NP,PARTICIPANTE,2026-03-01,
2026-07-08,2026-06-01,BTG PACTUAL - PRUDENCIAL,Privado Nacional com Participação Estrangeira,5914-99-41,JV BTG SENIOR SOCIEDADE DE CRÉDITO DIRETO S.A.,PARTICIPANTE,2025-03-21,SC
2026-07-08,2026-06-01,BTG PACTUAL - PRUDENCIAL,Privado Nacional com Participação Estrangeira,6314-33-40,KAGR FUNDO DE INVESTIMENTO NAS CADEIAS PRODUTIVAS DO AGRONEGÓCIO RESPONSABILIDADE LIMITADA,PARTICIPANTE,2025-10-01,
2026-07-08,2026-06-01,BTG PACTUAL - PRUDENCIAL,Privado Nacional com Participação Estrangeira,5413-45-87,KATETO II FUNDO DE INVESTIMENTO EM DIREITOS CREDITÓRIOS,PARTICIPANTE,2024-03-01,
2026-07-08,2026-06-01,BTG PACTUAL - PRUDENCIAL,Privado Nacional com Participação Estrangeira,5204-91-12,KATETO INVESTIMENTO PRECATÓRIOS FUNDO DE INVESTIMENTO EM DIREITOS CREDITÓRIOS,PARTICIPANTE,2024-02-01,
2026-07-08,2026-06-01,BTG PACTUAL - PRUDENCIAL,Privado Nacional com Participação Estrangeira,4168-18-74,LEOPARD FUNDO DE INVESTIMENTO FINANCEIRO MULTIMERCADO,PARTICIPANTE,2025-05-01,RJ
2026-07-08,2026-06-01,BTG PACTUAL - PRUDENCIAL,Privado Nacional com Participação Estrangeira,1972-20-48,LOFT I FUNDO DE INVESTIMENTO IMOBILIARIO RESPONSABILIDADE LIMITADA,PARTICIPANTE,2024-06-01,RJ
2026-07-08,2026-06-01,BTG PACTUAL - PRUDENCIAL,Privado Nacional com Participação Estrangeira,2479-69-67,LOFT II FUNDO DE INVESTIMENTO IMOBILIARIO RESPONSABILIDADE LIMITADA,PARTICIPANTE,2025-09-01,RJ
2026-07-08,2026-06-01,BTG PACTUAL - PRUDENCIAL,Privado Nacional com Participação Estrangeira,4005-48-38,LOFT III FUNDO DE INVESTIMENTO IMOBILIARIO RESPONSABILIDADE LIMITADA,PARTICIPANTE,2024-06-01,RJ
2026-07-08,2026-06-01,BTG PACTUAL - PRUDENCIAL,Privado Nacional com Participação Estrangeira,6675-61-85,MACAPA FUNDO DE INVESTIMENTO FINANCEIRO MULTIMERCADO,PARTICIPANTE,2026-05-01,RJ
2026-07-08,2026-06-01,BTG PACTUAL - PRUDENCIAL,Privado Nacional com Participação Estrangeira,5390-80-14,MADEIRA FUNDO DE INVESTIMENTO MULTIMERCADO,PARTICIPANTE,2024-02-01,RJ
2026-07-08,2026-06-01,BTG PACTUAL - PRUDENCIAL,Privado Nacional com Participação Estrangeira,6415-75-36,MT GLOBAL II FUNDO DE INVESTIMENTO FINANCEIRO MULTIMERCADO,PARTICIPANTE,2025-12-01,RJ
2026-07-08,2026-06-01,BTG PACTUAL - PRUDENCIAL,Privado Nacional com Participação Estrangeira,4075-23-67,MT INSS RECEIVABLES II FUNDO DE INVESTIMENTO EM DIREITOS CREDITÓRIOS RESPONSABILIDADE LIMITADA,PARTICIPANTE,2022-05-01,
2026-07-08,2026-06-01,BTG PACTUAL - PRUDENCIAL,Privado Nacional com Participação Estrangeira,6547-38-48,PAN AUTO FUNDO DE INVESTIMENTO EM DIREITOS CREDITÓRIOS RESPONSABILIDADE LIMITADA,PARTICIPANTE,2026-03-01,
2026-07-08,2026-06-01,BTG PACTUAL - PRUDENCIAL,Privado Nacional com Participação Estrangeira,6673-71-02,PAN CONSIGNADO FUNDO DE INVESTIMENTO EM DIREITOS CREDITÓRIOS RESPONSABILIDADE LIMITADA,PARTICIPANTE,2026-05-01,
2026-07-08,2026-06-01,BTG PACTUAL - PRUDENCIAL,Privado Nacional com Participação Estrangeira,0268-22-87,"PAN FINANCEIRA S.A. - SOCIEDADE DE CRÉDITO, FINANCIAMENTO E INVESTIMENTOS",PARTICIPANTE,2021-06-03,SP
2026-07-08,2026-06-01,BTG PACTUAL - PRUDENCIAL,Privado Nacional com Participação Estrangeira,5251-77-24,PEMEX PRE II FUNDO DE INVESTIMENTO RENDA FIXA CREDITO PRIVADO,PARTICIPANTE,2023-10-01,RJ
2026-07-08,2026-06-01,BTG PACTUAL - PRUDENCIAL,Privado Nacional com Participação Estrangeira,5331-26-96,PETBRA III FUNDO DE INVESTIMENTO RENDA FIXA,PARTICIPANTE,2024-05-01,RJ
2026-07-08,2026-06-01,BTG PACTUAL - PRUDENCIAL,Privado Nacional com Participação Estrangeira,4719-20-66,PETBRA PRE FUNDO DE INVESTIMENTO FINANCEIRO RENDA FIXA,PARTICIPANTE,2022-08-01,RJ
2026-07-08,2026-06-01,BTG PACTUAL - PRUDENCIAL,Privado Nacional com Participação Estrangeira,4776-91-17,PETBRA PRE II FUNDO DE INVESTIMENTO FINANCEIRO RENDA FIXA,PARTICIPANTE,2022-09-01,RJ
2026-07-08,2026-06-01,BTG PACTUAL - PRUDENCIAL,Privado Nacional com Participação Estrangeira,5778-45-09,PLATEAU II FUNDO DE INVESTIMENTO EM PARTICIPACOES MULTIESTRATEGIA RESPONSABILIDADE LIMITADA,PARTICIPANTE,2025-06-01,RJ
2026-07-08,2026-06-01,BTG PACTUAL - PRUDENCIAL,Privado Nacional com Participação Estrangeira,5832-80-83,PLGN AUTO LOANS I FEEDER FI EM COTAS DE FUNDO DE INVESTIMENTO EM DIREITOS CREDITORIOS,PARTICIPANTE,2025-01-01,RJ
2026-07-08,2026-06-01,BTG PACTUAL - PRUDENCIAL,Privado Nacional com Participação Estrangeira,5201-36-73,PMX PRE FUNDO DE INVESTIMENTO FINANCEIRO RENDA FIXA,PARTICIPANTE,2023-09-01,RJ
2026-07-08,2026-06-01,BTG PACTUAL - PRUDENCIAL,Privado Nacional com Participação Estrangeira,6208-30-78,PORTFOLIO 22 FUNDO DE INVESTIMENTO EM DIREITOS CREDITÓRIOS,PARTICIPANTE,2025-08-01,
2026-07-08,2026-06-01,BTG PACTUAL - PRUDENCIAL,Privado Nacional com Participação Estrangeira,4253-74-92,PRIME OFFICES III FUNDO DE INVESTIMENTO IMOBILIARIO RESPONSABILIDADE LIMITADA,PARTICIPANTE,2021-10-31,RJ
2026-07-08,2026-06-01,BTG PACTUAL - PRUDENCIAL,Privado Nacional com Participação Estrangeira,4119-99-75,ROOFTOP II FUNDO DE INVESTIMENTO IMOBILIARIO RESPONSABILIDADE LIMITADA,PARTICIPANTE,2021-12-31,SP
2026-07-08,2026-06-01,BTG PACTUAL - PRUDENCIAL,Privado Nacional com Participação Estrangeira,6092-23-45,RYO COMPOUNDERS FUNDO DE INVESTIMENTO FINANCEIRO EM ACOES,PARTICIPANTE,2025-05-01,RJ
2026-07-08,2026-06-01,BTG PACTUAL - PRUDENCIAL,Privado Nacional com Participação Estrangeira,4321-45-64,RYO LONG BIASED ACCESS FUNDO DE INVESTIMENTO FINANCEIRO EM COTAS DE FI MULTIMERCADO,PARTICIPANTE,2021-09-30,RJ
2026-07-08,2026-06-01,BTG PACTUAL - PRUDENCIAL,Privado Nacional com Participação Estrangeira,4151-43-01,RYO LONG BIASED FUNDO DE INVESTIMENTO FINANCEIRO EM COTAS DE FUNDOS DE INVESTIMENTO MULTIMERCADO,PARTICIPANTE,2021-10-31,RJ
2026-07-08,2026-06-01,BTG PACTUAL - PRUDENCIAL,Privado Nacional com Participação Estrangeira,4167-30-22,RYO LONG BIASED MASTER FUNDO DE INVESTIMENTO FINANCEIRO MULTIMERCADO,PARTICIPANTE,2021-12-31,RJ
2026-07-08,2026-06-01,BTG PACTUAL - PRUDENCIAL,Privado Nacional com Participação Estrangeira,4321-46-36,RYO SELECTION ACCESS FUNDO DE INVESTIMENTO FINANCEIRO EM COTAS DE FUNDOS DE INVESTIMENTO EM ACOES,PARTICIPANTE,2021-09-30,RJ
2026-07-08,2026-06-01,BTG PACTUAL - PRUDENCIAL,Privado Nacional com Participação Estrangeira,4157-45-97,RYO SELECTION FUNDO DE INVESTIMENTO FINANCEIRO EM COTAS DE FUNDOS DE INVESTIMENTO DE ACOES,PARTICIPANTE,2023-10-01,RJ
2026-07-08,2026-06-01,BTG PACTUAL - PRUDENCIAL,Privado Nacional com Participação Estrangeira,4167-32-04,RYO SELECTION MASTER FUNDO DE INVESTIMENTO FINANCEIRO EM ACOES,PARTICIPANTE,2023-11-01,RJ
2026-07-08,2026-06-01,BTG PACTUAL - PRUDENCIAL,Privado Nacional com Participação Estrangeira,3304-56-49,SEEDLING FUNDO DE INVESTIMENTO EM PARTICIPACOES - MULTIESTRATEGIA IE RESPONSABILIDADE LIMITADA,PARTICIPANTE,2023-04-01,RJ
2026-07-08,2026-06-01,BTG PACTUAL - PRUDENCIAL,Privado Nacional com Participação Estrangeira,2040-34-06,SG II A FUNDO DE INVESTIMENTO EM DIREITOS CREDITÓRIOS NÃO-PADRONIZADOS,PARTICIPANTE,2025-08-01,
2026-07-08,2026-06-01,BTG PACTUAL - PRUDENCIAL,Privado Nacional com Participação Estrangeira,6208-42-70,SORACHI FUNDO DE INVESTIMENTO EM DIREITOS CREDITÓRIOS,PARTICIPANTE,2025-08-01,
2026-07-08,2026-06-01,BTG PACTUAL - PRUDENCIAL,Privado Nacional com Participação Estrangeira,4137-36-72,SPRINGS BLADE TOTAL RETURN MASTER FUNDO DE INVESTIMENTO FINANCEIRO MULTIMERCADO,PARTICIPANTE,2022-02-28,RJ
2026-07-08,2026-06-01,BTG PACTUAL - PRUDENCIAL,Privado Nacional com Participação Estrangeira,4190-75-52,SPRINGS BLADE TOTAL RETURN P FI FINANCEIRO EM COTAS DE FUNDOS DE INVESTIMENTO MULTIMERCADO,PARTICIPANTE,2021-11-30,RJ
2026-07-08,2026-06-01,BTG PACTUAL - PRUDENCIAL,Privado Nacional com Participação Estrangeira,4972-67-93,SPRINGS EQUITY HEDGE FUNDO DE INVESTIMENTO FINANCEIRO EM COTAS DE FUNDOS DE INVESTIMENTO MULTIMERCAD,PARTICIPANTE,2024-06-01,RJ
2026-07-08,2026-06-01,BTG PACTUAL - PRUDENCIAL,Privado Nacional com Participação Estrangeira,4964-39-79,SPRINGS EQUITY HEDGE MASTER FUNDO DE INVESTIMENTO FINANCEIRO MULTIMERCADO,PARTICIPANTE,2024-10-01,RJ
2026-07-08,2026-06-01,BTG PACTUAL - PRUDENCIAL,Privado Nacional com Participação Estrangeira,6559-42-90,TREND ETF IRF-M P2 CLASSE DE INDICE - RESPONSABILIDADE LIMITADA,PARTICIPANTE,2026-05-01,SP
2026-07-08,2026-06-01,BTG PACTUAL - PRUDENCIAL,Privado Nacional com Participação Estrangeira,5068-93-64,TRK PRE FUNDO DE INVESTIMENTO FINANCEIRO RENDA FIXA,PARTICIPANTE,2023-05-01,RJ
2026-07-08,2026-06-01,BTG PACTUAL - PRUDENCIAL,Privado Nacional com Participação Estrangeira,2626-23-77,TRUXT I LONG SHORT FIF DA CLASSE DE INVESTIMENTO EM COTAS MULTIMERCADO RESP LIMITADA,PARTICIPANTE,2025-06-01,SP
2026-07-08,2026-06-01,BTG PACTUAL - PRUDENCIAL,Privado Nacional com Participação Estrangeira,4934-25-60,US STEEL FUNDO DE INVESTIMENTO FINANCEIRO RENDA FIXA,PARTICIPANTE,2023-02-01,RJ
2026-07-08,2026-06-01,BTG PACTUAL - PRUDENCIAL,Privado Nacional com Participação Estrangeira,5114-64-72,US STEEL IV PRE FUNDO DE INVESTIMENTO FINANCEIRO RENDA FIXA,PARTICIPANTE,2023-06-01,RJ
2026-07-08,2026-06-01,BTG PACTUAL - PRUDENCIAL,Privado Nacional com Participação Estrangeira,4979-43-90,US STEEL PRE FUNDO DE INVESTIMENTO FINANCEIRO RENDA FIXA,PARTICIPANTE,2023-03-01,RJ
2026-07-08,2026-06-01,BTG PACTUAL - PRUDENCIAL,Privado Nacional com Participação Estrangeira,5001-00-52,US STEEL PRE II FUNDO DE INVESTIMENTO FINANCEIRO RENDA FIXA,PARTICIPANTE,2023-03-01,RJ
2026-07-08,2026-06-01,BTG PACTUAL - PRUDENCIAL,Privado Nacional com Participação Estrangeira,5023-31-72,US STEEL PRE III FUNDO DE INVESTIMENTO FINANCEIRO RENDA FIXA,PARTICIPANTE,2023-04-01,RJ
2026-07-08,2026-06-01,BTG PACTUAL - PRUDENCIAL,Privado Nacional com Participação Estrangeira,3471-15-71,VITREO DISTRIBUIDORA DE TÍTULOS E VALORES MOBILIÁRIOS S.A.,PARTICIPANTE,2022-01-06,SP
2026-07-08,2026-06-01,BTG PACTUAL - PRUDENCIAL,Privado Nacional com Participação Estrangeira,5471-41-37,VV PRE FUNDO DE INVESTIMENTO RENDA FIXA,PARTICIPANTE,2024-04-01,RJ
2026-07-08,2026-06-01,BTG PACTUAL - PRUDENCIAL,Privado Nacional com Participação Estrangeira,5585-95-49,ZETA FUNDO DE INVESTIMENTO FINANCEIRO MULTIMERCADO,PARTICIPANTE,2024-07-01,RJ
2026-07-08,2026-06-01,BTG PACTUAL - PRUDENCIAL,Privado Nacional com Participação Estrangeira,6411-53-65,ZETA FUNDO DE INVESTIMENTO NAS CADEIAS PRODUTIVAS DO AGRONEGOCIO RESPONSABILIDADE LIMITADA,PARTICIPANTE,2025-12-01,RJ
2026-07-08,2026-06-01,BULLLA IP - PRUDENCIAL,Privado Nacional,0842-21-19,BULLLA INSTITUICAO DE PAGAMENTO S.A.,LIDER,2024-09-25,SP
2026-07-08,2026-06-01,BULLLA IP - PRUDENCIAL,Privado Nacional,5312-24-75,BULLLA COMPANHIA SECURITIZADORA DE CREDITOS FINANCEIROS SA,PARTICIPANTE,2023-10-25,SP
2026-07-08,2026-06-01,BULLLA IP - PRUDENCIAL,Privado Nacional,4991-40-23,BULLLA FUNDO DE INVESTIMENTO MULTIMERCADO CREDITO PRIVADO,PARTICIPANTE,2023-03-16,SP
2026-07-08,2026-06-01,BULLLA IP - PRUDENCIAL,Privado Nacional,5851-31-68,BULLLA SOCIEDADE DE CRÉDITO DIRETO S.A.,PARTICIPANTE,2024-10-16,SP
2026-07-08,2026-06-01,BULLLA IP - PRUDENCIAL,Privado Nacional,3483-19-10,BULLLA SOCIEDADE DE EMPRÉSTIMO ENTRE PESSOAS S.A.,PARTICIPANTE,2024-09-25,SP
2026-07-08,2026-06-01,BULLLA IP - PRUDENCIAL,Privado Nacional,4665-55-52,FUNDO DE INVESTIMENTO EM DIREITOS CREDITÓRIOS BULLLA CARTÕES RESPONSABILIDADE LIMITADA,PARTICIPANTE,2026-03-02,
2026-07-08,2026-06-01,CACTVS IP - PRUDENCIAL,Privado Nacional,3969-63-95,CACTVS INSTITUICAO DE PAGAMENTO S.A,LIDER,2025-11-24,SP
2026-07-08,2026-06-01,CACTVS IP - PRUDENCIAL,Privado Nacional,6657-51-46,CAIXA CACTVS FUNDO DE INVESTIMENTO FINANCEIRO RENDA FIXA REFERENCIADO DI LONGO PRAZO - RESP LIMITADA,PARTICIPANTE,2026-05-12,DF
2026-07-08,2026-06-01,CAIXA ECONÔMICA FEDERAL - PRUDENCIAL,Público Federal,0036-03-05,CAIXA ECONOMICA FEDERAL,LIDER,2014-01-02,DF
2026-07-08,2026-06-01,CAIXA ECONÔMICA FEDERAL - PRUDENCIAL,Público Federal,3235-63-81,CAIXA CARTOES HOLDING S.A.,PARTICIPANTE,2022-03-31,DF
2026-07-08,2026-06-01,CAIXA ECONÔMICA FEDERAL - PRUDENCIAL,Público Federal,4204-06-39,CAIXA DISTRIBUIDORA DE TÍTULOS E VALORES MOBILIÁRIOS S.A.,PARTICIPANTE,2021-09-27,SP
2026-07-08,2026-06-01,CAIXA ECONÔMICA FEDERAL - PRUDENCIAL,Público Federal,5147-92-89,CAIXA EXTRAMERCADO EXCLUSIVO CORRETORA FUNDO DE INVESTIMENTO FINANCEIRO RENDA FIXA - RESP LIMITADA,PARTICIPANTE,2023-08-02,DF
2026-07-08,2026-06-01,CAIXA ECONÔMICA FEDERAL - PRUDENCIAL,Público Federal,5497-62-62,CAIXA EXTRAMERCADO EXCLUSIVO LOTERIAS FIF RENDA FIXA LONGO PRAZO - RESPONSABILIDADE LIMITADA,PARTICIPANTE,2024-05-02,DF
2026-07-08,2026-06-01,CAIXA ECONÔMICA FEDERAL - PRUDENCIAL,Público Federal,5147-94-74,CAIXA EXTRAMERCADO EXCLUSIVO SEGURIDADE FUNDO DE INVESTIMENTO FINANCEIRO RENDA FIXA - RESP LIMITADA,PARTICIPANTE,2023-08-02,DF
2026-07-08,2026-06-01,CAIXA ECONÔMICA FEDERAL - PRUDENCIAL,Público Federal,4173-88-63,CAIXA IBIRAPUERA FUNDO DE INVESTIMENTO FINANCEIRO RENDA FIXA - RESPONSABILIDADE LIMITADA,PARTICIPANTE,2021-09-30,SP
2026-07-08,2026-06-01,CAIXA ECONÔMICA FEDERAL - PRUDENCIAL,Público Federal,5198-38-32,FUNDO DE INVESTIMENTO EM DIREITOS CREDITÓRIOS - ACR IV,PARTICIPANTE,2023-11-09,
2026-07-08,2026-06-01,CAIXA ECONÔMICA FEDERAL - PRUDENCIAL,Público Federal,4001-10-95,XS5 ADMINISTRADORA DE CONSÓRCIOS S.A.,PARTICIPANTE,2021-03-17,SP
2026-07-08,2026-06-01,CAIXA ECONÔMICA FEDERAL - PRUDENCIAL,Público Federal,6189-17-05,ÂNIMA COOASGO FUNDO DE INVESTIMENTO EM DIREITOS CREDITÓRIOS DO AGRONEGÓCIO - RESP LIMITADA,PARTICIPANTE,2025-09-01,
2026-07-08,2026-06-01,CAIXA GERAL - PRUDENCIAL,Privado Nacional com Controle Estrangeiro,3346-69-88,BANCO CAIXA GERAL - BRASIL S.A.,LIDER/HOLDING,2014-01-02,SP
2026-07-08,2026-06-01,CAIXA GERAL - PRUDENCIAL,Privado Nacional com Controle Estrangeiro,0755-40-76,CGD INVESTIMENTOS CORRETORA DE VALORES E CÂMBIO S.A.,PARTICIPANTE,2014-01-02,SP
2026-07-08,2026-06-01,CALCARD IP - PRUDENCIAL,Privado Nacional,0861-17-34,CALCARD S.A. - INSTITUIÇÃO DE PAGAMENTOS,LIDER,2024-11-27,SC
2026-07-08,2026-06-01,CALCARD IP - PRUDENCIAL,Privado Nacional,3712-24-87,"CALCRED S.A. - CRÉDITO, FINANCIAMENTO E INVESTIMENTO",PARTICIPANTE,2024-11-27,SC
2026-07-08,2026-06-01,CARTOS SCD - PRUDENCIAL,Privado Nacional,2133-28-62,CARTOS SOCIEDADE DE CRÉDITO DIRETO S.A.,LIDER/HOLDING,2014-10-10,SP
2026-07-08,2026-06-01,CARTOS SCD - PRUDENCIAL,Privado Nacional,5529-85-81,VECKTRA MEIOS E PAGAMENTOS FINANCEIROS LTDA.,PARTICIPANTE,2025-04-01,SP
2026-07-08,2026-06-01,CASAS BAHIA PAY IP - PRUDENCIAL,Privado Nacional,3072-38-71,CASAS BAHIA PAY INSTITUIÇÃO DE PAGAMENTO LTDA.,LIDER,2021-09-02,SP
2026-07-08,2026-06-01,CASAS BAHIA PAY IP - PRUDENCIAL,Privado Nacional,4206-71-34,BANQI EP FUNDO DE INVESTIMENTO EM DIREITOS CREDITÓRIOS RESPONSABILIDADE LIMITADA,PARTICIPANTE,2023-07-05,
2026-07-08,2026-06-01,CASAS BAHIA PAY IP - PRUDENCIAL,Privado Nacional,5844-20-27,BANQI II FUNDO DE INVESTIMENTO EM DIREITOS CREDITÓRIOS,PARTICIPANTE,2025-02-21,
2026-07-08,2026-06-01,CASAS BAHIA PAY IP - PRUDENCIAL,Privado Nacional,6023-46-40,BANQI III FUNDO DE INVESTIMENTO EM DIREITOS CREDITÓRIOS,PARTICIPANTE,2025-04-29,
2026-07-08,2026-06-01,CASAS BAHIA PAY IP - PRUDENCIAL,Privado Nacional,4316-76-10,CASAS BAHIA PAY SOCIEDADE DE CRÉDITO DIRETO S.A.,PARTICIPANTE,2021-09-02,SP
2026-07-08,2026-06-01,CELCOIN IP - PRUDENCIAL,Privado Nacional,1393-58-93,CELCOIN INSTITUICAO DE PAGAMENTO S.A.,LIDER,2021-12-06,SP
2026-07-08,2026-06-01,CELCOIN IP - PRUDENCIAL,Privado Nacional,4863-27-54,CELCOIN SOCIEDADE DE CRÉDITO DIRETO S.A.,PARTICIPANTE,2026-02-23,SP
2026-07-08,2026-06-01,CELCOIN IP - PRUDENCIAL,Privado Nacional,3076-50-18,GALAX PAY INSTITUIÇÃO DE PAGAMENTO S.A.,PARTICIPANTE,2023-11-21,MG
2026-07-08,2026-06-01,CIELO IP - PRUDENCIAL,Privado Nacional,0102-70-58,CIELO S.A. - INSTITUIÇÃO DE PAGAMENTO,LIDER,2017-04-27,SP
2026-07-08,2026-06-01,CIELO IP - PRUDENCIAL,Privado Nacional,2758-00-08,BB CORAL FUNDO DE INVESTIMENTO EM COTAS FIF RENDA FIXA LONGO PRAZO CRED PRIV RESPONSABILIDADE LTDA,PARTICIPANTE,2018-11-01,RJ
2026-07-08,2026-06-01,CIELO IP - PRUDENCIAL,Privado Nacional,2825-45-57,BRADESCO FIF - CIC RF CRED PRIVADO PEGASUS - RESP LIMITADA,PARTICIPANTE,2017-12-01,SP
2026-07-08,2026-06-01,CIELO IP - PRUDENCIAL,Privado Nacional,2024-73-80,CATENO GESTAO DE CONTAS DE PAGAMENTO S.A,PARTICIPANTE,2017-05-01,SP
2026-07-08,2026-06-01,CIELO IP - PRUDENCIAL,Privado Nacional,2628-69-39,CIELO FUNDO DE INVESTIMENTO EM DIREITOS CREDITÓRIOS,PARTICIPANTE,2017-07-01,
2026-07-08,2026-06-01,CIELO IP - PRUDENCIAL,Privado Nacional,2182-49-24,CIELO FUNDO DE INVESTIMENTO EM DIREITOS CREDITÓRIOS NÃO-PADRONIZADOS,PARTICIPANTE,2017-05-01,
2026-07-08,2026-06-01,CIELO IP - PRUDENCIAL,Privado Nacional,1462-52-24,STELO S.A.,PARTICIPANTE,2018-10-15,SP
2026-07-08,2026-06-01,CITIBANK - PRUDENCIAL,Estrangeiro,3347-90-23,BANCO CITIBANK S.A.,LIDER/HOLDING,2014-01-02,SP
2026-07-08,2026-06-01,CITIBANK - PRUDENCIAL,Estrangeiro,3386-85-97,CITIBANK DISTRIBUIDORA DE TITULOS E VALORES MOBILIARIOS S.A,PARTICIPANTE,2014-01-02,SP
2026-07-08,2026-06-01,CITIBANK - PRUDENCIAL,Estrangeiro,3304-29-53,CITIBANK N.A.,PARTICIPANTE,2014-01-02,SP
2026-07-08,2026-06-01,CITIBANK - PRUDENCIAL,Estrangeiro,3370-91-14,"CITIGROUP GLOBAL MARKETS BRASIL, CORRETORA DE CÂMBIO, TÍTULOS E VALORES MOBILIÁRIOS S.A.",PARTICIPANTE,2014-01-02,SP
2026-07-08,2026-06-01,CITIBANK - PRUDENCIAL,Estrangeiro,0793-88-43,FUNDO DE INVESTIMENTO REFERENCIADO DI LONDRES,PARTICIPANTE,2014-01-02,SP
2026-07-08,2026-06-01,CLOUDWALK IP - PRUDENCIAL,Privado Nacional,1818-95-47,CLOUDWALK INSTITUIÇÃO DE PAGAMENTO E SERVICOS LTDA,LIDER,2022-10-21,SP
2026-07-08,2026-06-01,CLOUDWALK IP - PRUDENCIAL,Privado Nacional,5760-92-82,CLOUDWALK A.I. FUNDO  DE INVESTIMENTO EM DIREITOS CREDITÓRIOS SEGMENTO MEIOS DE PAGAMENTO,PARTICIPANTE,2024-11-06,
2026-07-08,2026-06-01,CLOUDWALK IP - PRUDENCIAL,Privado Nacional,4208-58-30,CLOUDWALK AKIRA I FUNDO DE INVESTIMENTO EM DIREITOS CREDITÓRIOS SEGMENTO MEIOS DE PAGAMENTO,PARTICIPANTE,2022-10-21,
2026-07-08,2026-06-01,CLOUDWALK IP - PRUDENCIAL,Privado Nacional,4412-46-17,CLOUDWALK AKIRA II FIDC SEGMENTO MEIOS DE PAGAMENTO,PARTICIPANTE,2022-10-21,
2026-07-08,2026-06-01,CLOUDWALK IP - PRUDENCIAL,Privado Nacional,6239-36-79,CLOUDWALK BELA FUNDO DE INVESTIMENTO EM DIREITOS CREDITÓRIOS SEGMENTO MEIOS DE PAGAMENTO,PARTICIPANTE,2025-09-15,
2026-07-08,2026-06-01,CLOUDWALK IP - PRUDENCIAL,Privado Nacional,5421-86-73,CLOUDWALK BIG PICTURE I FUNDO DE INVESTIMENTO EM DIREITOS CREDITÓRIOS SEGMENTO MEIOS DE PAGAMENTO,PARTICIPANTE,2024-03-06,
2026-07-08,2026-06-01,CLOUDWALK IP - PRUDENCIAL,Privado Nacional,5421-89-41,CLOUDWALK BIG PICTURE II FUNDO DE INVESTIMENTO EM DIREITOS CREDITÓRIOS SEGMENTO MEIOS DE PAGAMENTO,PARTICIPANTE,2024-03-06,
2026-07-08,2026-06-01,CLOUDWALK IP - PRUDENCIAL,Privado Nacional,5421-91-79,CLOUDWALK BIG PICTURE III FUNDO DE INVESTIMENTO EM DIREITOS CREDITÓRIOS SEGMENTO MEIOS DE PAGAMENTO,PARTICIPANTE,2024-03-06,
2026-07-08,2026-06-01,CLOUDWALK IP - PRUDENCIAL,Privado Nacional,5424-80-22,CLOUDWALK BIG PICTURE IV FUNDO DE INVESTIMENTO EM DIREITOS CREDITÓRIOS SEGMENTO MEIOS DE PAGAMENTO,PARTICIPANTE,2024-03-08,
2026-07-08,2026-06-01,CLOUDWALK IP - PRUDENCIAL,Privado Nacional,0550-38-49,"CLOUDWALK FINANCEIRA S.A. CRÉDITO, FINANCIAMENTO E INVESTIMENTO",PARTICIPANTE,2025-06-04,SP
2026-07-08,2026-06-01,CLOUDWALK IP - PRUDENCIAL,Privado Nacional,4208-58-16,CLOUDWALK KICK ASS I FUNDO DE INVESTIMENTO EM DIREITOS CREDITÓRIOS SEGMENTO MEIOS DE PAGAMENTO,PARTICIPANTE,2022-10-21,
2026-07-08,2026-06-01,CLOUDWALK IP - PRUDENCIAL,Privado Nacional,6035-61-71,CLOUDWALK PI FUNDO DE INVESTIMENTO EM DIREITOS CREDITÓRIOS  SEGMENTO MEIOS DE PAGAMENTO,PARTICIPANTE,2025-04-16,
2026-07-08,2026-06-01,COBUCCIO SCFI - PRUDENCIAL,Privado Nacional,3694-72-29,"COBUCCIO S/A - SOCIEDADE DE CRÉDITO, FINANCIAMENTO E INVESTIMENTOS",LIDER,2020-03-04,MG
2026-07-08,2026-06-01,COBUCCIO SCFI - PRUDENCIAL,Privado Nacional,2808-07-69,BOLT CARD INSTITUIÇÃO DE PAGAMENTOS LTDA.,PARTICIPANTE,2020-03-04,MG
2026-07-08,2026-06-01,COBUCCIO SCFI - PRUDENCIAL,Privado Nacional,0313-01-70,BRASIL CARD INSTITUIÇÃO DE PAGAMENTOS LTDA,PARTICIPANTE,2020-03-31,MG
2026-07-08,2026-06-01,COBUCCIO SCFI - PRUDENCIAL,Privado Nacional,2924-27-69,COBUCCIO MASTER FUNDO DE INVESTIMENTO EM DIREITOS CREDITÓRIOS DE CLASSE ÚNICA FECHADA,PARTICIPANTE,2025-01-01,
2026-07-08,2026-06-01,COBUCCIO SCFI - PRUDENCIAL,Privado Nacional,3237-20-85,COBUCCIO SECURITIZADORA DE CREDITOS S.A.,PARTICIPANTE,2020-03-04,MG
2026-07-08,2026-06-01,CODEPE CORRETORA DE VAL. S.A. - PRUDENCIAL,Privado Nacional,0951-25-42,CODEPE CORRETORA DE VALORES E CÂMBIO S.A.,LIDER/HOLDING,2014-01-02,SP
2026-07-08,2026-06-01,CODEPE CORRETORA DE VAL. S.A. - PRUDENCIAL,Privado Nacional,3433-55-92,ÓTIMO SOCIEDADE DE CRÉDITO DIRETO S.A.,PARTICIPANTE,2019-06-10,SP
2026-07-08,2026-06-01,COOPER CARD IP - PRUDENCIAL,Privado Nacional,0593-87-80,COOPER CARD INSTITUIÇÃO DE PAGAMENTO LTDA.,LIDER,2022-02-17,SP
2026-07-08,2026-06-01,COOPER CARD IP - PRUDENCIAL,Privado Nacional,0405-12-32,COOPER BENEFICIOS INSTITUICAO DE PAGAMENTO LTDA,PARTICIPANTE,2025-01-14,PR
2026-07-08,2026-06-01,COOPER CARD IP - PRUDENCIAL,Privado Nacional,5292-38-34,FUNDO DE INVESTIMENTO EM DIREITOS CREDITÓRIOS COOPER CARD II - CRÉDITOS FINANCEIROS,PARTICIPANTE,2024-04-12,
2026-07-08,2026-06-01,CREDI SHOP S.A. - PRUDENCIAL,Privado Nacional,6289-52-30,CREDI-SHOP S/A - INSTITUIÇÃO DE PAGAMENTO,LIDER,2019-07-22,PI
2026-07-08,2026-06-01,CREDI SHOP S.A. - PRUDENCIAL,Privado Nacional,5473-30-10,CREDI-SHOP - SOCIEDADE DE CRÉDITO DIRETO S.A.,PARTICIPANTE,2024-02-09,PI
2026-07-08,2026-06-01,CREDIARE CFI - PRUDENCIAL,Privado Nacional,0567-60-26,"CREDIARE S.A. - CRÉDITO, FINANCIAMENTO E INVESTIMENTO",LIDER,2020-07-23,RS
2026-07-08,2026-06-01,CREDIARE CFI - PRUDENCIAL,Privado Nacional,9110-75-81,FARROUPILHA ADMINISTRADORA DE CONSÓRCIOS LTDA.,PARTICIPANTE,2020-07-23,RS
2026-07-08,2026-06-01,CREDIARE CFI - PRUDENCIAL,Privado Nacional,0776-09-38,JOSEMA ADMINISTRACAO E PARTICIPACOES S/A,PARTICIPANTE,2020-07-23,RS
2026-07-08,2026-06-01,CREDIT AGRICOLE - PRUDENCIAL,Privado Nacional com Controle Estrangeiro,7564-78-91,BANCO CRÉDIT AGRICOLE BRASIL S.A.,LIDER/HOLDING,2014-01-02,SP
2026-07-08,2026-06-01,CREDIT AGRICOLE - PRUDENCIAL,Privado Nacional com Controle Estrangeiro,1279-60-29,FUNDO DE INVESTIMENTO EM DIREITOS CREDITÓRIOS MERCANTIS AUTO PEÇAS,PARTICIPANTE,2015-06-30,
2026-07-08,2026-06-01,CREDIT AGRICOLE - PRUDENCIAL,Privado Nacional com Controle Estrangeiro,1188-84-61,ITU FUNDO DE INVESTIMENTO EM COTAS DE FUNDOS DE INVESTIMENTO EM DIREITOS CREDITORIOS,PARTICIPANTE,2014-01-31,
2026-07-08,2026-06-01,CREDSYSTEM IP - PRUDENCIAL,Privado Nacional,0467-01-95,CREDSYSTEM INSTITUIÇÃO DE PAGAMENTO LTDA,LIDER,2021-10-29,SP
2026-07-08,2026-06-01,CREDSYSTEM IP - PRUDENCIAL,Privado Nacional,3966-46-98,CREDSYSTEM SOCIEDADE DE CRÉDITO DIRETO S.A.,PARTICIPANTE,2021-10-29,SP
2026-07-08,2026-06-01,CREFISA S.A. CFI - PRUDENCIAL,Privado Nacional,6077-91-96,"CREFISA S.A.-CREDITO, FINANCIAMENTO E INVESTIMENTOS",LIDER/HOLDING,2014-01-02,SP
2026-07-08,2026-06-01,CREFISA S.A. CFI - PRUDENCIAL,Privado Nacional,6103-31-06,BANCO CREFISA S.A.,PARTICIPANTE,2017-06-14,SP
2026-07-08,2026-06-01,CREFISA S.A. CFI - PRUDENCIAL,Privado Nacional,5717-32-08,SEDONA SOCIEDADE DE CRÉDITO DIRETO S.A.,PARTICIPANTE,2024-08-21,SP
2026-07-08,2026-06-01,DM SCFI - PRUDENCIAL,Privado Nacional,9166-97-47,"DM SOCIEDADE DE CRÉDITO, FINANCIAMENTO E INVESTIMENTO S.A",LIDER/HOLDING,2014-01-02,SP
2026-07-08,2026-06-01,DM SCFI - PRUDENCIAL,Privado Nacional,3623-88-74,DM SECURITIZADORA S.A.,PARTICIPANTE,2024-05-31,SP
2026-07-08,2026-06-01,DM SCFI - PRUDENCIAL,Privado Nacional,3755-52-31,DM SOCIEDADE DE CRÉDITO DIRETO S.A.,PARTICIPANTE,2022-10-11,SP
2026-07-08,2026-06-01,DM SCFI - PRUDENCIAL,Privado Nacional,4957-12-08,FORTBRASIL ALFA SECURITIZADORA S.A,PARTICIPANTE,2024-11-29,CE
2026-07-08,2026-06-01,DM SCFI - PRUDENCIAL,Privado Nacional,4189-02-46,FORTBRASIL SECURITIZADORA S.A,PARTICIPANTE,2024-11-29,CE
2026-07-08,2026-06-01,DM SCFI - PRUDENCIAL,Privado Nacional,2966-52-63,FUNDO DE INVESTIMENTO EM DIREITOS CREDITÓRIOS COMERCIAIS DE RESPONSABILIDADE LIMITADA FORTBRASIL,PARTICIPANTE,2024-11-29,
2026-07-08,2026-06-01,DOCK IP - PRUDENCIAL,Privado Nacional,1337-08-35,DOCK INSTITUIÇÃO DE PAGAMENTO S.A.,LIDER,2018-04-09,SP
2026-07-08,2026-06-01,DOCK IP - PRUDENCIAL,Privado Nacional,0874-48-17,DOCK SOLUÇÕES INSTITUIÇÃO DE PAGAMENTO S.A.,PARTICIPANTE,2024-07-04,SP
2026-07-08,2026-06-01,EDENRED SOLUCOES E IP AHA - PRUDENCIAL,Privado Nacional,5915-86-42,EDENRED SOLUCOES E INSTITUICAO DE PAGAMENTO AHA S.A.,LIDER,2024-01-05,SP
2026-07-08,2026-06-01,EDENRED SOLUCOES E IP AHA - PRUDENCIAL,Privado Nacional,1858-75-86,EDENRED SOLUCOES DE MOBILIDADE E INSTITUICAO DE PAGAMENTO HU S.A.,PARTICIPANTE,2024-02-16,RS
2026-07-08,2026-06-01,EDENRED SOLUCOES E IP AHA - PRUDENCIAL,Privado Nacional,2858-13-08,GREENPASS TECNOLOGIA E INSTITUICAO DE PAGAMENTO HUE S.A.,PARTICIPANTE,2024-04-19,SP
2026-07-08,2026-06-01,EDENRED SOLUCOES E IP AHA - PRUDENCIAL,Privado Nacional,6569-72-60,REPOM INSTITUIÇÃO DE PAGAMENTO HUSA S.A.,PARTICIPANTE,2024-01-05,SP
2026-07-08,2026-06-01,EFI S.A. IP - PRUDENCIAL,Privado Nacional,0908-93-56,EFÍ S.A. - INSTITUIÇÃO DE PAGAMENTO,LIDER,2019-08-26,MG
2026-07-08,2026-06-01,EFI S.A. IP - PRUDENCIAL,Privado Nacional,3722-94-13,"SOCIEDADE DE CRÉDITO, FINANCIAMENTO E INVESTIMENTO EFÍ S.A.",PARTICIPANTE,2020-04-01,MG
2026-07-08,2026-06-01,FACTA S.A. CFI - PRUDENCIAL,Privado Nacional,1558-16-38,FACTA FINANCEIRA S.A. - CRÉDITO FINANCIAMENTO E INVESTIMENTO,LIDER/HOLDING,2014-01-02,RS
2026-07-08,2026-06-01,FACTA S.A. CFI - PRUDENCIAL,Privado Nacional,5464-72-59,321 SOCIEDADE DE CRÉDITO DIRETO S.A.,PARTICIPANTE,2024-03-01,RS
2026-07-08,2026-06-01,FACTA S.A. CFI - PRUDENCIAL,Privado Nacional,3272-42-52,RB CAPITAL CREDIT ALPHA STRATEGY I FIDC - RESPONSABILIDADE LIMITADA,PARTICIPANTE,2023-01-01,
2026-07-08,2026-06-01,FATOR - PRUDENCIAL,Privado Nacional,3364-41-96,BANCO FATOR S.A.,LIDER,2014-01-02,SP
2026-07-08,2026-06-01,FATOR - PRUDENCIAL,Privado Nacional,4926-00-24,FATOR FUNDO DE INVESTIMENTO EM DIREITOS CREDITÓRIOS,PARTICIPANTE,2023-05-26,
2026-07-08,2026-06-01,FATOR - PRUDENCIAL,Privado Nacional,1505-90-57,FATOR FUNDO DE INVESTIMENTO MULTIMERCADO CREDITO PRIVADO,PARTICIPANTE,2022-12-30,SP
2026-07-08,2026-06-01,FATOR - PRUDENCIAL,Privado Nacional,4769-89-57,FATOR HIGH YIELD FUNDO DE INVESTIMENTO EM DIREITOS CREDITORIOS MULTISSEGMENTOS,PARTICIPANTE,2024-08-01,RJ
2026-07-08,2026-06-01,FATOR - PRUDENCIAL,Privado Nacional,4775-61-91,FATOR ORTHO FUNDO DE INVESTIMENTO EM COTAS DE FUNDOS DE INVESTIMENTO EM DIREITOS CREDITORIOS,PARTICIPANTE,2023-09-01,RJ
2026-07-08,2026-06-01,FFCRED SCD - PRUDENCIAL,Privado Nacional,3973-80-65,FFCRED SOCIEDADE DE CRÉDITO DIRETO S.A..,LIDER,2020-09-29,RS
2026-07-08,2026-06-01,FFCRED SCD - PRUDENCIAL,Privado Nacional,3865-36-26,F & F INSTITUICAO DE PAGAMENTO S. A.,PARTICIPANTE,2025-01-28,SC
2026-07-08,2026-06-01,FFCRED SCD - PRUDENCIAL,Privado Nacional,6253-41-58,FF ADMINISTRADORA DE CONSÓRCIO LTDA,PARTICIPANTE,2025-09-03,RS
2026-07-08,2026-06-01,FINAXIS - PRUDENCIAL,Privado Nacional,1175-87-41,BANCO FINAXIS S.A.,LIDER,2014-01-02,PR
2026-07-08,2026-06-01,FINAXIS - PRUDENCIAL,Privado Nacional,0331-76-92,FINAXIS CORRETORA DE TÍTULOS E VALORES MOBILIÁRIOS S.A.,PARTICIPANTE,2014-01-02,SP
2026-07-08,2026-06-01,FINVEST DTVM - PRUDENCIAL,Privado Nacional,3626-67-51,FINVEST DISTRIBUIDORA DE TÍTULOS E VALORES MOBILIÁRIOS LTDA.,LIDER,2020-11-13,SP
2026-07-08,2026-06-01,FINVEST DTVM - PRUDENCIAL,Privado Nacional,5215-44-10,FINVEST CASH FUNDO DE INVESTIMENTO FINANCEIRO MULTIMERCADO CREDITO PRIVADO,PARTICIPANTE,2023-09-12,SP
2026-07-08,2026-06-01,FISERV DO BRASIL IP - PRUDENCIAL,Privado Nacional,0496-27-72,FISERV DO BRASIL  INSTITUIÇÃO DE PAGAMENTO LTDA,LIDER,2022-09-21,SP
2026-07-08,2026-06-01,FISERV DO BRASIL IP - PRUDENCIAL,Privado Nacional,5005-32-67,FISERV SOCIEDADE DE CRÉDITO DIRETO S.A.,PARTICIPANTE,2023-02-03,SP
2026-07-08,2026-06-01,FISERV DO BRASIL IP - PRUDENCIAL,Privado Nacional,3466-14-03,FUNDO DE INVESTIMENTO EM DIREITOS CREDITÓRIOS FISERV - RESPONSABILIDADE LIMITADA,PARTICIPANTE,2022-09-21,
2026-07-08,2026-06-01,FISERV DO BRASIL IP - PRUDENCIAL,Privado Nacional,1320-79-30,SLED S/A,PARTICIPANTE,2024-07-31,SC
2026-07-08,2026-06-01,FITS IP - PRUDENCIAL,Privado Nacional,1320-33-54,FITS INSTITUIÇÃO DE PAGAMENTO S.A.,LIDER,2021-05-03,SP
2026-07-08,2026-06-01,FITS IP - PRUDENCIAL,Privado Nacional,6005-72-65,EASYCREDITO SOCIEDADE DE CREDITO DIRETO S.A.,PARTICIPANTE,2025-02-20,SP
2026-07-08,2026-06-01,FUTURO SCD - PRUDENCIAL,Privado Nacional,4574-55-37,FUTURO SOCIEDADE DE CRÉDITO DIRETO S.A.,LIDER,2022-03-14,RS
2026-07-08,2026-06-01,FUTURO SCD - PRUDENCIAL,Privado Nacional,1141-48-39,EAGLE INSTITUICAO DE PAGAMENTO LTDA.,PARTICIPANTE,2024-04-26,RS
2026-07-08,2026-06-01,GAZINCRED SCFI - PRUDENCIAL,Privado Nacional,1176-05-53,"GAZINCRED S.A. SOCIEDADE DE CRÉDITO, FINANCIAMENTO E INVESTIMENTO",LIDER,2014-01-02,PR
2026-07-08,2026-06-01,GAZINCRED SCFI - PRUDENCIAL,Privado Nacional,0604-45-51,ADMINISTRADORA DE CONSORCIO NACIONAL GAZIN LTDA,PARTICIPANTE,2014-01-02,PR
2026-07-08,2026-06-01,GENIAL - PRUDENCIAL,Privado Nacional,4524-64-10,BANCO GENIAL S.A.,LIDER,2014-01-02,RJ
2026-07-08,2026-06-01,GENIAL - PRUDENCIAL,Privado Nacional,5757-08-43,GENIAL HORUS FUNDO DE INVESTIMENTO EM DIREITOS CREDITÓRIOS DE RESPONSABILIDADE LIMITADA,PARTICIPANTE,2025-01-16,
2026-07-08,2026-06-01,GENIAL - PRUDENCIAL,Privado Nacional,0581-64-51,"GENIAL INSTITUCIONAL CORRETORA DE CÂMBIO, TÍTULOS E VALORES MOBILIÁRIOS S.A.",PARTICIPANTE,2014-01-02,SP
2026-07-08,2026-06-01,GENIAL - PRUDENCIAL,Privado Nacional,2765-26-84,GENIAL INVESTIMENTOS CORRETORA DE VALORES MOBILIÁRIOS S.A.,PARTICIPANTE,2014-01-02,RJ
2026-07-08,2026-06-01,GENIAL - PRUDENCIAL,Privado Nacional,3402-76-27,PORTO - FUNDO DE INVESTIMENTO EM PARTICIPACOES MULTIESTRATEGIA,PARTICIPANTE,2021-06-30,RJ
2026-07-08,2026-06-01,GENIAL - PRUDENCIAL,Privado Nacional,4897-02-81,SUGOI FUNDO DE INVESTIMENTO MULTIMERCADO CREDITO PRIVADO INVESTIMENTO NO EXTERIOR,PARTICIPANTE,2022-12-28,RJ
2026-07-08,2026-06-01,GM - PRUDENCIAL,Privado Nacional com Controle Estrangeiro,5927-46-05,BANCO GM S.A.,LIDER,2014-01-02,SP
2026-07-08,2026-06-01,GM - PRUDENCIAL,Privado Nacional com Controle Estrangeiro,6489-71-69,FUNDO DE INVESTIMENTO EM DIREITOS CREDITÓRIOS - RECEBÍVEIS COMERCIAIS TOP PARTNERS - RESP LIMITADA,PARTICIPANTE,2026-04-29,
2026-07-08,2026-06-01,GM - PRUDENCIAL,Privado Nacional com Controle Estrangeiro,4993-70-55,GMAC ADMINISTRADORA DE CONSORCIOS LTDA,PARTICIPANTE,2014-01-02,SP
2026-07-08,2026-06-01,GOLDMAN SACHS - PRUDENCIAL,Privado Nacional com Controle Estrangeiro,0433-22-81,GOLDMAN SACHS DO BRASIL BANCO MULTIPLO S.A.,LIDER/HOLDING,2014-01-02,SP
2026-07-08,2026-06-01,GOLDMAN SACHS - PRUDENCIAL,Privado Nacional com Controle Estrangeiro,0960-55-81,GOLDMAN SACHS DO BRASIL CORRETORA DE TÍTULOS E VALORES MOBILIÁRIOS S.A.,PARTICIPANTE,2014-01-02,SP
2026-07-08,2026-06-01,HAITONG - PRUDENCIAL,Privado Nacional com Controle Estrangeiro,3411-11-87,HAITONG BANCO DE INVESTIMENTO DO BRASIL S.A.,LIDER,2014-01-02,SP
2026-07-08,2026-06-01,HAITONG - PRUDENCIAL,Privado Nacional com Controle Estrangeiro,0705-81-78,FUNDO DE INVESTIMENTO MULTIMERCADO TREASURY CREDITO PRIVADO,PARTICIPANTE,2014-01-02,SP
2026-07-08,2026-06-01,HAITONG - PRUDENCIAL,Privado Nacional com Controle Estrangeiro,1140-69-65,HAITONG DO BRASIL DISTRIBUIDORA DE TÍTULOS E VALORES MOBILIÁRIOS S.A.,PARTICIPANTE,2014-01-02,SP
2026-07-08,2026-06-01,HAITONG - PRUDENCIAL,Privado Nacional com Controle Estrangeiro,3389-44-45,HAITONG SECURITIES DO BRASIL CORRETORA DE CÂMBIO E VALORES MOBILIÁRIOS S.A.,PARTICIPANTE,2014-01-02,SP
2026-07-08,2026-06-01,HAITONG - PRUDENCIAL,Privado Nacional com Controle Estrangeiro,,WESTERN STAR FUND LTD,PARTICIPANTE,2016-10-25,
2026-07-08,2026-06-01,HAITONG - PRUDENCIAL,Privado Nacional com Controle Estrangeiro,0139-49-53,HAITONG NEGOCIOS S.A.,HOLDINGNÃOIF,2014-01-02,SP
2026-07-08,2026-06-01,HONDA - PRUDENCIAL,Privado Nacional com Controle Estrangeiro,0363-42-20,BANCO HONDA S.A.,LIDER/HOLDING,2014-01-02,SP
2026-07-08,2026-06-01,HONDA - PRUDENCIAL,Privado Nacional com Controle Estrangeiro,4544-17-89,ADMINISTRADORA DE CONSORCIO NACIONAL HONDA LTDA,PARTICIPANTE,2014-01-02,SP
2026-07-08,2026-06-01,HONDA - PRUDENCIAL,Privado Nacional com Controle Estrangeiro,3421-88-64,CLASSE ÚNICA MULTIMERCADO DO FUNDO DE INVESTIMENTO FINANCEIRO MOTO-HONDA,PARTICIPANTE,2019-11-05,
2026-07-08,2026-06-01,HONDA - PRUDENCIAL,Privado Nacional com Controle Estrangeiro,2827-94-73,FUNDO DE INVESTIMENTO EM DIREITOS CREDITÓRIOS AUTO-HONDA,PARTICIPANTE,2019-11-01,
2026-07-08,2026-06-01,HONDA - PRUDENCIAL,Privado Nacional com Controle Estrangeiro,6388-28-74,FUNDO DE INVESTIMENTO EM DIREITOS CREDITÓRIOS MOTO HONDA II,PARTICIPANTE,2026-03-09,
2026-07-08,2026-06-01,HONDA - PRUDENCIAL,Privado Nacional com Controle Estrangeiro,0363-42-39,HONDA LEASING S.A. - ARRENDAMENTO MERCANTIL,PARTICIPANTE,2014-01-02,SP
2026-07-08,2026-06-01,HS FINANCEIRA - PRUDENCIAL,Privado Nacional,0751-24-41,"HS FINANCEIRA S/A CREDITO, FINANCIAMENTO E INVESTIMENTOS",LIDER/HOLDING,2014-01-02,RS
2026-07-08,2026-06-01,HS FINANCEIRA - PRUDENCIAL,Privado Nacional,7351-61-06,HS ADMINISTRADORA DE CONSÓRCIOS S.A.,PARTICIPANTE,2014-10-20,RS
2026-07-08,2026-06-01,IFOOD PAGO IP - PRUDENCIAL,Privado Nacional,1946-82-42,IFOOD PAGO INSTITUIÇÃO DE PAGAMENTO S.A.,LIDER,2023-10-31,SP
2026-07-08,2026-06-01,IFOOD PAGO IP - PRUDENCIAL,Privado Nacional,6388-27-47,IFOOD PAGO CRÉDITO IV FUNDO DE INVESTIMENTO EM DIREITOS CREDITÓRIOS DE RESPONSABILIDADE  LIMITADA,PARTICIPANTE,2025-12-19,
2026-07-08,2026-06-01,IFOOD PAGO IP - PRUDENCIAL,Privado Nacional,5155-63-07,IFOOD PAGO SOCIEDADE DE CRÉDITO DIRETO S.A.,PARTICIPANTE,2025-03-12,SP
2026-07-08,2026-06-01,INDUSTRIAL DO BRASIL - PRUDENCIAL,Privado Nacional,3189-56-83,BANCO INDUSTRIAL DO BRASIL S.A.,LIDER/HOLDING,2014-01-02,SP
2026-07-08,2026-06-01,INDUSTRIAL DO BRASIL - PRUDENCIAL,Privado Nacional,0099-94-03,INDUSTRIAL DO BRASIL DISTRIBUIDORA DE TÍTULOS E VALORES MOBILIÁRIOS LTDA.,PARTICIPANTE,2014-01-02,SP
2026-07-08,2026-06-01,INTER - PRUDENCIAL,Privado Nacional,0041-69-68,BANCO INTER S.A.,LIDER,2014-01-02,MG
2026-07-08,2026-06-01,INTER - PRUDENCIAL,Privado Nacional,,I,PARTICIPANTE,2023-06-01,EX
2026-07-08,2026-06-01,INTER - PRUDENCIAL,Privado Nacional,4679-93-05,INTER BASE FUNDO DE INVESTIMENTO EM DIREITOS CREDITÓRIOS MULTISSETORIAL - RESPONSABILIDADE LIMITADA,PARTICIPANTE,2023-04-07,
2026-07-08,2026-06-01,INTER - PRUDENCIAL,Privado Nacional,1894-56-70,INTER DISTRIBUIDORA DE TITULOS E VALORES MOBILIARIOS LTDA,PARTICIPANTE,2014-01-02,MG
2026-07-08,2026-06-01,INTER - PRUDENCIAL,Privado Nacional,5850-18-60,INTER HEDGE FUNDO DE INVESTIMENTO IMOBILIARIO - RESPONSABILIDADE LIMITADA,PARTICIPANTE,2025-04-07,MG
2026-07-08,2026-06-01,INTER - PRUDENCIAL,Privado Nacional,6127-23-25,INTER OPORTUNIDADE IMOBILIARIA FUNDO DE INVESTIMENTO IMOBILIARIO - RESPONSABILIDADE LIMITADA,PARTICIPANTE,2025-08-25,MG
2026-07-08,2026-06-01,INTER - PRUDENCIAL,Privado Nacional,2217-78-58,INTER PAG INSTITUIÇÃO DE PAGAMENTO S.A.,PARTICIPANTE,2024-07-19,SP
2026-07-08,2026-06-01,INTER - PRUDENCIAL,Privado Nacional,4265-67-88,SPARK FUNDO DE INVESTIMENTO FINANCEIRO MULTIMERCADO CREDITO PRIVADO INVESTIMENTO NO EXTERIOR,PARTICIPANTE,2021-12-31,MG
2026-07-08,2026-06-01,INTER - PRUDENCIAL,Privado Nacional,3644-34-90,TBI FUNDO DE INVESTIMENTO FINANCEIRO RENDA FIXA CREDITO PRIVADO LONGO PRAZO RESP LIMITADA,PARTICIPANTE,2020-03-02,MG
2026-07-08,2026-06-01,INTRA INVESTIMENTOS DTVM - PRUDENCIAL,Privado Nacional,1548-95-68,INTRA INVESTIMENTOS DISTRIBUIDORA DE TÍTULOS E VALORES MOBILIÁRIOS LTDA,LIDER/HOLDING,2014-01-02,SP
2026-07-08,2026-06-01,INTRA INVESTIMENTOS DTVM - PRUDENCIAL,Privado Nacional,3025-92-40,FUNDO DE INVESTIMENTO MULTIMERCADO INTRADER BLACK THOR,PARTICIPANTE,2020-09-09,SP
2026-07-08,2026-06-01,ITAU - PRUDENCIAL,Privado Nacional,6087-25-04,ITAÚ UNIBANCO HOLDING S.A.,LIDER,2014-01-02,SP
2026-07-08,2026-06-01,ITAU - PRUDENCIAL,Privado Nacional,5732-52-51,ANGICO FIDC SEGMENTO INFRAESTRUTURA E AGRONEGÓCIO DE RESPONSABILIDADE LIMITADA,PARTICIPANTE,2024-12-01,
2026-07-08,2026-06-01,ITAU - PRUDENCIAL,Privado Nacional,3772-17-47,AVENUE HOLDING FINANCEIRA LTDA.,PARTICIPANTE,2026-01-01,SP
2026-07-08,2026-06-01,ITAU - PRUDENCIAL,Privado Nacional,6138-40-04,AVENUE SECURITIES BANCO DE INVESTIMENTO S.A.,PARTICIPANTE,2026-01-30,SP
2026-07-08,2026-06-01,ITAU - PRUDENCIAL,Privado Nacional,6369-39-09,Acácia Fundo de Investimento em Direitos Creditórios Responsabilidade Limitada,PARTICIPANTE,2025-12-01,
2026-07-08,2026-06-01,ITAU - PRUDENCIAL,Privado Nacional,4439-52-52,B2CYCLE FUNDO DE INVESTIMENTO EM DIREITOS CREDITÓRIOS RESPONSABILIDADE LIMITADA,PARTICIPANTE,2022-02-01,
2026-07-08,2026-06-01,ITAU - PRUDENCIAL,Privado Nacional,6118-24-08,BANCO INVESTCRED UNIBANCO S.A.,PARTICIPANTE,2014-01-02,SP
2026-07-08,2026-06-01,ITAU - PRUDENCIAL,Privado Nacional,6039-40-79,BANCO ITAUBANK S.A.,PARTICIPANTE,2014-01-02,SP
2026-07-08,2026-06-01,ITAU - PRUDENCIAL,Privado Nacional,1719-24-51,BANCO ITAUCARD S.A.,PARTICIPANTE,2014-01-02,SP
2026-07-08,2026-06-01,ITAU - PRUDENCIAL,Privado Nacional,6119-06-58,BANCO ITAÚ VEÍCULOS S.A.,PARTICIPANTE,2014-01-02,SP
2026-07-08,2026-06-01,ITAU - PRUDENCIAL,Privado Nacional,5098-82-12,CARTÃO DE COMPRA SUPPLIER FUNDO DE INVESTIMENTO EM DIREITOS CREDITÓRIOS II-RESPONSABILIDADE LIMITADA,PARTICIPANTE,2023-10-01,
2026-07-08,2026-06-01,ITAU - PRUDENCIAL,Privado Nacional,4208-58-30,CLOUDWALK AKIRA I FUNDO DE INVESTIMENTO EM DIREITOS CREDITÓRIOS SEGMENTO MEIOS DE PAGAMENTO,PARTICIPANTE,2022-01-01,
2026-07-08,2026-06-01,ITAU - PRUDENCIAL,Privado Nacional,6565-43-03,DIBENS LEASING S.A. ARRENDAMENTO MERCANTIL,PARTICIPANTE,2014-01-02,SP
2026-07-08,2026-06-01,ITAU - PRUDENCIAL,Privado Nacional,6550-56-78,ERYTHRINA FIDC SEGMENTO INFRAESTRUTURA E AGRONEGÓCIO DE RESPONSABILIDADE LIMITADA,PARTICIPANTE,2026-03-01,
2026-07-08,2026-06-01,ITAU - PRUDENCIAL,Privado Nacional,0688-18-98,"FINANCEIRA ITAÚ CBD S.A. CRÉDITO, FINANCIAMENTO E INVESTIMENTO",PARTICIPANTE,2014-01-02,SP
2026-07-08,2026-06-01,ITAU - PRUDENCIAL,Privado Nacional,0160-19-18,FORTALEZA FUNDO DE INVESTIMENTO IMOBILIARIO DE RESPONSABILIDADE LIMITADA,PARTICIPANTE,2014-01-02,SP
2026-07-08,2026-06-01,ITAU - PRUDENCIAL,Privado Nacional,2929-23-12,FUNDO DE INVESTIMENTO EM DIREITOS CREDITÓRIOS NÃO PADRONIZADOS NPL II,PARTICIPANTE,2018-03-01,
2026-07-08,2026-06-01,ITAU - PRUDENCIAL,Privado Nacional,4899-77-93,IA FUNDO DE INVESTIMENTO EM DIREITOS CREDITÓRIOS - RESPONSABILIDADE LIMITADA,PARTICIPANTE,2023-01-01,
2026-07-08,2026-06-01,ITAU - PRUDENCIAL,Privado Nacional,6209-28-02,IA II - FUNDO DE INVESTIMENTO EM DIREITOS CREDITÓRIOS RESPONSABILIDADE LIMITADA,PARTICIPANTE,2025-10-01,
2026-07-08,2026-06-01,ITAU - PRUDENCIAL,Privado Nacional,3174-95-96,IDEAL CORRETORA DE TÍTULOS E VALORES MOBILIÁRIOS S.A.,PARTICIPANTE,2023-06-21,SP
2026-07-08,2026-06-01,ITAU - PRUDENCIAL,Privado Nacional,3518-45-15,IDEAL HOLDING FINANCEIRA S.A.,PARTICIPANTE,2023-03-01,SP
2026-07-08,2026-06-01,ITAU - PRUDENCIAL,Privado Nacional,6241-81-40,INTRAG DISTRIBUIDORA DE TITULOS E VALORES MOBILIARIOS LTDA.,PARTICIPANTE,2014-01-02,SP
2026-07-08,2026-06-01,ITAU - PRUDENCIAL,Privado Nacional,0691-27-85,IRESOLVE COMPANHIA SECURITIZADORA DE CREDITOS FINANCEIROS S.A.,PARTICIPANTE,2016-08-01,PE
2026-07-08,2026-06-01,ITAU - PRUDENCIAL,Privado Nacional,0342-46-16,ITAU COMPANHIA SECURITIZADORA DE CREDITOS FINANCEIROS,PARTICIPANTE,2014-01-02,SP
2026-07-08,2026-06-01,ITAU - PRUDENCIAL,Privado Nacional,6119-43-53,ITAU CORRETORA DE VALORES S.A.,PARTICIPANTE,2014-01-02,SP
2026-07-08,2026-06-01,ITAU - PRUDENCIAL,Privado Nacional,6257-30-18,ITAU ISENTO JULHO 28 FIC DE FUNDOS INCENTIVADOS DE INV FINANCEIRO EM INFRA RF RESP LIMITADA,PARTICIPANTE,2025-09-01,SP
2026-07-08,2026-06-01,ITAU - PRUDENCIAL,Privado Nacional,6036-54-30,ITAU ISENTO MARCO 28 FUNDO DE INVESTIMENTO EM COTAS DE FIIF EM INFRA RF - RESP LIMITADA,PARTICIPANTE,2025-05-01,SP
2026-07-08,2026-06-01,ITAU - PRUDENCIAL,Privado Nacional,6036-58-45,ITAU ISENTO MARCO 29 FUNDO DE INVESTIMENTO EM COTAS DE FIIF EM INFRA RF - RESP LIMITADA,PARTICIPANTE,2025-05-01,SP
2026-07-08,2026-06-01,ITAU - PRUDENCIAL,Privado Nacional,6036-56-71,ITAU ISENTO SETEMBRO 28 FUNDO DE INVESTIMENTO EM COTAS DE FIIF EM INFRA RF RESP LIMITADA,PARTICIPANTE,2025-05-01,SP
2026-07-08,2026-06-01,ITAU - PRUDENCIAL,Privado Nacional,6135-17-20,ITAU ISENTO SETEMBRO 29 FIC DE FUNDOS INCENTIVADOS DE INV FINANCEIRO EM INFRA RF RESP LIMITADA,PARTICIPANTE,2025-06-01,SP
2026-07-08,2026-06-01,ITAU - PRUDENCIAL,Privado Nacional,1484-32-35,ITAU KINEA PRIVATE EQUITY MULTIMERCADO FIF CIC CREDITO PRIVADO RESP LIMITADA,PARTICIPANTE,2015-01-02,SP
2026-07-08,2026-06-01,ITAU - PRUDENCIAL,Privado Nacional,3286-43-13,ITAU VENTURES FIP MULTIESTRATEGIA INVESTIMENTO NO EXTERIOR RESPONSABILIDADE LIMITADA,PARTICIPANTE,2020-03-01,SP
2026-07-08,2026-06-01,ITAU - PRUDENCIAL,Privado Nacional,5281-51-31,ITAU-BBA TRADING S/A,PARTICIPANTE,2021-12-01,SP
2026-07-08,2026-06-01,ITAU - PRUDENCIAL,Privado Nacional,6579-60-61,ITAUBA FUNDO DE INVESTIMENTO EM PARTICIPACOES EM INFRAESTRUTURA RESPONSABILIDADE LIMITADA,PARTICIPANTE,2026-04-01,SP
2026-07-08,2026-06-01,ITAU - PRUDENCIAL,Privado Nacional,6049-14-42,ITAUBA FUNDO INCENTIVADO DE INVESTIMENTO FINANCEIRO EM INFRAESTRUTURA RENDA FIXA RESP LIMITADA,PARTICIPANTE,2025-05-01,SP
2026-07-08,2026-06-01,ITAU - PRUDENCIAL,Privado Nacional,0000-07-76,ITAÚ ADMINISTRADORA DE CONSÓRCIOS LTDA.,PARTICIPANTE,2014-01-02,SP
2026-07-08,2026-06-01,ITAU - PRUDENCIAL,Privado Nacional,,ITAÚ BBA TRADING S.A. - SUCURSAL URUGUAY,PARTICIPANTE,2022-12-01,
2026-07-08,2026-06-01,ITAU - PRUDENCIAL,Privado Nacional,6070-11-90,ITAÚ UNIBANCO S.A.,PARTICIPANTE,2014-01-02,SP
2026-07-08,2026-06-01,ITAU - PRUDENCIAL,Privado Nacional,4242-17-76,ITAÚ UNIBANCO VEÍCULOS ADMINISTRADORA DE CONSÓRCIOS LTDA.,PARTICIPANTE,2014-01-02,SP
2026-07-08,2026-06-01,ITAU - PRUDENCIAL,Privado Nacional,0577-19-68,ITB HOLDING LTD,PARTICIPANTE,2015-06-01,
2026-07-08,2026-06-01,ITAU - PRUDENCIAL,Privado Nacional,6283-77-73,JACARANDÁ FUNDO DE INVESTIMENTO EM DIREITOS CREDITÓRIOS ECO INVEST BRASIL DE RESP LIMITADA,PARTICIPANTE,2025-10-01,
2026-07-08,2026-06-01,ITAU - PRUDENCIAL,Privado Nacional,6616-14-08,KINEA ATACAMA FUNDO DE INVESTIMENTO FINANCEIRO RENDA FIXA LONGO PRAZO RESP LIMITADA,PARTICIPANTE,2026-04-01,SP
2026-07-08,2026-06-01,ITAU - PRUDENCIAL,Privado Nacional,3081-66-79,KINEA CO-INVESTIMENTO  FUNDO DE INVESTIMENTO IMOBILIARIO RESPONSABILIDADE LIMITADA,PARTICIPANTE,2019-03-01,SP
2026-07-08,2026-06-01,ITAU - PRUDENCIAL,Privado Nacional,4962-00-12,KINEA EQUITY INFRA I WAREHOUSE FEEDER MULTIMERCADO FIF CIC CRED PRIV RESP LIMITADA,PARTICIPANTE,2023-07-01,SP
2026-07-08,2026-06-01,ITAU - PRUDENCIAL,Privado Nacional,5724-61-76,KINEA FOF IMOB INSTITUCIONAL FUNDO DE INVESTIMENTO MULTIMERCADO,PARTICIPANTE,2024-10-01,SP
2026-07-08,2026-06-01,ITAU - PRUDENCIAL,Privado Nacional,1054-53-24,KINEA I PRIVATE EQUITY FUNDO DE INVESTIMENTO EM PARTICIPACOES MULTIESTRATEGIA RESP LIMITADA,PARTICIPANTE,2014-01-02,SP
2026-07-08,2026-06-01,ITAU - PRUDENCIAL,Privado Nacional,6402-64-19,KINEA IMA- B5 ABSOLUTO FUNDO DE INVESTIMENTO FINANCEIRO RENDA FIXA LP RESP LIMITADA,PARTICIPANTE,2026-02-01,SP
2026-07-08,2026-06-01,ITAU - PRUDENCIAL,Privado Nacional,3157-01-07,KINEA KP FUNDO DE INVESTIMENTO FINANCEIRO MULTIMERCADO CREDITO PRIVADO RESP LIMITADA,PARTICIPANTE,2019-04-01,SP
2026-07-08,2026-06-01,ITAU - PRUDENCIAL,Privado Nacional,5227-14-64,KIWIFY FUNDO DE INVESTIMENTO EM DIREITOS CREDITÓRIOS SEGMENTO MEIOS DE PAGAMENTO DE RESPONSABILIDADE,PARTICIPANTE,2024-10-01,
2026-07-08,2026-06-01,ITAU - PRUDENCIAL,Privado Nacional,,LICANIA FUND LIMITED,PARTICIPANTE,2014-01-02,
2026-07-08,2026-06-01,ITAU - PRUDENCIAL,Privado Nacional,0220-65-77,"LUIZACRED S.A. SOCIEDADE DE CRÉDITO, FINANCIAMENTO E INVESTIMENTO",PARTICIPANTE,2014-01-02,SP
2026-07-08,2026-06-01,ITAU - PRUDENCIAL,Privado Nacional,6128-56-03,MAROBÁ FUNDO DE INVESTMENTO EM DIREITOS CREDITÓRIOS RESPONSABILIDADE LIMITADA,PARTICIPANTE,2025-06-01,
2026-07-08,2026-06-01,ITAU - PRUDENCIAL,Privado Nacional,0507-62-39,MICROINVEST S.A. SOCIEDADE DE CRÉDITO A MICROEMPREENDEDOR,PARTICIPANTE,2014-01-02,SP
2026-07-08,2026-06-01,ITAU - PRUDENCIAL,Privado Nacional,5727-06-66,MOBILITAS FUNDO DE INVESTIMENTO EM DIREITOS CREDITÓRIOS - RESPONSABILIDADE LIMITADA,PARTICIPANTE,2024-10-01,
2026-07-08,2026-06-01,ITAU - PRUDENCIAL,Privado Nacional,6370-01-13,NC 2025 I FUNDO DE INVESTIMENTO  EM DIREITOS CREDITÓRIOS RESPONSABILIDADE LIMITADA,PARTICIPANTE,2025-12-01,
2026-07-08,2026-06-01,ITAU - PRUDENCIAL,Privado Nacional,,OCA DINERO ELECTRÓNICO S.A.,PARTICIPANTE,2020-08-12,
2026-07-08,2026-06-01,ITAU - PRUDENCIAL,Privado Nacional,0877-19-62,OITI FIF MULTIMERCADO CREDITO PRIVADO INVESTIMENTO NO EXTERIOR RESPONSABILIDADE LIMITADA,PARTICIPANTE,2014-01-02,SP
2026-07-08,2026-06-01,ITAU - PRUDENCIAL,Privado Nacional,0841-75-44,PRAVALER CRÉDITO UNIVERSITÁRIO FUNDO DE INVESTIMENTO EM DIREITOS CREDITÓRIOS - RESP LIMITADA,PARTICIPANTE,2019-12-01,
2026-07-08,2026-06-01,ITAU - PRUDENCIAL,Privado Nacional,2674-90-95,PRAVALER CRÉDITO UNIVERSITÁRIO II FUNDO DE INVESTIMENTO EM DIREITOS CREDITÓRIOS - RESP LIMITADAL,PARTICIPANTE,2019-12-01,
2026-07-08,2026-06-01,ITAU - PRUDENCIAL,Privado Nacional,5598-37-05,PRAVALER CRÉDITO UNIVERSITÁRIO IV FUNDO DE INVESTIMENTO EM DIREITOS CREDITÓRIOS - RESP LIMITADA,PARTICIPANTE,2024-10-01,
2026-07-08,2026-06-01,ITAU - PRUDENCIAL,Privado Nacional,0142-57-87,REDECARD INSTITUIÇÃO DE PAGAMENTO S.A.,PARTICIPANTE,2017-03-24,SP
2026-07-08,2026-06-01,ITAU - PRUDENCIAL,Privado Nacional,4674-39-43,REDECARD SOCIEDADE DE CRÉDITO DIRETO S.A.,PARTICIPANTE,2022-06-01,SP
2026-07-08,2026-06-01,ITAU - PRUDENCIAL,Privado Nacional,,RIBLINOR S.A,PARTICIPANTE,2026-03-01,
2026-07-08,2026-06-01,ITAU - PRUDENCIAL,Privado Nacional,0143-40-78,SCALA CURTO PRAZO- FUNDO DE INVESTIMENTO EM COTAS DE FUNDOS DE INVESTIMENTO,PARTICIPANTE,2015-12-01,SP
2026-07-08,2026-06-01,ITAU - PRUDENCIAL,Privado Nacional,6297-18-02,SINGULAR GLOBAL FUNDO DE INVESTIMENTO FINANCEIRO,PARTICIPANTE,2026-04-01,SP
2026-07-08,2026-06-01,ITAU - PRUDENCIAL,Privado Nacional,4896-77-19,SOULPAY FUNDO DE INVESTIMENTO EM DIREITOS CREDITÓRIOS,PARTICIPANTE,2023-01-01,
2026-07-08,2026-06-01,ITAU - PRUDENCIAL,Privado Nacional,6262-68-87,SUMUP SMART IV FIDC SEGMENTO MEIOS DE PAGAMENTO DE RESPONSABILIDADE LIMITADA,PARTICIPANTE,2025-11-01,
2026-07-08,2026-06-01,ITAU - PRUDENCIAL,Privado Nacional,4559-87-47,SUMUP SOLO FUNDO DE INVESTIMENTO EM DIREITOS CREDITÓRIOS SEGMENTO MEIOS DE PAGAMENTO DE RESPONSABILI,PARTICIPANTE,2022-05-01,
2026-07-08,2026-06-01,ITAU - PRUDENCIAL,Privado Nacional,5417-89-02,TANGERINA FUNDO DE INVESTIMENTO EM DIREITOS CREDITÓRIOS - RESPONSABILIDADE LIMITADA,PARTICIPANTE,2024-04-01,
2026-07-08,2026-06-01,ITAU - PRUDENCIAL,Privado Nacional,3865-81-14,TARUMA FIF FUNDO INCENTIVADO EM INVESTIMENTO EM DEBENTURES DE INFRA RF CRED PRIV RESP LIMITADA,PARTICIPANTE,2021-02-28,SP
2026-07-08,2026-06-01,ITAU - PRUDENCIAL,Privado Nacional,6064-89-39,THEROS FUNDO DE INVESTIMENTO NAS CADEIAS PRODUTIVAS DO AGRONEGOCIO FIAGRO RESPONSABILIDADE LIMITADA,PARTICIPANTE,2025-06-01,RJ
2026-07-08,2026-06-01,ITAU - PRUDENCIAL,Privado Nacional,0717-96-24,UNIBANCO AJ TÖTULOS PéBLICOS FUNDO DE INVESTIMENTO REFERENCIADO DI,PARTICIPANTE,2014-01-02,SP
2026-07-08,2026-06-01,ITAU - PRUDENCIAL,Privado Nacional,0758-67-37,UNIBANCO DJ TÖTULOS PéBLICOS FUNDO DE INVESTIMENTO REFERENCIADO DI,PARTICIPANTE,2014-01-02,SP
2026-07-08,2026-06-01,ITAU - PRUDENCIAL,Privado Nacional,6275-14-24,VITEX FIF FUNDO INCENTIVADO EM INVESTIMENTO EM DEBENTURES DE INFRA RF CRED PRIV RESP LIMITADA,PARTICIPANTE,2025-10-01,SP
2026-07-08,2026-06-01,IUGU IP - PRUDENCIAL,Privado Nacional,1511-19-75,IUGU INSTITUIÇÃO DE PAGAMENTO S.A.,LIDER,2020-08-27,SP
2026-07-08,2026-06-01,IUGU IP - PRUDENCIAL,Privado Nacional,4501-93-34,IUGU I UR - FIDC - UNIDADE DE RECEBÍVEIS  RESPONSABILIDADE LIMITADA,PARTICIPANTE,2022-02-24,
2026-07-08,2026-06-01,J17 SCD - PRUDENCIAL,Privado Nacional,4047-58-46,J17 - SOCIEDADE DE CRÉDITO DIRETO S/A,LIDER,2020-12-22,PR
2026-07-08,2026-06-01,J17 SCD - PRUDENCIAL,Privado Nacional,6301-91-46,"J17 - SOCIEDADE DE CRÉDITO, FINANCIAMENTO E INVESTIMENTO S/A",PARTICIPANTE,2025-09-30,PR
2026-07-08,2026-06-01,JP MORGAN CHASE - PRUDENCIAL,Privado Nacional com Controle Estrangeiro,3317-25-37,BANCO J.P. MORGAN S.A.,LIDER/HOLDING,2014-01-02,SP
2026-07-08,2026-06-01,JP MORGAN CHASE - PRUDENCIAL,Privado Nacional com Controle Estrangeiro,0488-55-03,ATACAMA MULTIMERCADO - FUNDO DE INVESTIMENTO,PARTICIPANTE,2019-11-29,SP
2026-07-08,2026-06-01,JP MORGAN CHASE - PRUDENCIAL,Privado Nacional com Controle Estrangeiro,3258-81-39,J.P. MORGAN CORRETORA DE TÍTULOS E VALORES MOBILIÁRIOS S.A.,PARTICIPANTE,2014-01-02,SP
2026-07-08,2026-06-01,JP MORGAN CHASE - PRUDENCIAL,Privado Nacional com Controle Estrangeiro,3385-12-05,J.P. MORGAN S.A. - DISTRIBUIDORA DE TÍTULOS E VALORES MOBILIÁRIOS,PARTICIPANTE,2014-01-02,SP
2026-07-08,2026-06-01,JP MORGAN CHASE - PRUDENCIAL,Privado Nacional com Controle Estrangeiro,4651-82-05,"JPMORGAN CHASE BANK, NATIONAL ASSOCIATION",PARTICIPANTE,2014-01-02,SP
2026-07-08,2026-06-01,KANASTRA FINANCEIRA CFI - PRUDENCIAL,Privado Nacional,4928-81-13,"KANASTRA FINANCEIRA S.A, CREDITO, FINANCIAMENTO E INVESTIMENTO",LIDER,2024-12-18,MG
2026-07-08,2026-06-01,KANASTRA FINANCEIRA CFI - PRUDENCIAL,Privado Nacional,6315-84-01,K1 FUNDO DE INVESTIMENTO FINANCEIRO - CLASSE DE INVESTIMENTO MULTIMERCADO CREDITO PRIVADO - RESPONSA,PARTICIPANTE,2025-10-24,SP
2026-07-08,2026-06-01,LEND SCD - PRUDENCIAL,Privado Nacional,3752-60-80,LEND SOCIEDADE DE CRÉDITO DIRETO S.A.,LIDER,2020-05-11,SP
2026-07-08,2026-06-01,LEND SCD - PRUDENCIAL,Privado Nacional,4415-47-79,LEND INSTITUICAO DE PAGAMENTO LTDA,PARTICIPANTE,2023-09-13,SP
2026-07-08,2026-06-01,LISTO IP - PRUDENCIAL,Privado Nacional,3297-10-64,LISTO INSTITUICAO DE PAGAMENTO LTDA,LIDER,2025-02-06,SP
2026-07-08,2026-06-01,LISTO IP - PRUDENCIAL,Privado Nacional,3408-80-29,LISTO SOCIEDADE DE CREDITO DIRETO S.A.,PARTICIPANTE,2025-07-31,SP
2026-07-08,2026-06-01,MAF-BRL TRUST - PRUDENCIAL,Privado Nacional,1348-67-93,BRL TRUST DISTRIBUIDORA DE TÍTULOS E VALORES MOBILIÁRIOS S.A.,LIDER/HOLDING,2014-01-02,SP
2026-07-08,2026-06-01,MAF-BRL TRUST - PRUDENCIAL,Privado Nacional,3686-49-92,MAF DISTRIBUIDORA DE TÍTULOS E VALORES MOBILIÁRIOS S.A.,PARTICIPANTE,2024-06-02,SP
2026-07-08,2026-06-01,MAGALUPAY IP - PRUDENCIAL,Privado Nacional,1388-47-75,MAGALUPAY INSTITUIÇÃO DE PAGAMENTO S.A.,LIDER,2020-07-06,SP
2026-07-08,2026-06-01,MAGALUPAY IP - PRUDENCIAL,Privado Nacional,6102-16-73,"MAGALUPAY - SOCIEDADE DE CRÉDITO, FINANCIAMENTO E INVESTIMENTO S.A.",PARTICIPANTE,2025-02-19,SP
2026-07-08,2026-06-01,MAREE IP - PRUDENCIAL,Privado Nacional,3837-22-67,MAREE INSTITUIÇÃO DE PAGAMENTO LTDA.,LIDER,2022-05-02,SP
2026-07-08,2026-06-01,MAREE IP - PRUDENCIAL,Privado Nacional,4875-18-54,MAREE SOCIEDADE DE CRÉDITO DIRETO S.A.,PARTICIPANTE,2024-07-31,SP
2026-07-08,2026-06-01,MAREE IP - PRUDENCIAL,Privado Nacional,6305-56-68,"MAREE SOCIEDADE DE CRÉDITO, FINANCIAMENTO E INVESTIMENTO S.A.",PARTICIPANTE,2026-02-24,SP
2026-07-08,2026-06-01,MERCADO BITCOIN - PRUDENCIAL,Privado Nacional,1668-30-62,MERCADO BITCOIN CORRETORA DE TÍTULOS E VALORES MOBILIÁRIOS S.A.,LIDER,2026-02-20,MG
2026-07-08,2026-06-01,MERCADO BITCOIN - PRUDENCIAL,Privado Nacional,1135-10-86,MERCADO BITCOIN INSTITUICAO DE PAGAMENTO LTDA,PARTICIPANTE,2026-02-20,SP
2026-07-08,2026-06-01,MERCADO PAGO IP - PRUDENCIAL,Privado Nacional,1057-35-21,MERCADO PAGO INSTITUIÇÃO DE PAGAMENTO LTDA.,LIDER,2020-12-10,SP
2026-07-08,2026-06-01,MERCADO PAGO IP - PRUDENCIAL,Privado Nacional,3767-94-49,"MERCADO CRÉDITO SOCIEDADE DE CRÉDITO, FINANCIAMENTO E INVESTIMENTO S.A.",PARTICIPANTE,2020-12-10,SP
2026-07-08,2026-06-01,MERCADO PAGO IP - PRUDENCIAL,Privado Nacional,5767-14-43,MERCADO PAGO DISTRIBUIDORA DE TÍTULOS E VALORES MOBILIÁRIOS LTDA.,PARTICIPANTE,2024-09-30,SP
2026-07-08,2026-06-01,MERCANTIL DO BRASIL - PRUDENCIAL,Privado Nacional,1718-40-37,BANCO MERCANTIL DO BRASIL S.A.,LIDER/HOLDING,2014-01-02,MG
2026-07-08,2026-06-01,MERCANTIL DO BRASIL - PRUDENCIAL,Privado Nacional,3416-95-57,BANCO MERCANTIL DE INVESTIMENTOS S/A,PARTICIPANTE,2014-01-02,MG
2026-07-08,2026-06-01,MERCANTIL DO BRASIL - PRUDENCIAL,Privado Nacional,1186-30-27,COSEFI - COMPANHIA SECURITIZADORA DE CREDITOS FINANCEIROS,PARTICIPANTE,2017-10-31,MG
2026-07-08,2026-06-01,MERCANTIL DO BRASIL - PRUDENCIAL,Privado Nacional,3217-72-94,MB BI FUNDO DE INVESTIMENTO IMOBILIARIO - RESPONSABILIDADE LIMITADA,PARTICIPANTE,2020-10-30,MG
2026-07-08,2026-06-01,MERCANTIL DO BRASIL - PRUDENCIAL,Privado Nacional,1736-47-95,MERCANTIL DO BRASIL DISTRIBUIDORA S.A. - TÍTULOS E VALORES MOBILIÁRIOS,PARTICIPANTE,2014-01-02,MG
2026-07-08,2026-06-01,MERCANTIL DO BRASIL - PRUDENCIAL,Privado Nacional,3304-06-01,"MERCANTIL FINANCEIRA S.A. - SOCIEDADE DE CRÉDITO, FINANCIAMENTO E INVESTIMENTO.",PARTICIPANTE,2014-01-02,MG
2026-07-08,2026-06-01,MERCANTIL DO BRASIL - PRUDENCIAL,Privado Nacional,5157-12-99,OPEA SPE 01 COMPANHIA SECURITIZADORA DE CREDITOS FINANCEIROS,PARTICIPANTE,2023-11-17,SP
2026-07-08,2026-06-01,MERCEDES-BENZ - PRUDENCIAL,Privado Nacional com Controle Estrangeiro,6081-41-91,BANCO MERCEDES-BENZ DO BRASIL S.A.,LIDER/HOLDING,2014-01-02,SP
2026-07-08,2026-06-01,MERCEDES-BENZ - PRUDENCIAL,Privado Nacional com Controle Estrangeiro,0016-27-60,MERCEDES-BENZ LEASING DO BRASIL ARRENDAMENTO MERCANTIL S.A.,PARTICIPANTE,2014-01-02,SP
2026-07-08,2026-06-01,MONTE BRAVO CTVM - PRUDENCIAL,Privado Nacional,5048-91-48,MONTE BRAVO CORRETORA DE TÍTULOS E VALORES MOBILIÁRIOS S.A.,LIDER,2023-10-06,SP
2026-07-08,2026-06-01,MONTE BRAVO CTVM - PRUDENCIAL,Privado Nacional,6067-53-10,ALLION FUNDO DE INVESTIMENTO FINANCEIRO MULTIMERCADO,PARTICIPANTE,2025-06-18,RJ
2026-07-08,2026-06-01,MORGAN STANLEY - PRUDENCIAL,Privado Nacional com Controle Estrangeiro,0280-19-38,BANCO MORGAN STANLEY S.A.,LIDER,2014-01-02,SP
2026-07-08,2026-06-01,MORGAN STANLEY - PRUDENCIAL,Privado Nacional com Controle Estrangeiro,0957-70-34,CAIEIRAS FUNDO DE INVESTIMENTO MULTIMERCADO - INVESTIMENTO NO EXTERIOR,PARTICIPANTE,2014-01-02,
2026-07-08,2026-06-01,MORGAN STANLEY - PRUDENCIAL,Privado Nacional com Controle Estrangeiro,0432-33-51,MORGAN STANLEY CORRETORA DE TÍTULOS E VALORES MOBILIÁRIOS S.A.,PARTICIPANTE,2014-01-02,SP
2026-07-08,2026-06-01,MORGAN STANLEY - PRUDENCIAL,Privado Nacional com Controle Estrangeiro,,MORGAN STANLEY DERIVATIVES PRODUCTS FUND,PARTICIPANTE,2014-01-02,
2026-07-08,2026-06-01,MÉRITO DTVM - PRUDENCIAL,Privado Nacional,4159-25-32,MÉRITO DISTRIBUIDORA DE TÍTULOS E VALORES MOBILIÁRIOS LTDA.,LIDER,2021-09-27,SP
2026-07-08,2026-06-01,MÉRITO DTVM - PRUDENCIAL,Privado Nacional,5777-14-16,"MÉRITO SOCIEDADE DE CRÉDITO, FINANCIAMENTO E INVESTIMENTO S.A.",PARTICIPANTE,2025-10-21,SP
2026-07-08,2026-06-01,MÊNTORE IP - PRUDENCIAL,Privado Nacional,3234-31-19,MÊNTORE INSTITUIÇÃO DE PAGAMENTO S.A.,LIDER,2025-06-12,CE
2026-07-08,2026-06-01,MÊNTORE IP - PRUDENCIAL,Privado Nacional,4608-27-63,MENTORE FUNDO DE INVESTIMENTO EM DIREITOS CREDITÓRIOS - RESPONSABILIDADE LIMITADA,PARTICIPANTE,2025-06-12,
2026-07-08,2026-06-01,MÊNTORE IP - PRUDENCIAL,Privado Nacional,5769-10-78,MENTORE II FUNDO DE INVESTIMENTO EM DIREITOS CREDITÓRIOS,PARTICIPANTE,2025-06-12,
2026-07-08,2026-06-01,MÊNTORE IP - PRUDENCIAL,Privado Nacional,5705-08-94,MENTORE SECURITIZADORA S A,PARTICIPANTE,2025-06-12,CE
2026-07-08,2026-06-01,NEON PAGAMENTOS IP - PRUDENCIAL,Privado Nacional,2085-58-75,NEON PAGAMENTOS S.A. - INSTITUIÇÃO DE PAGAMENTO,LIDER,2021-04-08,SP
2026-07-08,2026-06-01,NEON PAGAMENTOS IP - PRUDENCIAL,Privado Nacional,3299-07-30,C+ VALORA FUNDO DE INVESTIMENTO EM DIREITOS CREDITÓRIOS,PARTICIPANTE,2021-07-29,
2026-07-08,2026-06-01,NEON PAGAMENTOS IP - PRUDENCIAL,Privado Nacional,2352-10-77,CONSIGA MAIS FUNDO DE INVESTIMENTO EM DIREITOS CREDITÓRIOS,PARTICIPANTE,2021-07-29,
2026-07-08,2026-06-01,NEON PAGAMENTOS IP - PRUDENCIAL,Privado Nacional,2924-29-13,FUNDO DE INVESTIMENTO EM DIREITOS CREDITÓRIOS NEON FGTS,PARTICIPANTE,2022-10-28,
2026-07-08,2026-06-01,NEON PAGAMENTOS IP - PRUDENCIAL,Privado Nacional,4742-58-87,FUNDO DE INVESTIMENTO EM DIREITOS CREDITÓRIOS NEON UP,PARTICIPANTE,2022-11-01,
2026-07-08,2026-06-01,NEON PAGAMENTOS IP - PRUDENCIAL,Privado Nacional,4208-13-46,NEON BLUE FUNDO DE INVESTIMENTO FINANCEIRO MULTIMERCADO,PARTICIPANTE,2021-04-08,RJ
2026-07-08,2026-06-01,NEON PAGAMENTOS IP - PRUDENCIAL,Privado Nacional,6172-38-47,NEON CORRETORA DE TÍTULOS E VALORES MOBILIÁRIOS S.A.,PARTICIPANTE,2022-02-14,SP
2026-07-08,2026-06-01,NEON PAGAMENTOS IP - PRUDENCIAL,Privado Nacional,1128-51-04,"NEON FINANCEIRA - SOCIEDADE DE CRÉDITO, FINANCIAMENTO E INVESTIMENTO S.A",PARTICIPANTE,2023-02-17,SP
2026-07-08,2026-06-01,NG CASH IP - PRUDENCIAL,Privado Nacional,4071-05-95,NG CASH INSTITUIÇÃO DE PAGAMENTO LTDA.,LIDER,2025-05-15,SP
2026-07-08,2026-06-01,NG CASH IP - PRUDENCIAL,Privado Nacional,4559-75-46,NG CASH SOCIEDADE DE CRÉDITO DIRETO S.A.,PARTICIPANTE,2025-09-23,RJ
2026-07-08,2026-06-01,NU PAGAMENTOS - PRUDENCIAL,Privado Nacional,1823-61-20,NU PAGAMENTOS S.A. - INSTITUIÇÃO DE PAGAMENTO,LIDER,2017-05-18,SP
2026-07-08,2026-06-01,NU PAGAMENTOS - PRUDENCIAL,Privado Nacional,5129-04-97,MT INSS RECEIVABLES V FUNDO DE INVESTIMENTO EM DIREITOS CREDITÓRIOS CONSIGNADOS,PARTICIPANTE,2024-11-30,
2026-07-08,2026-06-01,NU PAGAMENTOS - PRUDENCIAL,Privado Nacional,3068-08-29,"NU FINANCEIRA S.A. - SOCIEDADE DE CRÉDITO, FINANCIAMENTO E INVESTIMENTO",PARTICIPANTE,2018-11-23,SP
2026-07-08,2026-06-01,NU PAGAMENTOS - PRUDENCIAL,Privado Nacional,6216-98-75,NU INVESTIMENTOS S.A. - CORRETORA DE TÍTULOS E VALORES MOBILIÁRIOS,PARTICIPANTE,2021-07-09,SP
2026-07-08,2026-06-01,NU PAGAMENTOS - PRUDENCIAL,Privado Nacional,3221-92-32,NUPAY FOR BUSINESS INSTITUICAO DE PAGAMENTO LTDA.,PARTICIPANTE,2022-01-01,SP
2026-07-08,2026-06-01,NU PAGAMENTOS - PRUDENCIAL,Privado Nacional,5315-87-18,RUBICON GLOBAL OPPORTUNITIES FUNDO DE INVESTIMENTO FINANCEIRO MULTIMERCADO CP IE,PARTICIPANTE,2024-01-31,RJ
2026-07-08,2026-06-01,NVIO BRASIL BITSO IP - PRUDENCIAL,Privado Nacional,3513-61-20,NVIO BRASIL BITSO INSTITUIÇÃO DE PAGAMENTO LTDA,LIDER,2023-03-23,SP
2026-07-08,2026-06-01,NVIO BRASIL BITSO IP - PRUDENCIAL,Privado Nacional,5111-87-18,NVIO BRASIL SOCIEDADE DE CRÉDITO DIRETO S.A.,PARTICIPANTE,2023-05-03,SP
2026-07-08,2026-06-01,OMNI - PRUDENCIAL,Privado Nacional,9222-84-10,OMNI S.A. - CREDITO FINANCIAMENTO E INVESTIMENTO,LIDER/HOLDING,2014-01-02,SP
2026-07-08,2026-06-01,OMNI - PRUDENCIAL,Privado Nacional,1248-11-00,BIZ INSTITUIÇÃO DE PAGAMENTO S.A.,PARTICIPANTE,2024-04-18,SP
2026-07-08,2026-06-01,OMNI - PRUDENCIAL,Privado Nacional,1881-05-53,FINSOL SOCIEDADE DE CRÉDITO AO MICROEMPREENDEDOR E À EMPRESA DE PEQUENO PORTE S.A.,PARTICIPANTE,2022-05-02,PE
2026-07-08,2026-06-01,OMNI - PRUDENCIAL,Privado Nacional,1305-60-19,INDEPENDENCIA PARTICIPACOES S.A.,PARTICIPANTE,2022-05-02,PE
2026-07-08,2026-06-01,OMNI - PRUDENCIAL,Privado Nacional,0032-39-02,MULTIBENS - COMPANHIA SECURITIZADORA DE CREDITOS FINANCEIROS,PARTICIPANTE,2014-07-16,SP
2026-07-08,2026-06-01,OMNI - PRUDENCIAL,Privado Nacional,6085-02-29,OMNI BANCO S.A.,PARTICIPANTE,2017-06-26,SP
2026-07-08,2026-06-01,OMNI - PRUDENCIAL,Privado Nacional,0786-77-33,OMNI COMPANHIA SECURITIZADORA DE CREDITOS FINANCEIROS,PARTICIPANTE,2014-07-16,SP
2026-07-08,2026-06-01,OMNI - PRUDENCIAL,Privado Nacional,1884-63-64,OMNI S.A. ARRENDAMENTO MERCANTIL,PARTICIPANTE,2014-01-02,SP
2026-07-08,2026-06-01,ORIGINAL - PRUDENCIAL,Privado Nacional,9289-49-22,BANCO ORIGINAL S.A.,LIDER,2024-10-21,SP
2026-07-08,2026-06-01,ORIGINAL - PRUDENCIAL,Privado Nacional,6118-46-25,ATLAS FUNDO DE INVESTIMENTO NAS CADEIAS PRODUTIVAS DO AGRONEGOCIO - FIAGRO - RESPONSABILIDADE LIMITA,PARTICIPANTE,2026-03-04,RJ
2026-07-08,2026-06-01,ORIGINAL - PRUDENCIAL,Privado Nacional,5092-42-66,FLORA FUNDO DE INVESTIMENTO EM PARTICIPACOES MULTIESTRATEGIA,PARTICIPANTE,2024-10-21,SP
2026-07-08,2026-06-01,ORIGINAL - PRUDENCIAL,Privado Nacional,4124-03-21,LAGUZ I FUNDO DE INVESTIMENTO EM DIREITOS CREDITÓRIOS NÃO-PADRONIZADOS,PARTICIPANTE,2021-09-28,
2026-07-08,2026-06-01,ORIGINAL - PRUDENCIAL,Privado Nacional,5766-07-65,ORIGINAL FUNDO DE INVESTIMENTO EM DIREITOS CREDITÓRIOS,PARTICIPANTE,2025-03-31,
2026-07-08,2026-06-01,ORIGINAL - PRUDENCIAL,Privado Nacional,1121-48-23,ORIGINAL HUB LTDA.,PARTICIPANTE,2019-11-30,SP
2026-07-08,2026-06-01,ORIGINAL - PRUDENCIAL,Privado Nacional,6331-02-09,ORIGINAL II FUNDO DE INVESTIMENTO EM DIREITOS CREDITÓRIOS,PARTICIPANTE,2025-12-17,
2026-07-08,2026-06-01,OURIBANK - PRUDENCIAL,Privado Nacional,7863-27-67,OURIBANK S.A. BANCO MÚLTIPLO,LIDER/HOLDING,2014-01-02,SP
2026-07-08,2026-06-01,OURIBANK - PRUDENCIAL,Privado Nacional,6027-61-38,MERCURY FIC FIF MULTIMERCADO,PARTICIPANTE,2026-03-01,SP
2026-07-08,2026-06-01,OXY CH - PRUDENCIAL,Privado Nacional,1828-20-93,OXY COMPANHIA HIPOTECÁRIA,LIDER,2020-07-03,RS
2026-07-08,2026-06-01,OXY CH - PRUDENCIAL,Privado Nacional,6266-76-74,OXY DISTRIBUIDORA DE TÍTULOS E VALORES MOBILIÁRIOS S.A.,PARTICIPANTE,2025-08-05,RS
2026-07-08,2026-06-01,PAGSEGURO - PRUDENCIAL,Privado Nacional,0856-17-01,PAGSEGURO INTERNET INSTITUIÇÃO DE PAGAMENTO S.A.,LIDER,2018-10-19,SP
2026-07-08,2026-06-01,PAGSEGURO - PRUDENCIAL,Privado Nacional,1026-46-63,BANCOSEGURO S.A.,PARTICIPANTE,2020-04-30,SP
2026-07-08,2026-06-01,PAGSEGURO - PRUDENCIAL,Privado Nacional,5516-78-62,FUNDO DE INVESTIMENTO EM DIREITOS CREDITÓRIOS - PAGBANK MULTIADQUIRÊNCIA - RESPONSABILIDADE LIMITADA,PARTICIPANTE,2024-06-28,
2026-07-08,2026-06-01,PAGSEGURO - PRUDENCIAL,Privado Nacional,2816-92-75,FUNDO DE INVESTIMENTO EM DIREITOS CREDITÓRIOS PAGSEGURO I,PARTICIPANTE,2020-03-30,
2026-07-08,2026-06-01,PAGSEGURO - PRUDENCIAL,Privado Nacional,4640-36-83,PAGINVEST CORRETORA DE TITULOS E VALORES MOBILIARIOS LTDA.,PARTICIPANTE,2023-03-13,SP
2026-07-08,2026-06-01,PAGSEGURO - PRUDENCIAL,Privado Nacional,2214-22-91,PAGSEGURO BIVA SECURITIZADORA DE CREDITOS FINANCEIROS S.A.,PARTICIPANTE,2020-04-30,SP
2026-07-08,2026-06-01,PAGUEVELOZ IP - PRUDENCIAL,Privado Nacional,0381-64-13,PAGUEVELOZ INSTITUIÇÃO DE PAGAMENTO LTDA.,LIDER,2022-09-30,SC
2026-07-08,2026-06-01,PAGUEVELOZ IP - PRUDENCIAL,Privado Nacional,6283-80-25,ENDURANCE FUNDO DE INVESTIMENTO EM DIREITOS CREDITÓRIOS RESPONSABILIDADE LIMITADA,PARTICIPANTE,2025-12-22,
2026-07-08,2026-06-01,PARANÁ BANCO - PRUDENCIAL,Privado Nacional,1438-83-34,PARANÁ BANCO S.A.,LIDER/HOLDING,2014-01-02,PR
2026-07-08,2026-06-01,PARANÁ BANCO - PRUDENCIAL,Privado Nacional,7662-14-57,4UM DISTRIBUIDORA DE TÍTULOS E VALORES MOBILIÁRIOS S.A.,PARTICIPANTE,2014-01-02,PR
2026-07-08,2026-06-01,PAY BROKERS IP - PRUDENCIAL,Privado Nacional,4082-01-76,PAY BROKERS IP INSTITUICAO DE PAGAMENTO LTDA.,LIDER,2024-07-01,PR
2026-07-08,2026-06-01,PAY BROKERS IP - PRUDENCIAL,Privado Nacional,3484-17-87,PAY BROKERS EFX FACILITADORA DE PAGAMENTOS S.A.,PARTICIPANTE,2024-07-01,PR
2026-07-08,2026-06-01,PAY BROKERS IP - PRUDENCIAL,Privado Nacional,5233-08-77,PAYBROKERS HOLDING FINANCEIRA S.A.,HOLDINGNÃOIF,2024-07-01,PR
2026-07-08,2026-06-01,PICPAY - PRUDENCIAL,Privado Nacional,2289-64-31,PICPAY INSTITUIÇÃO DE PAGAMENTO S.A.,LIDER,2024-10-21,SP
2026-07-08,2026-06-01,PICPAY - PRUDENCIAL,Privado Nacional,3814-69-49,CREDNOVO SOCIEDADE DE EMPRÉSTIMO ENTRE PESSOAS S. A.,PARTICIPANTE,2024-10-21,SP
2026-07-08,2026-06-01,PICPAY - PRUDENCIAL,Privado Nacional,3252-76-50,FUNDO DE INVESTIMENTO EM DIREITOS CREDITÓRIOS  PICPAY I,PARTICIPANTE,2024-10-21,
2026-07-08,2026-06-01,PICPAY - PRUDENCIAL,Privado Nacional,5814-88-45,FUNDO DE INVESTIMENTO EM DIREITOS CREDITÓRIOS PICPAY FGTS,PARTICIPANTE,2024-12-17,
2026-07-08,2026-06-01,PICPAY - PRUDENCIAL,Privado Nacional,6583-96-82,FUNDO DE INVESTIMENTOS EM DIREITOS CREDITÓRIOS PICPAY FGTS II DE RESPONSABILIDADE LIMITADA,PARTICIPANTE,2026-04-22,
2026-07-08,2026-06-01,PICPAY - PRUDENCIAL,Privado Nacional,0951-64-19,PICPAY BANK - BANCO MÚLTIPLO S.A,PARTICIPANTE,2024-10-21,SP
2026-07-08,2026-06-01,PICPAY - PRUDENCIAL,Privado Nacional,0713-80-49,PICPAY INVEST DISTRIBUIDORA DE TÍTULOS E VALORES MOBILIÁRIOS LTDA,PARTICIPANTE,2024-10-21,SP
2026-07-08,2026-06-01,PINBANK BRASIL IP - PRUDENCIAL,Privado Nacional,1707-99-37,PINBANK BRASIL INSTITUIÇÃO DE PAGAMENTO S.A.,LIDER,2022-08-23,SP
2026-07-08,2026-06-01,PINBANK BRASIL IP - PRUDENCIAL,Privado Nacional,4349-24-69,PINFINANCE HOLDING LTDA.,PARTICIPANTE,2022-08-23,SP
2026-07-08,2026-06-01,PINBANK BRASIL IP - PRUDENCIAL,Privado Nacional,0794-52-33,PÓLOCRED   SOCIEDADE DE CRÉDITO AO MICROEMPREENDEDOR E À EMPRESA DE PEQUENO PORTE LTDA.,PARTICIPANTE,2024-09-17,SC
2026-07-08,2026-06-01,PINBANK BRASIL IP - PRUDENCIAL,Privado Nacional,2526-03-21,PINBANK HOLDING S.A.,HOLDINGNÃOIF,2022-08-23,SP
2026-07-08,2026-06-01,PINE - PRUDENCIAL,Privado Nacional,6214-41-75,BANCO PINE S.A.,LIDER/HOLDING,2014-01-02,SP
2026-07-08,2026-06-01,PINE - PRUDENCIAL,Privado Nacional,4931-98-63,CHIMERA ALTERNATIVE ASSETS I FUNDO DE INVESTIMENTO EM DIREITOS CREDITÓRIOS NP DE RESP. LIMITADA,PARTICIPANTE,2023-02-01,
2026-07-08,2026-06-01,PINE - PRUDENCIAL,Privado Nacional,5598-71-39,ID GOIANA II FUNDO DE INVESTIMENTO FIAGRO IMOBILIARIO RESPONSABILIDADE LIMITADA,PARTICIPANTE,2025-11-03,SP
2026-07-08,2026-06-01,PINE - PRUDENCIAL,Privado Nacional,5976-52-24,LIFT ALFA FIC DE FUNDO DE INVESTIMENTO EM DIREITOS CREDITORIOS RESP LIMITADA,PARTICIPANTE,2026-02-25,SP
2026-07-08,2026-06-01,PINE - PRUDENCIAL,Privado Nacional,6290-04-15,LIFT JS FIC DE FUNDOS DE INVESTIMENTO EM DIREITOS CREDITORIOS RESPONSABILIDADE LIMITADA,PARTICIPANTE,2025-09-26,SP
2026-07-08,2026-06-01,PINE - PRUDENCIAL,Privado Nacional,6260-44-04,LIFT SO II FEEDER FUNDO DE INVESTIMENTO FINANCEIRO - RESPONSABILIDADE LIMITADA,PARTICIPANTE,2025-11-03,SP
2026-07-08,2026-06-01,PINE - PRUDENCIAL,Privado Nacional,2476-90-56,P3 DESENVOLVIMENTO IMOBILIARIO SPE LTDA.,PARTICIPANTE,2020-08-18,SP
2026-07-08,2026-06-01,PINE - PRUDENCIAL,Privado Nacional,9223-67-77,PINE INVESTIMENTOS DISTRIBUIDORA DE TÍTULOS E VALORES MOBILIÁRIOS LTDA,PARTICIPANTE,2014-01-02,SP
2026-07-08,2026-06-01,PINE - PRUDENCIAL,Privado Nacional,6250-77-75,SPRINGS EQUITY HEDGE B FUNDO DE INVESTIMENTO FINANCEIRO EM COTAS DE FI MULTIMERCADO,PARTICIPANTE,2025-11-03,RJ
2026-07-08,2026-06-01,PLANNER - PRUDENCIAL,Privado Nacional,0080-65-35,PLANNER CORRETORA DE VALORES S.A.,LIDER/HOLDING,2014-01-02,SP
2026-07-08,2026-06-01,PLANNER - PRUDENCIAL,Privado Nacional,0568-42-34,PLANNER SOCIEDADE DE CRÉDITO DIRETO S.A.,PARTICIPANTE,2014-01-02,SP
2026-07-08,2026-06-01,PORTO SEGURO - PRUDENCIAL,Privado Nacional,0486-26-00,"PORTOSEG S.A. - CREDITO, FINANCIAMENTO E INVESTIMENTO",LIDER,2014-01-02,SP
2026-07-08,2026-06-01,PORTO SEGURO - PRUDENCIAL,Privado Nacional,4804-17-35,PORTO SEGURO ADMINISTRADORA DE CONSÓRCIOS LTDA,PARTICIPANTE,2014-01-02,SP
2026-07-08,2026-06-01,PORTO SEGURO - PRUDENCIAL,Privado Nacional,3216-27-88,PORTO SEGURO PRUDENCIAL RENDA FIXA REFERENCIADO DI FUNDO DE INVESTIMENTO FINANCEIRO RESP LIMITADA,PARTICIPANTE,2019-06-19,SP
2026-07-08,2026-06-01,PORTO SEGURO - PRUDENCIAL,Privado Nacional,4030-32-99,PORTOPAR DISTRIBUIDORA DE TITULOS E VALORES MOBILIARIOS LTDA.,PARTICIPANTE,2014-01-02,SP
2026-07-08,2026-06-01,QI SCD - PRUDENCIAL,Privado Nacional,3240-25-02,QI SOCIEDADE DE CRÉDITO DIRETO S.A.,LIDER,2019-02-28,SP
2026-07-08,2026-06-01,QI SCD - PRUDENCIAL,Privado Nacional,6228-53-90,QI CORRETORA DE TÍTULOS E VALORES MOBILIÁRIOS S.A.,PARTICIPANTE,2025-01-17,SP
2026-07-08,2026-06-01,QISTA S.A. CFI - PRUDENCIAL,Privado Nacional,3658-37-00,"QISTA S.A. - CRÉDITO, FINANCIAMENTO E INVESTIMENTO",LIDER,2020-10-15,SP
2026-07-08,2026-06-01,QISTA S.A. CFI - PRUDENCIAL,Privado Nacional,5065-10-69,QISTA CASH FUNDO DE INVESTIMENTO FINANCEIRO MULTIMERCADO,PARTICIPANTE,2023-06-23,SP
2026-07-08,2026-06-01,RANDON - PRUDENCIAL,Privado Nacional com Participação Estrangeira,1147-66-73,BANCO RANDON S.A.,LIDER,2014-01-02,RS
2026-07-08,2026-06-01,RANDON - PRUDENCIAL,Privado Nacional com Participação Estrangeira,6269-06-93,FIDC RANDONCORP SEGMENTO RECEBÍVEIS COMERCIAIS RESPONSABILIDADE LIMITADA,PARTICIPANTE,2025-11-25,
2026-07-08,2026-06-01,RANDON - PRUDENCIAL,Privado Nacional com Participação Estrangeira,9110-80-27,RANDON ADMINISTRADORA DE CONSÓRCIOS LTDA.,PARTICIPANTE,2014-01-02,RS
2026-07-08,2026-06-01,REAG IP - PRUDENCIAL,Privado Nacional,3627-24-65,REAG IP S.A. - INSTITUIÇÃO DE PAGAMENTO,LIDER,2026-01-15,SP
2026-07-08,2026-06-01,REAG IP - PRUDENCIAL,Privado Nacional,5969-72-26,REAG IP CASH FUNDO DE INVESTIMENTO FINANCEIRO MULTIMERCADO CREDITO PRIVADO,PARTICIPANTE,2026-01-15,SP
2026-07-08,2026-06-01,RECARGAPAY IP - PRUDENCIAL,Privado Nacional,1127-55-60,RECARGAPAY INSTITUICAO DE PAGAMENTO LTDA.,LIDER,2022-02-04,SP
2026-07-08,2026-06-01,RECARGAPAY IP - PRUDENCIAL,Privado Nacional,3703-59-13,RECARGAPAY FUNDO DE INVESTIMENTO EM DIREITOS  CREDITÓRIOS EMPRÉSTIMOS I,PARTICIPANTE,2023-02-22,
2026-07-08,2026-06-01,RECARGAPAY IP - PRUDENCIAL,Privado Nacional,4091-96-67,RECARGAPAY I FUNDO DE INVESTIMENTO EM DIREITOS CREDITÓRIOS,PARTICIPANTE,2022-12-19,
2026-07-08,2026-06-01,RECARGAPAY IP - PRUDENCIAL,Privado Nacional,4443-17-43,"RP FINANCEIRA S.A. - SOCIEDADE DE CRÉDITO, FINANCIAMENTO E INVESTIMENTO",PARTICIPANTE,2022-02-05,SP
2026-07-08,2026-06-01,RENDIMENTO - PRUDENCIAL,Privado Nacional,6890-08-10,BANCO RENDIMENTO S.A.,LIDER/HOLDING,2014-01-02,SP
2026-07-08,2026-06-01,RENDIMENTO - PRUDENCIAL,Privado Nacional,2415-99-23,ACTION EMPREENDIMENTOS E PARTICIPACOES LTDA,PARTICIPANTE,2020-08-26,SP
2026-07-08,2026-06-01,RENDIMENTO - PRUDENCIAL,Privado Nacional,7167-19-45,COTACAO SERVICOS FINANCEIROS LTDA,PARTICIPANTE,2020-08-26,SP
2026-07-08,2026-06-01,RENDIMENTO - PRUDENCIAL,Privado Nacional,1735-49-11,RENDIMENTO DISTRIBUIDORA DE TÍTULOS E VALORES MOBILIÁRIOS S/A,PARTICIPANTE,2014-01-02,SP
2026-07-08,2026-06-01,RENDIMENTO - PRUDENCIAL,Privado Nacional,4086-71-63,RENDIMENTO SOCIEDADE DE CRÉDITO DIRETO S.A.,PARTICIPANTE,2026-02-02,SP
2026-07-08,2026-06-01,RENDIMENTO - PRUDENCIAL,Privado Nacional,1377-67-42,RENDIMENTOPAY INSTITUIÇÃO DE PAGAMENTO S.A.,PARTICIPANTE,2019-09-09,SP
2026-07-08,2026-06-01,RODOBENS - PRUDENCIAL,Privado Nacional,3360-34-57,BANCO RODOBENS S.A.,LIDER,2014-01-02,SP
2026-07-08,2026-06-01,RODOBENS - PRUDENCIAL,Privado Nacional,0939-97-89,BRADESCO FIF - CLASSE DE INVESTIMENTO RF CRED PRIVADO VR - RESP LIMITADA,PARTICIPANTE,2016-04-01,SP
2026-07-08,2026-06-01,RODOBENS - PRUDENCIAL,Privado Nacional,4571-39-71,BRQUALY ADMINISTRADORA DE CONSÓRCIOS LTDA.,PARTICIPANTE,2014-01-02,SP
2026-07-08,2026-06-01,RODOBENS - PRUDENCIAL,Privado Nacional,5912-94-03,CNF - ADMINISTRADORA DE CONSÓRCIOS NACIONAL LTDA.,PARTICIPANTE,2014-01-02,SP
2026-07-08,2026-06-01,RODOBENS - PRUDENCIAL,Privado Nacional,7577-01-64,CONBR ADMINISTRADORA DE CONSÓRCIOS S.A.,PARTICIPANTE,2017-07-24,SP
2026-07-08,2026-06-01,RODOBENS - PRUDENCIAL,Privado Nacional,5284-90-32,FLOREAL 1918 FUNDO DE  INVESTIMENTO RENDA FIXA CREDITO PRIVADO,PARTICIPANTE,2024-01-02,RJ
2026-07-08,2026-06-01,RODOBENS - PRUDENCIAL,Privado Nacional,8743-34-13,PORTOBENS ADMINISTRADORA DE CONSORCIOS LTDA,PARTICIPANTE,2014-01-02,SP
2026-07-08,2026-06-01,RODOBENS - PRUDENCIAL,Privado Nacional,3443-07-32,RDBS CLASSE DE INVESTIMENTO RENDA FIXA CREDITO  PRIVADO - RESP LIMITADA,PARTICIPANTE,2019-11-01,RJ
2026-07-08,2026-06-01,RODOBENS - PRUDENCIAL,Privado Nacional,5185-57-16,RODOBENS ADMINISTRADORA DE CONSÓRCIOS LTDA.,PARTICIPANTE,2014-01-02,SP
2026-07-08,2026-06-01,RODOBENS - PRUDENCIAL,Privado Nacional,6137-64-14,"RODOBENS BRASIL PARTICIPACOES, EMPREENDIMENTOS E NEGOCIOS LTDA",PARTICIPANTE,2016-04-01,SP
2026-07-08,2026-06-01,SAFRA - PRUDENCIAL,Privado Nacional,5816-07-89,BANCO SAFRA S.A.,LIDER,2014-01-02,SP
2026-07-08,2026-06-01,SAFRA - PRUDENCIAL,Privado Nacional,4657-08-00,ALFA ARRENDAMENTO MERCANTIL S.A.,PARTICIPANTE,2023-11-09,SP
2026-07-08,2026-06-01,SAFRA - PRUDENCIAL,Privado Nacional,6217-84-21,ALFA CORRETORA DE CAMBIO E VALORES MOBILIARIOS S.A.,PARTICIPANTE,2023-11-09,SP
2026-07-08,2026-06-01,SAFRA - PRUDENCIAL,Privado Nacional,4506-37-04,ANDROMEDA II FUNDO DE INVESTIMENTO FINANCEIRO CLASSE DE INVEST RENDA FIXA CURTO PRAZO RESP LIMITADA,PARTICIPANTE,2022-10-01,SP
2026-07-08,2026-06-01,SAFRA - PRUDENCIAL,Privado Nacional,5612-77-79,ANDROMEDA III FIF CLASSE DE INVESTIMENTO RENDA FIXA CURTO PRAZO RESPONSABILIDADE LIMITADA,PARTICIPANTE,2025-06-30,SP
2026-07-08,2026-06-01,SAFRA - PRUDENCIAL,Privado Nacional,6077-03-36,BANCO ALFA DE INVESTIMENTO S.A.,PARTICIPANTE,2023-11-09,SP
2026-07-08,2026-06-01,SAFRA - PRUDENCIAL,Privado Nacional,0332-38-40,BANCO ALFA S.A.,PARTICIPANTE,2023-11-09,SP
2026-07-08,2026-06-01,SAFRA - PRUDENCIAL,Privado Nacional,0301-76-77,BANCO J. SAFRA S.A.,PARTICIPANTE,2014-01-02,SP
2026-07-08,2026-06-01,SAFRA - PRUDENCIAL,Privado Nacional,2930-08-27,ERIS FUNDO DE INVESTIMENTO FINANCEIRO CLASSE DE INVEST MULTIMERCADO CREDITO PRIVADO RESP LIMITADA,PARTICIPANTE,2019-11-29,SP
2026-07-08,2026-06-01,SAFRA - PRUDENCIAL,Privado Nacional,1716-74-12,"FINANCEIRA ALFA S.A. - SOCIEDADE DE CRÉDITO, FINA NCIAMENTO E INVESTIMENTO",PARTICIPANTE,2023-11-09,SP
2026-07-08,2026-06-01,SAFRA - PRUDENCIAL,Privado Nacional,5433-76-97,JS COMPANHIA SECURITIZADORA DE CREDITOS FINANCEIROS,PARTICIPANTE,2024-03-15,SP
2026-07-08,2026-06-01,SAFRA - PRUDENCIAL,Privado Nacional,1248-39-67,JUPITER FUNDO DE INVEST MULTIMERCADO CREDIDO PRIVADO INVESTIMENTO NO EXTERIOR,PARTICIPANTE,2019-11-29,
2026-07-08,2026-06-01,SAFRA - PRUDENCIAL,Privado Nacional,1313-59-01,MARTE FUNDO DE INVESTIMENTO REFERENCIADO DI,PARTICIPANTE,2019-11-29,SP
2026-07-08,2026-06-01,SAFRA - PRUDENCIAL,Privado Nacional,1313-59-19,MERCURIO FI CURTO PRAZO,PARTICIPANTE,2019-11-29,SP
2026-07-08,2026-06-01,SAFRA - PRUDENCIAL,Privado Nacional,5827-43-68,MERCURIO II FIF CLASSE DE INVESTIMENTO RENDA FIXA CURTO PRAZO RESPONSABILIDADE LIMITADA,PARTICIPANTE,2025-06-30,SP
2026-07-08,2026-06-01,SAFRA - PRUDENCIAL,Privado Nacional,6591-34-36,SAFRA ASSET CORRETORA DE TÍTULOS E VALORES MOBILIÁRIOS S.A.,PARTICIPANTE,2024-10-07,SP
2026-07-08,2026-06-01,SAFRA - PRUDENCIAL,Privado Nacional,0163-85-42,SAFRA DISTRIBUIDORA DE TÍTULOS E VALORES MOBILIÁRIOS LTDA.,PARTICIPANTE,2022-12-01,SP
2026-07-08,2026-06-01,SAFRA - PRUDENCIAL,Privado Nacional,6206-31-77,SAFRA LEASING S.A. ARRENDAMENTO MERCANTIL,PARTICIPANTE,2014-01-02,SP
2026-07-08,2026-06-01,SAFRA - PRUDENCIAL,Privado Nacional,5440-76-07,SAFRA PROPRIO FORMADOR DE MERCADO FIF CLASSE DE INVESTIMENTO MULTIMERCADO CREDITO PRIVADO,PARTICIPANTE,2024-05-13,SP
2026-07-08,2026-06-01,SAFRA - PRUDENCIAL,Privado Nacional,5833-05-58,SAFRA SOCIEDADE DE CREDITO DIRETO S.A.,PARTICIPANTE,2024-10-14,SP
2026-07-08,2026-06-01,SAFRA - PRUDENCIAL,Privado Nacional,4543-75-47,"SAFRA SOCIEDADE DE CRÉDITO, FINANCIAMENTO E INVESTIMENTO S.A.",PARTICIPANTE,2022-05-31,SP
2026-07-08,2026-06-01,SAFRA - PRUDENCIAL,Privado Nacional,3227-06-08,SAFRAPAY INSTITUICAO DE PAGAMENTO LTDA.,PARTICIPANTE,2019-11-29,SP
2026-07-08,2026-06-01,SAFRA - PRUDENCIAL,Privado Nacional,2858-08-83,TRAPPIST FUNDO DE INVESTIMENTO FINANCEIRO CLASSE DE INVEST RENDA FIXA CREDITO PRIVADO RESP LIMITADA,PARTICIPANTE,2020-06-30,SP
2026-07-08,2026-06-01,SANTANDER - PRUDENCIAL,Privado Nacional com Controle Estrangeiro,9040-08-88,BANCO SANTANDER (BRASIL) S.A.,LIDER/HOLDING,2014-01-02,SP
2026-07-08,2026-06-01,SANTANDER - PRUDENCIAL,Privado Nacional com Controle Estrangeiro,4722-82-32,AGRO FLEX FUNDO DE INVESTIMENTO EM DIREITOS CREDITÓRIOS,PARTICIPANTE,2022-12-01,
2026-07-08,2026-06-01,SANTANDER - PRUDENCIAL,Privado Nacional com Controle Estrangeiro,4645-48-65,ARARINHA RENDA FIXA CREDITO PRIVADO - FUNDO DE INVESTIMENTO FINANCEIRO,PARTICIPANTE,2024-07-01,SP
2026-07-08,2026-06-01,SANTANDER - PRUDENCIAL,Privado Nacional com Controle Estrangeiro,6541-17-64,ATENA FUNDO DE INVESTIMENTO EM DIREITOS CREDITÓRIOS SEGMENTO INFRAESTRUTURA DE RESP LIMITADA,PARTICIPANTE,2026-04-01,
2026-07-08,2026-06-01,SANTANDER - PRUDENCIAL,Privado Nacional com Controle Estrangeiro,3664-35-27,ATUAL - FUNDO DE INVESTIMENTO MULTIMERCADO CREDITO PRIVADO INVESTIMENTO NO EXTERIOR,PARTICIPANTE,2020-08-01,SP
2026-07-08,2026-06-01,SANTANDER - PRUDENCIAL,Privado Nacional com Controle Estrangeiro,1086-67-88,BANCO BANDEPE S.A.,PARTICIPANTE,2014-01-02,SP
2026-07-08,2026-06-01,SANTANDER - PRUDENCIAL,Privado Nacional com Controle Estrangeiro,3017-24-91,BANCO HYUNDAI CAPITAL BRASIL S.A.,PARTICIPANTE,2019-02-21,SP
2026-07-08,2026-06-01,SANTANDER - PRUDENCIAL,Privado Nacional com Controle Estrangeiro,6230-78-48,BANCO RCI BRASIL S.A.,PARTICIPANTE,2014-01-02,PR
2026-07-08,2026-06-01,SANTANDER - PRUDENCIAL,Privado Nacional com Controle Estrangeiro,4645-05-51,D365 FUNDO DE INVESTIMENTO EM DIREITOS CREDITÓRIOS,PARTICIPANTE,2023-06-01,
2026-07-08,2026-06-01,SANTANDER - PRUDENCIAL,Privado Nacional com Controle Estrangeiro,2640-58-83,FIDC MULTISEGMENTOS NPL IPANEMA VI RESPONSABILIDADE LIMITADA,PARTICIPANTE,2017-09-01,
2026-07-08,2026-06-01,SANTANDER - PRUDENCIAL,Privado Nacional com Controle Estrangeiro,2640-58-74,FUNDO DE INVESTIMENTO EM DIREITOS CREDITÓRIOS ATACADO RESPONSABILIDADE LIMITADA,PARTICIPANTE,2019-06-03,
2026-07-08,2026-06-01,SANTANDER - PRUDENCIAL,Privado Nacional com Controle Estrangeiro,5823-87-73,FUNDO DE INVESTIMENTO EM DIREITOS CREDITÓRIOS CONRETORNO - RESPONSABILIDADE LIMITADA,PARTICIPANTE,2025-03-01,
2026-07-08,2026-06-01,SANTANDER - PRUDENCIAL,Privado Nacional com Controle Estrangeiro,5132-66-02,FUNDO DE INVESTIMENTO EM DIREITOS CREDITÓRIOS TELLUS RESPONSABILIDADE LIMITADA,PARTICIPANTE,2023-09-18,
2026-07-08,2026-06-01,SANTANDER - PRUDENCIAL,Privado Nacional com Controle Estrangeiro,1044-04-82,GETNET ADQUIRÊNCIA E SERVIÇOS PARA MEIOS DE PAGAMENTO S.A. INSTITUIÇÃO DE PAGAMENTO,PARTICIPANTE,2016-05-05,SP
2026-07-08,2026-06-01,SANTANDER - PRUDENCIAL,Privado Nacional com Controle Estrangeiro,3861-28-09,GETNET FUNDO DE INVESTIMENTO EM DIREITOS CREDITÓRIOS RESPONSABILIDADE LIMITADA,PARTICIPANTE,2022-07-01,
2026-07-08,2026-06-01,SANTANDER - PRUDENCIAL,Privado Nacional com Controle Estrangeiro,4205-48-86,GETNET SOCIEDADE DE CREDITO DIRETO S.A.,PARTICIPANTE,2021-02-19,SP
2026-07-08,2026-06-01,SANTANDER - PRUDENCIAL,Privado Nacional com Controle Estrangeiro,5265-18-31,HYUNDAI FUNDO DE INVESTIMENTO EM DIREITOS CREDITÓRIOS,PARTICIPANTE,2024-07-01,
2026-07-08,2026-06-01,SANTANDER - PRUDENCIAL,Privado Nacional com Controle Estrangeiro,5211-57-58,PRECATO IV FUNDO DE INVESTIMENTO EM DIREITOS CREDITÓRIOS DE RESPONSABILIDADE LIMITADA,PARTICIPANTE,2023-10-02,
2026-07-08,2026-06-01,SANTANDER - PRUDENCIAL,Privado Nacional com Controle Estrangeiro,2636-55-95,RETURN CAPITAL GESTAO DE ATIVOS E PARTICIPACOES S A,PARTICIPANTE,2024-09-30,MG
2026-07-08,2026-06-01,SANTANDER - PRUDENCIAL,Privado Nacional com Controle Estrangeiro,4013-24-24,SAINTE JULIE FUNDO DE INVESTIMENTO EM DIREITOS CREDITÓRIOS NÃO-PADRONIZADOS RESP LIMITADA,PARTICIPANTE,2022-12-01,
2026-07-08,2026-06-01,SANTANDER - PRUDENCIAL,Privado Nacional com Controle Estrangeiro,1713-85-00,SANTANDER AMAZONAS MULTIMERCADO CREDITO PRIVADO - FIF,PARTICIPANTE,2014-06-03,SP
2026-07-08,2026-06-01,SANTANDER - PRUDENCIAL,Privado Nacional com Controle Estrangeiro,5594-23-12,SANTANDER BRASIL ADMINISTRADORA DE CONSÓRCIO LTDA.,PARTICIPANTE,2014-01-02,SP
2026-07-08,2026-06-01,SANTANDER - PRUDENCIAL,Privado Nacional com Controle Estrangeiro,2916-27-69,SANTANDER CORRETORA DE TÍTULOS E VALORES MOBILIÁRIOS S.A.,PARTICIPANTE,2021-05-25,MG
2026-07-08,2026-06-01,SANTANDER - PRUDENCIAL,Privado Nacional com Controle Estrangeiro,1574-03-77,SANTANDER DIAMANTINA MULTIMERCADO CREDITO PRIVADO - FIF,PARTICIPANTE,2014-01-02,SP
2026-07-08,2026-06-01,SANTANDER - PRUDENCIAL,Privado Nacional com Controle Estrangeiro,0350-29-68,SANTANDER DISTRIBUIDORA DE TÍTULOS E VALORES MOBILIÁRIOS S.A.,PARTICIPANTE,2016-08-31,SP
2026-07-08,2026-06-01,SANTANDER - PRUDENCIAL,Privado Nacional com Controle Estrangeiro,1660-86-38,SANTANDER GUARUJA MULTIMERCADO CREDITO PRIVADO - FIF,PARTICIPANTE,2014-05-01,SP
2026-07-08,2026-06-01,SANTANDER - PRUDENCIAL,Privado Nacional com Controle Estrangeiro,5448-77-36,SANTANDER HERA RENDA FIXA FUNDO INCENTIVADO DE INVESTIMENTO EM INFRAESTRUTURA RESP LIMITADA,PARTICIPANTE,2024-05-02,SP
2026-07-08,2026-06-01,SANTANDER - PRUDENCIAL,Privado Nacional com Controle Estrangeiro,3010-22-76,SANTANDER HERMES RENDA FIXA FUNDO INCENTIVADO DE INVESTIMENTO EM INFRAESTRUTURA - FIF,PARTICIPANTE,2018-11-01,SP
2026-07-08,2026-06-01,SANTANDER - PRUDENCIAL,Privado Nacional com Controle Estrangeiro,5101-42-23,SANTANDER INSTITUCIONAL CORRETORA DE CÂMBIO E VALORES MOBILIÁRIOS S.A.,PARTICIPANTE,2014-01-02,SP
2026-07-08,2026-06-01,SANTANDER - PRUDENCIAL,Privado Nacional com Controle Estrangeiro,5517-23-72,SANTANDER MODULO MX III RENDA FIXA REFERENCIADO DI CIC FIF RESP LIMITADA,PARTICIPANTE,2025-07-01,SP
2026-07-08,2026-06-01,SANTANDER - PRUDENCIAL,Privado Nacional com Controle Estrangeiro,5944-80-40,SANTANDER MODULO SINQIA II RENDA FIXA REFERENCIADO DI - CIC FIF RESP LIMITADA,PARTICIPANTE,2025-07-01,SP
2026-07-08,2026-06-01,SANTANDER - PRUDENCIAL,Privado Nacional com Controle Estrangeiro,6017-27-73,SANTANDER MODULO SINQIA III RENDA FIXA REFERENCIADO DI - CIC FIF RESP LIMITADA,PARTICIPANTE,2025-09-01,SP
2026-07-08,2026-06-01,SANTANDER - PRUDENCIAL,Privado Nacional com Controle Estrangeiro,5817-65-30,SANTANDER MODULO SINQIA RENDA FIXA REFERENCIADO DI - CIC FIF RESP LIMITADA,PARTICIPANTE,2025-07-01,SP
2026-07-08,2026-06-01,SANTANDER - PRUDENCIAL,Privado Nacional com Controle Estrangeiro,,SANTANDER PARATY QIF,PARTICIPANTE,2014-01-02,
2026-07-08,2026-06-01,SANTANDER - PRUDENCIAL,Privado Nacional com Controle Estrangeiro,5882-45-05,SANTANDER SBAC II RENDA FIXA CURTO PRAZO - FUNDO DE INVESTIMENTO FINANCEIRO RESP LIMITADA,PARTICIPANTE,2025-03-01,SP
2026-07-08,2026-06-01,SANTANDER - PRUDENCIAL,Privado Nacional com Controle Estrangeiro,0770-76-50,"SANTANDER SOCIEDADE DE CRÉDITO, FINANCIAMENTO E INVESTIMENTO S.A.",PARTICIPANTE,2014-01-02,SP
2026-07-08,2026-06-01,SANTANDER - PRUDENCIAL,Privado Nacional com Controle Estrangeiro,6298-71-30,TERRAS FUNDO DE INVESTIMENTO NAS CADEIAS PRODUTIVAS DO AGRONEGÓCIO - FIAGRO - RESP LIMITADA,PARTICIPANTE,2025-11-28,
2026-07-08,2026-06-01,SANTANDER - PRUDENCIAL,Privado Nacional com Controle Estrangeiro,2112-62-75,VENDA DE VEÍCULOS FUNDO DE INVESTIMENTO EM DIREITOS CREDITÓRIOS,PARTICIPANTE,2019-07-02,
2026-07-08,2026-06-01,SCANIA - PRUDENCIAL,Privado Nacional com Controle Estrangeiro,1141-70-16,SCANIA BANCO S.A.,LIDER,2014-01-02,SP
2026-07-08,2026-06-01,SCANIA - PRUDENCIAL,Privado Nacional com Controle Estrangeiro,9647-92-58,SCANIA ADMINISTRADORA DE CONSÓRCIOS LTDA.,PARTICIPANTE,2014-01-02,SP
2026-07-08,2026-06-01,SCOTIABANK BRASIL - PRUDENCIAL,Privado Nacional,2903-04-67,SCOTIABANK BRASIL S.A. BANCO MÚLTIPLO,LIDER/HOLDING,2014-01-02,SP
2026-07-08,2026-06-01,SCOTIABANK BRASIL - PRUDENCIAL,Privado Nacional,3969-68-05,SCOTIABANK BRASIL S.A. CORRETORA DE TÍTULOS E VALORES MOBILIÁRIOS,PARTICIPANTE,2021-02-11,SP
2026-07-08,2026-06-01,SEM PARAR IP - PRUDENCIAL,Privado Nacional,0408-82-08,SEM PARAR INSTITUICAO DE PAGAMENTO LTDA,LIDER,2025-02-18,SP
2026-07-08,2026-06-01,SEM PARAR IP - PRUDENCIAL,Privado Nacional,4587-90-00,SEM PARAR SOCIEDADE DE CRÉDITO DIRETO S.A.,PARTICIPANTE,2025-02-18,SP
2026-07-08,2026-06-01,SENFFNET IP - PRUDENCIAL,Privado Nacional,0387-72-88,SENFFNET INSTITUIÇÃO DE PAGAMENTO LTDA.,LIDER,2022-12-02,PR
2026-07-08,2026-06-01,SENFFNET IP - PRUDENCIAL,Privado Nacional,1197-06-23,BANCO SENFF S.A.,PARTICIPANTE,2022-12-02,PR
2026-07-08,2026-06-01,SENFFNET IP - PRUDENCIAL,Privado Nacional,2164-84-46,CREDIFIX FUNDO DE INVESTIMENTO EM DIREITOS CREDITÓRIOS,PARTICIPANTE,2022-12-22,
2026-07-08,2026-06-01,SIMPALA CFI - PRUDENCIAL,Privado Nacional,3499-19-38,"SIMPALA S.A. CRÉDITO, FINANCIAMENTO E INVESTIMENTO",LIDER,2019-12-27,RS
2026-07-08,2026-06-01,SIMPALA CFI - PRUDENCIAL,Privado Nacional,8794-52-18,SIMPALA LANÇADORA E ADMINISTRADORA DE CONSÓRCIOS LTDA.,PARTICIPANTE,2019-12-27,RS
2026-07-08,2026-06-01,SOFISA - PRUDENCIAL,Privado Nacional,6088-91-28,BANCO SOFISA S.A.,LIDER,2014-01-02,SP
2026-07-08,2026-06-01,SOFISA - PRUDENCIAL,Privado Nacional,4615-72-24,SOFISA  CONSIGNADO FUNDO DE INVESTIMENTO EM DIREITOS CREDITÓRIOS - RESPONSABILIDADE LIMITADA,PARTICIPANTE,2024-03-20,
2026-07-08,2026-06-01,SOFISA - PRUDENCIAL,Privado Nacional,2807-52-36,SOFISA RECEBÍVEIS FUNDO DE INVESTIMENTO EM DIREITOS CREDITÓRIOS RESPONSABILIDADE LIMITADA,PARTICIPANTE,2023-01-02,
2026-07-08,2026-06-01,SOFISA - PRUDENCIAL,Privado Nacional,0825-72-93,"SOFISA S.A. CRÉDITO, FINANCIAMENTO E INVESTIMENTO",PARTICIPANTE,2014-01-02,SP
2026-07-08,2026-06-01,SRM BANK IP - PRUDENCIAL,Privado Nacional,2257-54-66,SRM BANK INSTITUIÇÃO DE PAGAMENTO S/A,LIDER,2021-12-13,SP
2026-07-08,2026-06-01,SRM BANK IP - PRUDENCIAL,Privado Nacional,5939-46-33,SRM DISTRIBUIDORA DE TÍTULOS E VALORES MOBILIÁRIOS LTDA.,PARTICIPANTE,2025-01-18,SP
2026-07-08,2026-06-01,STARK SCD - PRUDENCIAL,Privado Nacional,3990-84-27,STARK SOCIEDADE DE CRÉDITO DIRETO S.A.,LIDER,2020-10-22,SP
2026-07-08,2026-06-01,STARK SCD - PRUDENCIAL,Privado Nacional,2001-81-83,STARK BANK S.A. - INSTITUICAO DE PAGAMENTO,PARTICIPANTE,2023-07-01,SP
2026-07-08,2026-06-01,STELLANTIS - PRUDENCIAL,Privado Nacional,0350-29-61,"STELLANTIS FINANCIAMENTOS SOCIEDADE DE CRÉDITO, FINANCIAMENTO E INVESTIMENTO S.A",LIDER,2023-10-11,SP
2026-07-08,2026-06-01,STELLANTIS - PRUDENCIAL,Privado Nacional,6223-74-25,BANCO STELLANTIS S.A.,PARTICIPANTE,2023-12-20,MG
2026-07-08,2026-06-01,STELLANTIS - PRUDENCIAL,Privado Nacional,6135-14-81,FUNDO DE INVESTIMENTO EM DIREITOS CREDITÓRIOS STELLANTIS MOBILITY I - RESPONSABILIDADE LIMITADA,PARTICIPANTE,2025-07-22,
2026-07-08,2026-06-01,STELLANTIS - PRUDENCIAL,Privado Nacional,6332-20-11,FUNDO DE INVESTIMENTO EM DIREITOS CREDITÓRIOS STELLANTIS MOBILITY II - RESPONSABILIDADE LIMITADA,PARTICIPANTE,2025-12-29,
2026-07-08,2026-06-01,STELLANTIS - PRUDENCIAL,Privado Nacional,6048-75-08,MOAB FUNDO DE INVESTIMENTO EM DIREITOS CREDITÓRIOS SEGMENTO RECEBÍVEIS COMERCIAIS,PARTICIPANTE,2025-07-22,
2026-07-08,2026-06-01,STELLANTIS - PRUDENCIAL,Privado Nacional,5009-59-09,VITA AUTO FUNDO DE INVESTIMENTO EM DIREITOS CREDITÓRIOS,PARTICIPANTE,2023-12-20,
2026-07-08,2026-06-01,STONE IP - PRUDENCIAL,Privado Nacional,1650-15-55,STONE INSTITUIÇÃO DE PAGAMENTO S.A.,LIDER,2017-07-03,SP
2026-07-08,2026-06-01,STONE IP - PRUDENCIAL,Privado Nacional,5225-69-12,FUNDO DE INVESTIMENTO EM DIREITOS CREDITÓRIOS ACR I BANCOS EMISSORES DE CARTÃO DE CRÉDITO RESP LIMI,PARTICIPANTE,2023-09-25,
2026-07-08,2026-06-01,STONE IP - PRUDENCIAL,Privado Nacional,1259-28-31,MNLT S.A,PARTICIPANTE,2020-02-01,SP
2026-07-08,2026-06-01,STONE IP - PRUDENCIAL,Privado Nacional,1872-70-53,PAGAR.ME INSTITUICAO DE PAGAMENTO S.A,PARTICIPANTE,2020-02-01,SP
2026-07-08,2026-06-01,STONE IP - PRUDENCIAL,Privado Nacional,3831-47-63,SOMA III FUNDO DE INVESTIMENTO EM DIREITOS CREDITÓRIOS RESPONSABILIDADE LIMITADA,PARTICIPANTE,2024-05-06,
2026-07-08,2026-06-01,STONE IP - PRUDENCIAL,Privado Nacional,3478-63-40,STONE CARTOES INSTITUICAO DE PAGAMENTO S.A.,PARTICIPANTE,2022-06-01,SP
2026-07-08,2026-06-01,STONE IP - PRUDENCIAL,Privado Nacional,0694-89-69,STONE CORPORATE SPE S.A,PARTICIPANTE,2026-03-27,SP
2026-07-08,2026-06-01,STONE IP - PRUDENCIAL,Privado Nacional,6419-88-12,STONE DISTRIBUIDORA DE TÍTULOS E VALORES MOBILIÁRIOS S.A.,PARTICIPANTE,2025-11-06,SP
2026-07-08,2026-06-01,STONE IP - PRUDENCIAL,Privado Nacional,2754-75-10,STONE PAY MEIOS DE PAGAMENTO LTDA,PARTICIPANTE,2025-08-26,SP
2026-07-08,2026-06-01,STONE IP - PRUDENCIAL,Privado Nacional,5350-56-01,"STONE SOCIEDADE DE CREDITO, FINANCIAMENTO E INVESTIMENTO S.A.",PARTICIPANTE,2024-01-05,SP
2026-07-08,2026-06-01,STONE IP - PRUDENCIAL,Privado Nacional,3459-01-84,STONE SOCIEDADE DE CRÉDITO DIRETO S.A.,PARTICIPANTE,2019-07-22,SP
2026-07-08,2026-06-01,STONE IP - PRUDENCIAL,Privado Nacional,2628-74-64,TAPSO FUNDO DE INVESTIMENTO EM DIREITOS CREDITÓRIOS RESPONSABILIDADE LIMITADA,PARTICIPANTE,2020-02-01,
2026-07-08,2026-06-01,STONEX DTVM - PRUDENCIAL,Privado Nacional,6209-08-73,STONEX DISTRIBUIDORA DE TÍTULOS E VALORES MOBILIÁRIOS LTDA.,LIDER/HOLDING,2014-01-02,SP
2026-07-08,2026-06-01,STONEX DTVM - PRUDENCIAL,Privado Nacional,2881-13-41,BANCO STONEX S.A.,PARTICIPANTE,2018-03-15,SP
2026-07-08,2026-06-01,SUMUP IP - PRUDENCIAL,Privado Nacional,1666-80-76,SUMUP INSTITUICAO DE PAGAMENTO BRASIL LTDA,LIDER,2022-08-15,SP
2026-07-08,2026-06-01,SUMUP IP - PRUDENCIAL,Privado Nacional,3608-36-34,BRASIL MICROCRÉDITO FUNDO DE INVESTIMENTO EM DIREITOS CREDITÓRIOS,PARTICIPANTE,2022-08-15,
2026-07-08,2026-06-01,SUMUP IP - PRUDENCIAL,Privado Nacional,6262-64-09,SUMUP SMART I FIDC SEGMENTO MEIOS DE PAGAMENTO DE RESPONSABILIDADE LIMITADA,PARTICIPANTE,2025-10-21,
2026-07-08,2026-06-01,SUMUP IP - PRUDENCIAL,Privado Nacional,6262-70-51,SUMUP SMART II FIDC SEGMENTO MEIOS DE PAGAMENTO DE RESPONSABILIDADE LIMITADA,PARTICIPANTE,2025-10-21,
2026-07-08,2026-06-01,SUMUP IP - PRUDENCIAL,Privado Nacional,6262-71-22,SUMUP SMART III FIDC SEGMENTO MEIOS DE PAGAMENTO DE RESPONSABILIDADE LIMITADA,PARTICIPANTE,2025-11-27,
2026-07-08,2026-06-01,SUMUP IP - PRUDENCIAL,Privado Nacional,6262-68-87,SUMUP SMART IV FIDC SEGMENTO MEIOS DE PAGAMENTO DE RESPONSABILIDADE LIMITADA,PARTICIPANTE,2025-11-17,
2026-07-08,2026-06-01,SUMUP IP - PRUDENCIAL,Privado Nacional,3724-12-30,SUMUP SOCIEDADE DE CRÉDITO DIRETO S.A.,PARTICIPANTE,2022-08-15,SP
2026-07-08,2026-06-01,SUMUP IP - PRUDENCIAL,Privado Nacional,4559-87-47,SUMUP SOLO FUNDO DE INVESTIMENTO EM DIREITOS CREDITÓRIOS SEGMENTO MEIOS DE PAGAMENTO DE RESPONSABILI,PARTICIPANTE,2022-08-15,
2026-07-08,2026-06-01,TERRA INVESTIMENTOS DTVM - PRUDENCIAL,Privado Nacional,0375-17-94,TERRA INVESTIMENTOS DISTRIBUIDORA DE TÍTULOS E VALORES MOBILIÁRIOS LTDA.,LIDER,2015-04-15,SP
2026-07-08,2026-06-01,TERRA INVESTIMENTOS DTVM - PRUDENCIAL,Privado Nacional,1206-32-56,MONETAR DISTRIBUIDORA DE TÍTULOS E VALORES MOBILIÁRIOS LTDA.,PARTICIPANTE,2019-09-20,SP
2026-07-08,2026-06-01,TRANSFEERA IP - PRUDENCIAL,Privado Nacional,2708-40-98,TRANSFEERA INSTITUIÇÃO DE PAGAMENTO S.A,LIDER,2023-11-09,PR
2026-07-08,2026-06-01,TRANSFEERA IP - PRUDENCIAL,Privado Nacional,6323-59-88,GOL PAGAMENTOS LTDA,PARTICIPANTE,2026-05-31,SP
2026-07-08,2026-06-01,TRANSFEERA IP - PRUDENCIAL,Privado Nacional,4542-33-15,LOCALPAY DO BRASIL MEIO DE PAGAMENTOS LTDA,PARTICIPANTE,2026-05-31,SP
2026-07-08,2026-06-01,TRANSFEERA IP - PRUDENCIAL,Privado Nacional,3236-47-18,PAY RETAILERS BR SERVICOS DE PAGAMENTOS LTDA,PARTICIPANTE,2026-05-31,SP
2026-07-08,2026-06-01,TRANSFEERA IP - PRUDENCIAL,Privado Nacional,4542-35-82,PAY RETAILERS HOLDING LTDA,PARTICIPANTE,2026-05-31,SP
2026-07-08,2026-06-01,TRINUS CAPITAL DTVM - PRUDENCIAL,Privado Nacional,0227-66-53,TRINUS CAPITAL DISTRIBUIDORA DE TÍTULOS E VALORES MOBILIÁRIOS S.A.,LIDER,2017-02-21,GO
2026-07-08,2026-06-01,TRINUS CAPITAL DTVM - PRUDENCIAL,Privado Nacional,4065-46-22,TRINUS SOCIEDADE DE CRÉDITO DIRETO S.A.,PARTICIPANTE,2021-01-04,GO
2026-07-08,2026-06-01,TRIO IP - PRUDENCIAL,Privado Nacional,4993-19-06,TRIO INSTITUICAO DE PAGAMENTO LTDA.,LIDER,2023-12-26,PR
2026-07-08,2026-06-01,TRIO IP - PRUDENCIAL,Privado Nacional,4982-41-26,TRIO HOLDING FINANCEIRA LTDA,PARTICIPANTE,2025-10-29,PR
2026-07-08,2026-06-01,TRIO IP - PRUDENCIAL,Privado Nacional,5636-54-77,TRIO SECURITIZADORA DE CREDITOS S/A,PARTICIPANTE,2025-10-29,PR
2026-07-08,2026-06-01,TRUSTEE/BANVOX - PRUDENCIAL,Privado Nacional,6703-03-95,TRUSTEE DISTRIBUIDORA DE TÍTULOS E VALORES MOBILIÁRIOS LTDA.,LIDER,2022-08-18,SP
2026-07-08,2026-06-01,TRUSTEE/BANVOX - PRUDENCIAL,Privado Nacional,0267-17-43,BANVOX DISTRIBUIDORA DE TÍTULOS E VALORES MOBILIÁRIOS LTDA,PARTICIPANTE,2024-07-02,SP
2026-07-08,2026-06-01,TULLETT PREBON BRASIL S.A. CTVM - PRUDENCIAL,Privado Nacional,6174-70-85,TULLETT PREBON BRASIL CORRETORA DE VALORES E CÂMBIO LTDA,LIDER/HOLDING,2014-01-02,SP
2026-07-08,2026-06-01,TULLETT PREBON BRASIL S.A. CTVM - PRUDENCIAL,Privado Nacional,0910-53-60,ICAP DO BRASIL CORRETORA DE TÍTULOS E VALORES MOBILIÁRIOS LTDA.,PARTICIPANTE,2017-10-20,RJ
2026-07-08,2026-06-01,UBS (BRASIL) - PRUDENCIAL,Privado Nacional com Controle Estrangeiro,3398-77-93,BANCO DE INVESTIMENTOS UBS (BRASIL) S.A.,LIDER/HOLDING,2014-01-02,SP
2026-07-08,2026-06-01,UBS (BRASIL) - PRUDENCIAL,Privado Nacional com Controle Estrangeiro,3206-25-80,BANCO UBS (BRASIL) S.A.,PARTICIPANTE,2014-01-02,SP
2026-07-08,2026-06-01,UBS (BRASIL) - PRUDENCIAL,Privado Nacional com Controle Estrangeiro,0323-05-12,CREDIT SUISSE PROPRIO MARKET MAKER FUNDO DE INVESTIMENTO FINANCEIRO - MULTIMERCADO,PARTICIPANTE,2014-01-02,SP
2026-07-08,2026-06-01,UBS (BRASIL) - PRUDENCIAL,Privado Nacional com Controle Estrangeiro,6180-91-82,UBS (BRASIL) CORRETORA DE VALORES S.A.,PARTICIPANTE,2014-01-02,SP
2026-07-08,2026-06-01,UBS (BRASIL) - PRUDENCIAL,Privado Nacional com Controle Estrangeiro,1852-08-34,UBS BB BANCO DE INVESTIMENTO S.A.,PARTICIPANTE,2024-07-02,SP
2026-07-08,2026-06-01,UBS (BRASIL) - PRUDENCIAL,Privado Nacional com Controle Estrangeiro,0281-91-25,"UBS BB CORRETORA DE CÂMBIO, TÍTULOS E VALORES MOBILIÁRIOS S.A.",PARTICIPANTE,2024-07-02,SP
2026-07-08,2026-06-01,UBS (BRASIL) - PRUDENCIAL,Privado Nacional com Controle Estrangeiro,,UBS BRAZIL ACCESS FUND LIMITED,PARTICIPANTE,2014-01-02,
2026-07-08,2026-06-01,UBS (BRASIL) - PRUDENCIAL,Privado Nacional com Controle Estrangeiro,0408-54-74,UBS PROPRIO FUNDO DE INVESTIMENTO FINANCEIRO - MULTIMERCADO CREDITO PRIVADO,PARTICIPANTE,2014-01-02,SP
2026-07-08,2026-06-01,VOLKSWAGEN - PRUDENCIAL,Privado Nacional com Controle Estrangeiro,5910-91-65,BANCO VOLKSWAGEN S.A.,LIDER,2014-01-02,SP
2026-07-08,2026-06-01,VOLKSWAGEN - PRUDENCIAL,Privado Nacional com Controle Estrangeiro,4765-85-39,CONSÓRCIO NACIONAL VOLKSWAGEN - ADMINISTRADORA DE CONSÓRCIO LTDA.,PARTICIPANTE,2014-01-02,SP
2026-07-08,2026-06-01,VOLKSWAGEN - PRUDENCIAL,Privado Nacional com Controle Estrangeiro,5011-49-48,DRIVER BRASIL SIX BANCO VOLKSWAGEN FIDC FINANCIAMENTO DE VEÍCULOS - RESPONSABILIDADE LIMITADA,PARTICIPANTE,2023-07-03,
2026-07-08,2026-06-01,VOLKSWAGEN - PRUDENCIAL,Privado Nacional com Controle Estrangeiro,6165-27-68,FUNDO DE INVESTIMENTO EM DIREITOS CREDITÓRIOS DRIVER MASTER BRASIL I - RESP LIMITADA,PARTICIPANTE,2025-08-11,
2026-07-08,2026-06-01,VOLVO - PRUDENCIAL,Privado Nacional com Controle Estrangeiro,5801-71-79,BANCO VOLVO BRASIL S.A.,LIDER/HOLDING,2014-01-02,PR
2026-07-08,2026-06-01,VOLVO - PRUDENCIAL,Privado Nacional com Controle Estrangeiro,4716-68-84,FUNDO DE INVESTIMENTO EM DIREITOS CREDITÓRIOS COMERCIAIS VIKING,PARTICIPANTE,2022-11-16,
2026-07-08,2026-06-01,VOLVO - PRUDENCIAL,Privado Nacional com Controle Estrangeiro,7411-83-81,VOLVO ADMINISTRADORA DE CONSÓRCIO LTDA.,PARTICIPANTE,2014-01-02,PR
2026-07-08,2026-06-01,VORTX DTVM - PRUDENCIAL,Privado Nacional,2261-05-00,VORTX DISTRIBUIDORA DE TITULOS E VALORES MOBILIARIOS LTDA.,LIDER/HOLDING,2015-10-14,SP
2026-07-08,2026-06-01,VORTX DTVM - PRUDENCIAL,Privado Nacional,1522-79-94,VX PAVARINI DISTRIBUIDORA DE TÍTULOS E VALORES MOBILIÁRIOS LTDA,PARTICIPANTE,2022-12-01,SP
2026-07-08,2026-06-01,VORTX DTVM - PRUDENCIAL,Privado Nacional,5338-53-90,VÓRTX SOCIEDADE DE CRÉDITO DIRETO S.A.,PARTICIPANTE,2023-12-15,SP
2026-07-08,2026-06-01,VOTORANTIM - PRUDENCIAL,Privado Nacional,5958-81-11,BANCO VOTORANTIM S.A.,LIDER/HOLDING,2014-01-02,SP
2026-07-08,2026-06-01,VOTORANTIM - PRUDENCIAL,Privado Nacional,1314-00-88,ACESSO SOLUÇÕES DE PAGAMENTO S.A. - INSTITUIÇÃO DE PAGAMENTO,PARTICIPANTE,2024-03-08,SP
2026-07-08,2026-06-01,VOTORANTIM - PRUDENCIAL,Privado Nacional,2043-05-99,ACESSOPAR INVESTIMENTOS E PARTICIPACOES S/A,PARTICIPANTE,2024-03-01,SP
2026-07-08,2026-06-01,VOTORANTIM - PRUDENCIAL,Privado Nacional,0185-87-74,BANCO BV S.A.,PARTICIPANTE,2014-01-02,SP
2026-07-08,2026-06-01,VOTORANTIM - PRUDENCIAL,Privado Nacional,2617-33-00,EXPERTISE FIF - CLASSE DE INVESTIMENTO MULTIMERCADO CREDITO PRIVADO - RESP LIMITADA,PARTICIPANTE,2017-01-01,SP
2026-07-08,2026-06-01,VOTORANTIM - PRUDENCIAL,Privado Nacional,3726-65-57,FUNDO DE INVESTIMENTO EM DIREITOS CREDITÓRIOS TM II RESPONSABILIDADE LIMITADA,PARTICIPANTE,2021-05-28,
2026-07-08,2026-06-01,VOTORANTIM - PRUDENCIAL,Privado Nacional,2736-88-17,FUNDO DE INVESTIMENTO EM PARTICIPACOES BV - MULTIESTRATEGIA IE RESPONSABILIDADE LIMITADA,PARTICIPANTE,2019-02-01,SP
2026-07-08,2026-06-01,VOTORANTIM - PRUDENCIAL,Privado Nacional,3247-16-80,FUNDO DE INVESTIMENTO EM PARTICIPACOES BV TECH MULTIESTRATEGIA IE RESPONSABILIDADE LIMITADA,PARTICIPANTE,2020-04-01,SP
2026-07-08,2026-06-01,VOTORANTIM - PRUDENCIAL,Privado Nacional,6124-53-68,SAPERE FUNDO DE INVESTIMENTO FINANCEIRO - CLASSE DE RENDA FIXA INVESTIMENTO EM INFRA - RESP LIMITADA,PARTICIPANTE,2025-07-01,SP
2026-07-08,2026-06-01,VOTORANTIM - PRUDENCIAL,Privado Nacional,1787-09-26,TIVIO SECURITIES FUNDO DE INVESTIMENTO IMOBILIARIO RESPONSABILIDADE LIMITADA,PARTICIPANTE,2021-06-01,SP
2026-07-08,2026-06-01,VR - PRUDENCIAL,Privado Nacional,7862-69-83,BANCO VR S.A.,LIDER,2014-01-02,SP
2026-07-08,2026-06-01,VR - PRUDENCIAL,Privado Nacional,6483-52-26,VR DISTRIBUIDORA DE TÍTULOS E VALORES MOBILIÁRIOS LTDA.,PARTICIPANTE,2014-01-02,SP
2026-07-08,2026-06-01,WARREN CCVM LTDA - PRUDENCIAL,Privado Nacional,9287-57-80,WARREN CORRETORA DE VALORES MOBILIÁRIOS E CÂMBIO LTDA.,LIDER/HOLDING,2014-01-02,RS
2026-07-08,2026-06-01,WARREN CCVM LTDA - PRUDENCIAL,Privado Nacional,6228-77-35,WARREN RENA DISTRIBUIDORA DE TÍTULOS E VALORES MOBILIÁRIOS LTDA,PARTICIPANTE,2022-09-13,SP
2026-07-08,2026-06-01,WESTERN UNION - PRUDENCIAL,Privado Nacional com Controle Estrangeiro,1372-09-15,BANCO WESTERN UNION DO BRASIL S.A.,LIDER,2014-01-02,SP
2026-07-08,2026-06-01,WESTERN UNION - PRUDENCIAL,Privado Nacional com Controle Estrangeiro,1372-81-56,WESTERN UNION CORRETORA DE CÂMBIO S.A.,PARTICIPANTE,2014-01-02,SP
2026-07-08,2026-06-01,WISE BRASIL CC - PRUDENCIAL,Privado Nacional com Controle Estrangeiro,3658-82-17,WISE BRASIL CORRETORA DE CÂMBIO LTDA,LIDER,2021-01-26,SP
2026-07-08,2026-06-01,WISE BRASIL CC - PRUDENCIAL,Privado Nacional com Controle Estrangeiro,4057-16-94,WISE BRASIL INSTITUICAO DE PAGAMENTO LTDA,PARTICIPANTE,2021-02-15,SP
2026-07-08,2026-06-01,XP - PRUDENCIAL,Privado Nacional com Participação Estrangeira,3326-46-68,BANCO XP S.A.,LIDER,2024-01-03,RJ
2026-07-08,2026-06-01,XP - PRUDENCIAL,Privado Nacional com Participação Estrangeira,6141-49-81,ASPIS FUNDO DE INVESTIMENTO MULTIMERCADO CREDITO PRIVADO LONGO PRAZO,PARTICIPANTE,2025-07-01,RJ
2026-07-08,2026-06-01,XP - PRUDENCIAL,Privado Nacional com Participação Estrangeira,3370-15-01,AUREA EXTREMA LOGISTICA FUNDO DE INVESTIMENTO IMOBILIARIO RESPONSABILIDADE LIMITADA,PARTICIPANTE,2023-08-01,SP
2026-07-08,2026-06-01,XP - PRUDENCIAL,Privado Nacional com Participação Estrangeira,5466-04-60,BARI CAPITAL RENDA FUNDO DE INVESTIMENTO IMOBILIARIO - RESPONSABILIDADE LIMITADA,PARTICIPANTE,2025-06-01,RJ
2026-07-08,2026-06-01,XP - PRUDENCIAL,Privado Nacional com Participação Estrangeira,5217-18-01,CACTOS FUNDO DE INVESTIMENTO EM PARTICIPACOES MULTIESTRATEGIA RESPONSABILIDADE LIMITADA,PARTICIPANTE,2023-12-21,RJ
2026-07-08,2026-06-01,XP - PRUDENCIAL,Privado Nacional com Participação Estrangeira,6360-19-80,CORPORATE SPRJ FUNDO DE INVESTIMENTO IMOBILIARIO RESPONSABILIDADE LIMITADA,PARTICIPANTE,2026-01-01,RJ
2026-07-08,2026-06-01,XP - PRUDENCIAL,Privado Nacional com Participação Estrangeira,5822-36-58,CORRESPONDENTE BANQUEIRO XP FUNDO DE INVESTIMENTO EM DIREITOS CREDITÓRIOS - RESP LTDA,PARTICIPANTE,2025-03-26,
2026-07-08,2026-06-01,XP - PRUDENCIAL,Privado Nacional com Participação Estrangeira,5433-59-57,CREDIT RESTRUCTURING FUNDO DE INVESTIMENTO EM DIREITOS CREDITÓRIOS,PARTICIPANTE,2024-05-01,
2026-07-08,2026-06-01,XP - PRUDENCIAL,Privado Nacional com Participação Estrangeira,5654-44-69,CREDIT RESTRUCTURING II FUNDO DE INVESTIMENTO EM DIREITOS CREDITÓRIOS RESPONSABILIDADE LIMITADA,PARTICIPANTE,2024-08-15,
2026-07-08,2026-06-01,XP - PRUDENCIAL,Privado Nacional com Participação Estrangeira,4312-06-57,ENDOR FUNDO DE INVESTIMENTO EM PARTICIPACOES MULTIESTRATEGIA - INVESTIMENTO NO EXTERIOR,PARTICIPANTE,2023-12-18,RJ
2026-07-08,2026-06-01,XP - PRUDENCIAL,Privado Nacional com Participação Estrangeira,5935-67-53,ER - FUNDO DE INVESTIMENTO EM DIREITOS CREDITÓRIOS RESPONSABILIDADE LIMITADA,PARTICIPANTE,2025-04-01,
2026-07-08,2026-06-01,XP - PRUDENCIAL,Privado Nacional com Participação Estrangeira,2372-04-58,FALX FIF MULTIMERCADO CREDITO PRIVADO INVESTIMENTO NO EXTERIOR,PARTICIPANTE,2019-10-11,RJ
2026-07-08,2026-06-01,XP - PRUDENCIAL,Privado Nacional com Participação Estrangeira,6110-27-44,FIC AJ BETA FUNDO DE INVESTIMENTO EM COTAS DE DIREITOS CREDITORIOS RESPONSABILIDADE LIMITADA,PARTICIPANTE,2025-07-01,RJ
2026-07-08,2026-06-01,XP - PRUDENCIAL,Privado Nacional com Participação Estrangeira,3041-89-18,FRADE FUNDO DE INVESTIMENTO EM COTAS DE FUNDOS DE INVESTIMENTO EM DIREITOS CREDITÓRIOS NP,PARTICIPANTE,2025-10-01,
2026-07-08,2026-06-01,XP - PRUDENCIAL,Privado Nacional com Participação Estrangeira,3358-87-84,FRADE III FUNDO DE INVESTIMENTO EM COTAS DE FUNDO DE INVESTIMENTO MULTIMERCADO CRED PRIV IE,PARTICIPANTE,2025-10-01,RJ
2026-07-08,2026-06-01,XP - PRUDENCIAL,Privado Nacional com Participação Estrangeira,5548-37-19,FUNDO DE INVESTIMENTO EM DIREITOS CREDITÓRIOS FGTS VISION RESPONSABILIDADE LIMITADA,PARTICIPANTE,2025-07-01,
2026-07-08,2026-06-01,XP - PRUDENCIAL,Privado Nacional com Participação Estrangeira,2008-71-71,FUNDO DE INVESTIMENTO EM PARTICIPACOES CHARDONNAY CAPITAL SEMENTE,PARTICIPANTE,2023-08-01,RJ
2026-07-08,2026-06-01,XP - PRUDENCIAL,Privado Nacional com Participação Estrangeira,1919-54-24,FUNDO DE INVESTIMENTO EM PARTICIPACOES NOVO HOTEL BOTAFOGO EMPRESAS EMERGENTES,PARTICIPANTE,2023-08-01,RJ
2026-07-08,2026-06-01,XP - PRUDENCIAL,Privado Nacional com Participação Estrangeira,1295-27-55,FUNDO DE INVESTIMENTO EM PARTICIPAÇåES MONTECARLO,PARTICIPANTE,2023-08-01,RJ
2026-07-08,2026-06-01,XP - PRUDENCIAL,Privado Nacional com Participação Estrangeira,4006-38-99,FUNDO DE INVESTIMENTO IMOBILIARIO DESENVOLVIMENTO 1 MODALMAIS,PARTICIPANTE,2023-08-01,RJ
2026-07-08,2026-06-01,XP - PRUDENCIAL,Privado Nacional com Participação Estrangeira,5894-28-69,GIANT CREDITO HIGH GRADE FUNDO DE INVESTIMENTO EM RENDA FIXA CREDITO PRIVADO LONGO PRAZO,PARTICIPANTE,2025-07-01,RJ
2026-07-08,2026-06-01,XP - PRUDENCIAL,Privado Nacional com Participação Estrangeira,5963-30-97,GIANT ZARATHUSTRA CLASSIC FUNDO DE INVESTIMENTO EM COTAS MULTIMERCADO RESPONSABILIDADE LIMITADA,PARTICIPANTE,2025-07-01,RJ
2026-07-08,2026-06-01,XP - PRUDENCIAL,Privado Nacional com Participação Estrangeira,5963-35-51,GIANT ZARATHUSTRA IV FUNDO DE INVESTIMENTO EM COTAS MULTIMERCADO RESPONSABILIDADE LIMITADA,PARTICIPANTE,2025-07-01,RJ
2026-07-08,2026-06-01,XP - PRUDENCIAL,Privado Nacional com Participação Estrangeira,2297-51-53,GLADIUS FIF MULTIMERCADO CREDITO PRIVADO INVESTIMENTO NO EXTERIOR,PARTICIPANTE,2026-01-01,RJ
2026-07-08,2026-06-01,XP - PRUDENCIAL,Privado Nacional com Participação Estrangeira,6606-19-93,HARPE FUNDO DE INVESTIMENTO MULTIMERCADO CREDITO PRIVADO LONGO PRAZO,PARTICIPANTE,2026-04-01,RJ
2026-07-08,2026-06-01,XP - PRUDENCIAL,Privado Nacional com Participação Estrangeira,5600-60-31,HOME EQUITY MULTI FUNDO DE INVESTIMENTO EM DIREITOS CREDITÓRIOS RESPONSABILIDADE LIMITADA,PARTICIPANTE,2025-02-01,
2026-07-08,2026-06-01,XP - PRUDENCIAL,Privado Nacional com Participação Estrangeira,2812-21-24,JAVELIN FIF MULTIMERCADO CREDITO PRIVADO INVESTIMENTO NO EXTERIOR,PARTICIPANTE,2023-08-01,RJ
2026-07-08,2026-06-01,XP - PRUDENCIAL,Privado Nacional com Participação Estrangeira,6391-83-41,KOPIS FUNDO DE INVESTIMENTO MULTIMERCADO CREDITO PRIVADO LONGO PRAZO,PARTICIPANTE,2026-02-01,RJ
2026-07-08,2026-06-01,XP - PRUDENCIAL,Privado Nacional com Participação Estrangeira,3581-94-55,MACADAMIA FUNDO DE INVESTIMENTO MULTIMERCADO CREDITO PRIVADO,PARTICIPANTE,2023-08-01,RJ
2026-07-08,2026-06-01,XP - PRUDENCIAL,Privado Nacional com Participação Estrangeira,,MM HEDGE ICON,PARTICIPANTE,2023-08-01,
2026-07-08,2026-06-01,XP - PRUDENCIAL,Privado Nacional com Participação Estrangeira,4098-16-05,MODALMAIS SUECIA FUNDO DE INVESTIMENTO EM COTAS MULTIMERCADO,PARTICIPANTE,2023-08-01,RJ
2026-07-08,2026-06-01,XP - PRUDENCIAL,Privado Nacional com Participação Estrangeira,4099-36-47,MODALMAIS SUECIA II FUNDO DE INVESTIMENTO EM COTAS MULTIMERCADO,PARTICIPANTE,2023-08-01,RJ
2026-07-08,2026-06-01,XP - PRUDENCIAL,Privado Nacional com Participação Estrangeira,3755-32-53,NIMROD FIF MULTIMERCADO CREDITO PRIVADO INVESTIMENTO NO EXTERIOR,PARTICIPANTE,2020-09-01,RJ
2026-07-08,2026-06-01,XP - PRUDENCIAL,Privado Nacional com Participação Estrangeira,3252-85-86,PLEIADES FUNDO DE INVESTIMENTO EM PARTICIPACOES MULTIESTRATEGIA,PARTICIPANTE,2023-12-18,RJ
2026-07-08,2026-06-01,XP - PRUDENCIAL,Privado Nacional com Participação Estrangeira,2401-88-42,SCORPIO FIF MULTIMERCADO CREDITO PRIVADO INVESTIMENTO NO EXTERIOR,PARTICIPANTE,2025-01-20,RJ
2026-07-08,2026-06-01,XP - PRUDENCIAL,Privado Nacional com Participação Estrangeira,5185-11-42,SMF FUNDO DE INVESTIMENTO MULTIMERCADO CREDITO PRIVADO RESPONSABILIDADE LIMITADA,PARTICIPANTE,2023-10-31,RJ
2026-07-08,2026-06-01,XP - PRUDENCIAL,Privado Nacional com Participação Estrangeira,5735-75-81,XP CASH M2 FUNDO DE INVESTIMENTO EM RENDA FIXA SIMPLES RESPONSABILIDADE LIMITADA,PARTICIPANTE,2026-01-01,RJ
2026-07-08,2026-06-01,XP - PRUDENCIAL,Privado Nacional com Participação Estrangeira,4447-52-45,XP DISTRIBUIDORA DE TÍTULOS E VALORES MOBILIÁRIOS LTDA.,PARTICIPANTE,2022-03-28,RJ
2026-07-08,2026-06-01,XP - PRUDENCIAL,Privado Nacional com Participação Estrangeira,0233-28-86,"XP INVESTIMENTOS CORRETORA DE CÂMBIO,TÍTULOS E VALORES MOBILIÁRIOS S/A",PARTICIPANTE,2024-01-03,RJ
2026-07-08,2026-06-01,XP - PRUDENCIAL,Privado Nacional com Participação Estrangeira,,XP MULTISTRATEGY FUND SP,PARTICIPANTE,2026-01-01,
2026-07-08,2026-06-01,XP - PRUDENCIAL,Privado Nacional com Participação Estrangeira,6034-99-42,XP NIX FUNDO DE INVESTIMENTO EM INFRAESTRUTURA RENDA FIXA,PARTICIPANTE,2025-04-01,SP
2026-07-08,2026-06-01,XP - PRUDENCIAL,Privado Nacional com Participação Estrangeira,5303-64-95,XP RETURN I CONSIGNADO FUNDO DE INVESTIMENTO EM DIREITOS CREDITÓRIOS RESP LIMITADA,PARTICIPANTE,2023-12-01,
2026-07-08,2026-06-01,XP - PRUDENCIAL,Privado Nacional com Participação Estrangeira,0538-91-74,XP SERVIÇOS FINANCEIROS DTVM LTDA,PARTICIPANTE,2023-08-01,RJ
2026-07-08,2026-06-01,XP - PRUDENCIAL,Privado Nacional com Participação Estrangeira,,XPI ALESIA FUND SEGREGATED PORTFOLIO (BRAZIL INTERNATIONAL FUND SPC,PARTICIPANTE,2022-04-30,
2026-07-08,2026-06-01,YAMAHA MOTOR - PRUDENCIAL,Privado Nacional com Controle Estrangeiro,1037-14-92,BANCO YAMAHA MOTOR DO BRASIL S.A.,LIDER,2014-01-02,SP
2026-07-08,2026-06-01,YAMAHA MOTOR - PRUDENCIAL,Privado Nacional com Controle Estrangeiro,4745-81-53,YAMAHA ADMINISTRADORA DE CONSÓRCIO LTDA.,PARTICIPANTE,2014-01-02,SP
2026-07-08,2026-06-01,ZEMA CFI - PRUDENCIAL,Privado Nacional,0535-18-87,"ZEMA CRÉDITO, FINANCIAMENTO E INVESTIMENTO S/A",LIDER/HOLDING,2014-01-02,MG
2026-07-08,2026-06-01,ZEMA CFI - PRUDENCIAL,Privado Nacional,2336-76-34,ZEMA ADMINISTRADORA DE CONSÓRCIO LTDA,PARTICIPANTE,2014-12-01,MG
