data_base,AnoMes,CodInst,NomeInstituicao,ativo_total,ranking
2024-03-31,202403,00000000,IF 00000000,220770513373248.0,1
2024-03-31,202403,60701190,Banco do Brasil S.A.,192665951614825.0,2
2024-03-31,202403,00360305,Itaú Unibanco S.A.,187871435046111.0,3
2024-03-31,202403,60746948,Caixa Econômica Federal,161364897687494.0,4
2024-03-31,202403,90400888,Banco Bradesco S.A.,111132676129782.0,5
2024-03-31,202403,60872504,Banco BTG Pactual S.A.,38014333071104.0,6
2024-03-31,202403,58160789,Banco Safra S.A.,25165209182166.0,7
2024-03-31,202403,33479023,Sicoob,18933657782211.0,8
2024-03-31,202403,01181521,Banco do Nordeste do Brasil S.A.,16452951198123.0,9
2024-03-31,202403,02038232,Banco BBM S.A.,13787707449857.0,10
2024-03-31,202403,01425787,Banco ABC Brasil S.A.,13518784430723.0,11
2024-03-31,202403,33264668,Bradesco Financiamentos S.A.,13134606214903.0,12
2024-03-31,202403,59588111,Banco Votorantim S.A.,13018496128851.0,13
2024-03-31,202403,30680829,Citibank N.A.,12843820586443.0,14
2024-03-31,202403,92702067,Banco Daycoval S.A.,12780658457037.0,15
2024-03-31,202403,33172537,Banco Pan S.A.,12164418515658.0,16
2024-03-31,202403,02332886,XP Investimentos Corretora de Câmbio Títulos e Valores Mobiliários S.A.,11833871439285.0,17
2024-03-31,202403,01027058,Banco Mercantil do Brasil S.A.,10777525960571.0,18
2024-03-31,202403,01522368,Banco C6 S.A.,9242872434485.0,19
2024-03-31,202403,18236120,Banco Ourinvest S.A.,9072514436258.0,20
2024-03-31,202403,33657248,Banco Santander (Brasil) S.A.,7320361833802.0,21
2024-03-31,202403,62232889,Banco Inter S.A.,7196201744897.0,22
2024-03-31,202403,07707650,Banco Modal S.A.,6771166529685.0,23
2024-03-31,202403,07237373,Banco do Estado do Pará S.A.,6681495403062.0,24
2024-03-31,202403,59285411,Banco do Estado do Amazonas S.A.,6321564766268.0,25
2024-03-31,202403,07207996,IF 07207996,6207073313906.0,26
2024-03-31,202403,00416968,Banco da Amazônia S.A.,6113842268215.0,27
2024-03-31,202403,28195667,IF 28195667,5812812341417.0,28
2024-03-31,202403,01023570,IF 01023570,5698179562851.0,29
2024-03-31,202403,31872495,Banco Fibra S.A.,5542608671319.0,30
2024-03-31,202403,16501555,IF 16501555,5031878255102.0,31
2024-03-31,202403,08561701,Banco do Estado do Espírito Santo S.A.,4897917631947.0,32
2024-03-31,202403,00000208,IF 00000208,4895694360571.0,33
2024-03-31,202403,61186680,IF 61186680,4820274651556.0,34
2024-03-31,202403,04902979,IF 04902979,4819483978359.0,35
2024-03-31,202403,59109165,IF 59109165,4409290070499.0,36
2024-03-31,202403,30306294,BNDES,4365798451286.0,37
2024-03-31,202403,60498557,IF 60498557,4268029718675.0,38
2024-03-31,202403,04332281,IF 04332281,4233539856995.0,39
2024-03-31,202403,33923798,IF 33923798,4104413051242.0,40
2024-03-31,202403,62073200,IF 62073200,3793989167079.0,41
2024-03-31,202403,33885724,IF 33885724,3709591356876.0,42
2024-03-31,202403,10573521,IF 10573521,3668040074876.0,43
2024-03-31,202403,03751794,IF 03751794,3403333146092.0,44
2024-03-31,202403,10264663,IF 10264663,3382177552081.0,45
2024-03-31,202403,75647891,IF 75647891,2957658273961.0,46
2024-03-31,202403,60770336,IF 60770336,2846786794478.0,47
2024-03-31,202403,61088183,IF 61088183,2836616556317.0,48
2024-03-31,202403,02992446,IF 02992446,2720741077718.0,49
2024-03-31,202403,31597552,IF 31597552,2629020261084.0,50
2024-03-31,202403,61348538,IF 61348538,2524887141866.0,51
2024-03-31,202403,53518684,IF 53518684,2519938338083.0,52
2024-03-31,202403,61533584,IF 61533584,2506743973507.0,53
2024-03-31,202403,62144175,IF 62144175,2443117681783.0,54
2024-03-31,202403,33042953,IF 33042953,2394607210745.0,55
2024-03-31,202403,15114366,IF 15114366,2301382400997.0,56
2024-03-31,202403,92894922,IF 92894922,2294324219669.0,57
2024-03-31,202403,62331228,IF 62331228,2264979156095.0,58
2024-03-31,202403,10664513,IF 10664513,2195453959922.0,59
2024-03-31,202403,92816560,IF 92816560,2157024219128.0,60
2024-03-31,202403,17184037,IF 17184037,2088933130143.0,61
2024-03-31,202403,02801938,IF 02801938,2006702974862.0,62
2024-03-31,202403,60814191,IF 60814191,1996840266782.0,63
2024-03-31,202403,33987793,IF 33987793,1962470429416.0,64
2024-03-31,202403,08357240,IF 08357240,1915480326862.0,65
2024-03-31,202403,02206577,IF 02206577,1878100791878.0,66
2024-03-31,202403,91884981,IF 91884981,1805010235305.0,67
2024-03-31,202403,04913711,IF 04913711,1760877033898.0,68
2024-03-31,202403,04862600,IF 04862600,1698270875908.0,69
2024-03-31,202403,80160260,IF 80160260,1662034774391.0,70
2024-03-31,202403,05040481,IF 05040481,1640651027405.0,71
2024-03-31,202403,29030467,IF 29030467,1631627741327.0,72
2024-03-31,202403,47193149,IF 47193149,1625508171356.0,73
2024-03-31,202403,00309024,IF 00309024,1596998947884.0,74
2024-03-31,202403,09516419,IF 09516419,1591638950516.0,75
2024-03-31,202403,58017179,IF 58017179,1577195175953.0,76
2024-03-31,202403,58616418,IF 58616418,1560491223025.0,77
2024-03-31,202403,60889128,IF 60889128,1559019037572.0,78
2024-03-31,202403,07450604,IF 07450604,1537184120132.0,79
2024-03-31,202403,47509120,IF 47509120,1524642599835.0,80
2024-03-31,202403,54037916,IF 54037916,1488940715824.0,81
2024-03-31,202403,01701201,IF 01701201,1475925885926.0,82
2024-03-31,202403,03012230,IF 03012230,1460232679349.0,83
2024-03-31,202403,04184779,IF 04184779,1448267944431.0,84
2024-03-31,202403,59274605,IF 59274605,1367673168115.0,85
2024-03-31,202403,63917579,IF 63917579,1363361896128.0,86
2024-03-31,202403,11417016,IF 11417016,1358400041545.0,87
2024-03-31,202403,10866788,IF 10866788,1358377553356.0,88
2024-03-31,202403,43815158,IF 43815158,1346283491311.0,89
2024-03-31,202403,17167412,IF 17167412,1318837423688.0,90
2024-03-31,202403,82639451,IF 82639451,1301176091796.0,91
2024-03-31,202403,27098060,IF 27098060,1244289741775.0,92
2024-03-31,202403,71328769,IF 71328769,1218324077597.0,93
2024-03-31,202403,03215790,IF 03215790,1205330985306.0,94
2024-03-31,202403,01401771,IF 01401771,1150678691093.0,95
2024-03-31,202403,62307848,IF 62307848,1122764606115.0,96
2024-03-31,202403,79342069,IF 79342069,1104246906148.0,97
2024-03-31,202403,26529420,IF 26529420,1103072227674.0,98
2024-03-31,202403,13220493,IF 13220493,1091805347935.0,99
2024-03-31,202403,00655522,IF 00655522,1049224120898.0,100
2024-03-31,202403,14388334,IF 14388334,1025438357636.0,101
2024-03-31,202403,32428294,IF 32428294,988415779748.0,102
2024-03-31,202403,61194353,IF 61194353,980754231412.0,103
2024-03-31,202403,05463212,IF 05463212,955965664104.0,104
2024-03-31,202403,18189547,IF 18189547,943021399373.0,105
2024-03-31,202403,60518222,IF 60518222,939379211968.0,106
2024-03-31,202403,87437687,IF 87437687,935470862258.0,107
2024-03-31,202403,06881898,IF 06881898,913888652924.0,108
2024-03-31,202403,78414067,IF 78414067,893826187966.0,109
2024-03-31,202403,38486817,IF 38486817,888521814235.0,110
2024-03-31,202403,62237425,IF 62237425,869911725613.0,111
2024-03-31,202403,81466286,IF 81466286,858976479959.0,112
2024-03-31,202403,32430233,IF 32430233,843605269949.0,113
2024-03-31,202403,92874270,IF 92874270,827777445878.0,114
2024-03-31,202403,91586982,IF 91586982,801769437238.0,115
2024-03-31,202403,20855875,IF 20855875,779658492234.0,116
2024-03-31,202403,32995755,IF 32995755,778855692435.0,117
2024-03-31,202403,90608712,IF 90608712,769886952111.0,118
2024-03-31,202403,62287735,IF 62287735,759568675233.0,119
2024-03-31,202403,01858774,IF 01858774,755897826655.0,120
2024-03-31,202403,02398976,IF 02398976,749136249708.0,121
2024-03-31,202403,22896431,IF 22896431,739767161409.0,122
2024-03-31,202403,34111187,IF 34111187,728742025357.0,123
2024-03-31,202403,37679449,IF 37679449,725469992338.0,124
2024-03-31,202403,36272465,IF 36272465,721863414563.0,125
2024-03-31,202403,15124464,IF 15124464,719690222665.0,126
2024-03-31,202403,37395399,IF 37395399,717159387046.0,127
2024-03-31,202403,80230774,IF 80230774,708943001894.0,128
2024-03-31,202403,88894548,IF 88894548,695977855255.0,129
2024-03-31,202403,03634220,IF 03634220,689031393682.0,130
2024-03-31,202403,71027866,IF 71027866,687569634117.0,131
2024-03-31,202403,42898825,IF 42898825,685078655666.0,132
2024-03-31,202403,87780268,IF 87780268,681635480109.0,133
2024-03-31,202403,10440482,Banco do Estado do Rio Grande do Sul S.A.,673093623480.0,134
2024-03-31,202403,04243780,IF 04243780,656640991507.0,135
2024-03-31,202403,23862762,IF 23862762,654455473205.0,136
2024-03-31,202403,60779196,IF 60779196,643515074797.0,137
2024-03-31,202403,26408161,IF 26408161,642409806238.0,138
2024-03-31,202403,24654881,IF 24654881,641422543636.0,139
2024-03-31,202403,03632872,IF 03632872,635571585883.0,140
2024-03-31,202403,09526594,IF 09526594,624522940377.0,141
2024-03-31,202403,92228410,IF 92228410,624241816934.0,142
2024-03-31,202403,31895683,IF 31895683,620757680537.0,143
2024-03-31,202403,09464032,IF 09464032,606759593411.0,144
2024-03-31,202403,00543968,IF 00543968,604921104284.0,145
2024-03-31,202403,26555235,IF 26555235,598420836288.0,146
2024-03-31,202403,33147315,IF 33147315,586231611887.0,147
2024-03-31,202403,43180355,IF 43180355,581781379292.0,148
2024-03-31,202403,03017677,IF 03017677,580820387708.0,149
2024-03-31,202403,04962772,IF 04962772,572738843371.0,150
2024-03-31,202403,24933830,IF 24933830,569210094431.0,151
2024-03-31,202403,33021064,IF 33021064,566811791508.0,152
2024-03-31,202403,32345784,IF 32345784,564677491349.0,153
2024-03-31,202403,30172491,IF 30172491,561498852249.0,154
2024-03-31,202403,05036532,IF 05036532,557601173885.0,155
2024-03-31,202403,27351731,IF 27351731,555536008861.0,156
2024-03-31,202403,31546476,IF 31546476,541008849061.0,157
2024-03-31,202403,88038260,IF 88038260,540309173642.0,158
2024-03-31,202403,02658435,IF 02658435,534518793565.0,159
2024-03-31,202403,37442605,IF 37442605,511065266407.0,160
2024-03-31,202403,24795049,IF 24795049,502366193885.0,161
2024-03-31,202403,92934215,IF 92934215,500682763901.0,162
2024-03-31,202403,03566655,IF 03566655,482937604639.0,163
2024-03-31,202403,89126130,IF 89126130,482541413746.0,164
2024-03-31,202403,20520298,IF 20520298,480795217251.0,165
2024-03-31,202403,81723108,IF 81723108,477069145368.0,166
2024-03-31,202403,62169875,IF 62169875,476018857318.0,167
2024-03-31,202403,33868597,IF 33868597,474786815498.0,168
2024-03-31,202403,39544456,IF 39544456,473046249157.0,169
2024-03-31,202403,33667205,IF 33667205,466213247723.0,170
2024-03-31,202403,00815319,IF 00815319,465861837835.0,171
2024-03-31,202403,17298092,IF 17298092,464661222927.0,172
2024-03-31,202403,10663610,IF 10663610,455113610095.0,173
2024-03-31,202403,09274232,IF 09274232,454169294897.0,174
2024-03-31,202403,03459850,IF 03459850,449340779668.0,175
2024-03-31,202403,33416108,IF 33416108,446181515622.0,176
2024-03-31,202403,70119680,IF 70119680,444198345125.0,177
2024-03-31,202403,07202627,IF 07202627,436820062835.0,178
2024-03-31,202403,21198087,IF 21198087,432514169195.0,179
2024-03-31,202403,89468565,IF 89468565,430372588858.0,180
2024-03-31,202403,32983165,IF 32983165,427314006312.0,181
2024-03-31,202403,28127603,IF 28127603,427182617778.0,182
2024-03-31,202403,87795639,IF 87795639,425023327428.0,183
2024-03-31,202403,43818780,IF 43818780,422167683611.0,184
2024-03-31,202403,04866275,IF 04866275,418909230153.0,185
2024-03-31,202403,03532415,IF 03532415,411972122545.0,186
2024-03-31,202403,76543115,IF 76543115,409833431809.0,187
2024-03-31,202403,87733770,IF 87733770,408482939245.0,188
2024-03-31,202403,33603457,IF 33603457,404447470075.0,189
2024-03-31,202403,68900810,IF 68900810,397667491008.0,190
2024-03-31,202403,03320525,IF 03320525,389435257151.0,191
2024-03-31,202403,60850229,IF 60850229,386098686162.0,192
2024-03-31,202403,10398952,IF 10398952,379509558744.0,193
2024-03-31,202403,11285104,IF 11285104,365086818575.0,194
2024-03-31,202403,02015588,IF 02015588,364968594244.0,195
2024-03-31,202403,32467086,IF 32467086,364775177624.0,196
2024-03-31,202403,92555150,IF 92555150,363623228882.0,197
2024-03-31,202403,79457883,IF 79457883,363304322558.0,198
2024-03-31,202403,78632767,IF 78632767,361661742908.0,199
2024-03-31,202403,10371492,IF 10371492,360893239926.0,200
2024-03-31,202403,92796564,IF 92796564,357185003212.0,201
2024-03-31,202403,10348181,IF 10348181,354841854322.0,202
2024-03-31,202403,95594941,IF 95594941,349257405931.0,203
2024-03-31,202403,74064502,IF 74064502,347572653903.0,204
2024-03-31,202403,82527557,IF 82527557,347269090581.0,205
2024-03-31,202403,78834975,IF 78834975,342185630062.0,206
2024-03-31,202403,10690848,IF 10690848,341776503444.0,207
2024-03-31,202403,79052122,IF 79052122,339099518228.0,208
2024-03-31,202403,70431630,IF 70431630,337891956093.0,209
2024-03-31,202403,01634601,IF 01634601,336888902133.0,210
2024-03-31,202403,04452473,IF 04452473,336188419915.0,211
2024-03-31,202403,91159764,IF 91159764,330947472949.0,212
2024-03-31,202403,90729369,IF 90729369,328534499792.0,213
2024-03-31,202403,45437547,IF 45437547,328212289609.0,214
2024-03-31,202403,01658426,IF 01658426,327842628685.0,215
2024-03-31,202403,90497256,IF 90497256,325928606703.0,216
2024-03-31,202403,32588139,IF 32588139,324849304895.0,217
2024-03-31,202403,87853206,IF 87853206,324337474455.0,218
2024-03-31,202403,03502131,IF 03502131,323536867362.0,219
2024-03-31,202403,59118133,IF 59118133,322096887682.0,220
2024-03-31,202403,03584906,IF 03584906,317556785114.0,221
2024-03-31,202403,02843443,IF 02843443,316624582898.0,222
2024-03-31,202403,10736214,IF 10736214,315386286861.0,223
2024-03-31,202403,04388688,IF 04388688,311119592642.0,224
2024-03-31,202403,33022690,IF 33022690,310587544736.0,225
2024-03-31,202403,35571249,IF 35571249,307669023576.0,226
2024-03-31,202403,89990501,IF 89990501,307379344185.0,227
2024-03-31,202403,78840071,IF 78840071,306182171995.0,228
2024-03-31,202403,87733077,IF 87733077,302673681872.0,229
2024-03-31,202403,03323840,IF 03323840,300852573403.0,230
2024-03-31,202403,82065285,IF 82065285,300774031605.0,231
2024-03-31,202403,31804966,IF 31804966,299611400569.0,232
2024-03-31,202403,02885855,IF 02885855,299189491142.0,233
2024-03-31,202403,74828799,IF 74828799,294030197567.0,234
2024-03-31,202403,34270520,IF 34270520,289866668125.0,235
2024-03-31,202403,02282709,IF 02282709,289393407976.0,236
2024-03-31,202403,45246410,IF 45246410,282168155043.0,237
2024-03-31,202403,87781530,IF 87781530,281484099593.0,238
2024-03-31,202403,03042597,IF 03042597,278923418592.0,239
2024-03-31,202403,13884775,IF 13884775,277872201235.0,240
2024-03-31,202403,14568725,IF 14568725,276855722038.0,241
2024-03-31,202403,38372267,IF 38372267,274046965197.0,242
2024-03-31,202403,03609817,IF 03609817,273411963557.0,243
2024-03-31,202403,33737818,IF 33737818,272110681035.0,244
2024-03-31,202403,84974278,IF 84974278,267447862451.0,245
2024-03-31,202403,61033106,IF 61033106,266850772521.0,246
2024-03-31,202403,94433109,IF 94433109,266808854576.0,247
2024-03-31,202403,04670195,IF 04670195,261360237141.0,248
2024-03-31,202403,03793242,IF 03793242,259241140678.0,249
2024-03-31,202403,30822936,IF 30822936,258930964243.0,250
2024-03-31,202403,01644264,IF 01644264,253449906254.0,251
2024-03-31,202403,74114042,IF 74114042,252885402208.0,252
2024-03-31,202403,87510475,IF 87510475,250513311685.0,253
2024-03-31,202403,17453575,IF 17453575,248977818692.0,254
2024-03-31,202403,78907607,IF 78907607,246146413294.0,255
2024-03-31,202403,33851205,IF 33851205,244096087431.0,256
2024-03-31,202403,88099247,IF 88099247,243842066068.0,257
2024-03-31,202403,07656500,IF 07656500,241918800261.0,258
2024-03-31,202403,07679404,IF 07679404,241774166659.0,259
2024-03-31,202403,42873828,IF 42873828,241740759349.0,260
2024-03-31,202403,04323351,IF 04323351,241239500382.0,261
2024-03-31,202403,76059997,IF 76059997,240912963661.0,262
2024-03-31,202403,26178533,IF 26178533,237749907956.0,263
2024-03-31,202403,48795256,IF 48795256,236375673307.0,264
2024-03-31,202403,26408187,IF 26408187,233843152728.0,265
2024-03-31,202403,07206072,IF 07206072,233420017354.0,266
2024-03-31,202403,33311713,IF 33311713,233166471591.0,267
2024-03-31,202403,81014060,IF 81014060,232732814484.0,268
2024-03-31,202403,89049738,IF 89049738,231859235208.0,269
2024-03-31,202403,26549311,IF 26549311,229822783513.0,270
2024-03-31,202403,11476673,IF 11476673,227298011321.0,271
2024-03-31,202403,03358914,IF 03358914,223549991776.0,272
2024-03-31,202403,74014747,IF 74014747,219983032783.0,273
2024-03-31,202403,81367880,IF 81367880,218771702715.0,274
2024-03-31,202403,25798596,IF 25798596,212755414735.0,275
2024-03-31,202403,95424891,IF 95424891,210033599055.0,276
2024-03-31,202403,78858107,IF 78858107,208193907265.0,277
2024-03-31,202403,25387671,IF 25387671,207378611228.0,278
2024-03-31,202403,00184068,IF 00184068,207153553263.0,279
2024-03-31,202403,87784088,IF 87784088,206868596931.0,280
2024-03-31,202403,41180092,IF 41180092,205333311048.0,281
2024-03-31,202403,81192106,IF 81192106,203686767934.0,282
2024-03-31,202403,00971300,IF 00971300,203248285093.0,283
2024-03-31,202403,79063574,IF 79063574,202471581413.0,284
2024-03-31,202403,81206039,IF 81206039,200895164702.0,285
2024-03-31,202403,25683434,IF 25683434,199928939602.0,286
2024-03-31,202403,02466552,IF 02466552,198636279798.0,287
2024-03-31,202403,06332931,IF 06332931,198418506917.0,288
2024-03-31,202403,33466988,IF 33466988,197937286842.0,289
2024-03-31,202403,88471024,IF 88471024,197917872111.0,290
2024-03-31,202403,95213211,IF 95213211,195564613206.0,291
2024-03-31,202403,11581339,IF 11581339,194157531689.0,292
2024-03-31,202403,81011686,IF 81011686,189306083414.0,293
2024-03-31,202403,79086997,IF 79086997,187574160652.0,294
2024-03-31,202403,02335109,IF 02335109,187497043731.0,295
2024-03-31,202403,77984870,IF 77984870,187468422557.0,296
2024-03-31,202403,16668076,IF 16668076,186778865992.0,297
2024-03-31,202403,87900411,IF 87900411,183833925087.0,298
2024-03-31,202403,78825023,IF 78825023,183731220837.0,299
2024-03-31,202403,85291086,IF 85291086,183385202965.0,300
2024-03-31,202403,13370835,IF 13370835,180417837678.0,301
2024-03-31,202403,81016131,IF 81016131,180039115969.0,302
2024-03-31,202403,62931522,IF 62931522,179853863059.0,303
2024-03-31,202403,05241619,IF 05241619,178462573227.0,304
2024-03-31,202403,81054686,IF 81054686,177890292465.0,305
2024-03-31,202403,31880826,IF 31880826,177792582394.0,306
2024-03-31,202403,01039011,IF 01039011,177747565574.0,307
2024-03-31,202403,32062580,IF 32062580,174857015191.0,308
2024-03-31,202403,05888589,IF 05888589,173044140733.0,309
2024-03-31,202403,61820817,IF 61820817,172734058019.0,310
2024-03-31,202403,05392810,IF 05392810,172705813263.0,311
2024-03-31,202403,51014223,IF 51014223,171462837591.0,312
2024-03-31,202403,36900256,IF 36900256,170623941634.0,313
2024-03-31,202403,14796606,IF 14796606,168965712539.0,314
2024-03-31,202403,97406706,IF 97406706,168628517541.0,315
2024-03-31,202403,04247370,IF 04247370,168520556405.0,316
2024-03-31,202403,07599206,IF 07599206,167895890815.0,317
2024-03-31,202403,81115149,IF 81115149,167284108199.0,318
2024-03-31,202403,46570800,IF 46570800,166079868253.0,319
2024-03-31,202403,86829827,IF 86829827,165921630144.0,320
2024-03-31,202403,00517645,IF 00517645,164306671401.0,321
2024-03-31,202403,02232383,IF 02232383,164056855272.0,322
2024-03-31,202403,37880206,IF 37880206,163014025323.0,323
2024-03-31,202403,08075352,IF 08075352,162620345893.0,324
2024-03-31,202403,00698609,IF 00698609,161865695047.0,325
2024-03-31,202403,28145829,IF 28145829,160211885097.0,326
2024-03-31,202403,87780284,IF 87780284,159363257753.0,327
2024-03-31,202403,73750424,IF 73750424,158035759891.0,328
2024-03-31,202403,17192451,IF 17192451,158027019834.0,329
2024-03-31,202403,50585090,IF 50585090,156084114194.0,330
2024-03-31,202403,07512780,IF 07512780,153180217022.0,331
2024-03-31,202403,26563270,IF 26563270,152932734399.0,332
2024-03-31,202403,80959612,IF 80959612,152381269789.0,333
2024-03-31,202403,41697103,IF 41697103,152290343412.0,334
2024-03-31,202403,71698674,IF 71698674,151660169433.0,335
2024-03-31,202403,00966246,IF 00966246,151361362767.0,336
2024-03-31,202403,67960229,IF 67960229,151165106848.0,337
2024-03-31,202403,73443863,IF 73443863,150384965815.0,338
2024-03-31,202403,08044854,IF 08044854,150183282668.0,339
2024-03-31,202403,33709114,IF 33709114,149785053849.0,340
2024-03-31,202403,62318407,IF 62318407,149553695329.0,341
2024-03-31,202403,16779741,IF 16779741,148963669147.0,342
2024-03-31,202403,02663426,IF 02663426,148560918173.0,343
2024-03-31,202403,71884498,IF 71884498,148388267936.0,344
2024-03-31,202403,00106180,IF 00106180,148045600142.0,345
2024-03-31,202403,81706616,IF 81706616,147763430685.0,346
2024-03-31,202403,42040639,IF 42040639,147248777441.0,347
2024-03-31,202403,15111975,IF 15111975,146463564454.0,348
2024-03-31,202403,82937293,IF 82937293,146092517989.0,349
2024-03-31,202403,19307785,IF 19307785,145930235429.0,350
2024-03-31,202403,61809182,IF 61809182,145692534369.0,351
2024-03-31,202403,02446089,IF 02446089,145376099504.0,352
2024-03-31,202403,01727929,IF 01727929,144997834665.0,353
2024-03-31,202403,06271464,IF 06271464,144740033762.0,354
2024-03-31,202403,04463602,IF 04463602,143675624332.0,355
2024-03-31,202403,17343510,IF 17343510,142921905055.0,356
2024-03-31,202403,00997185,IF 00997185,142377116259.0,357
2024-03-31,202403,32474884,IF 32474884,138872706004.0,358
2024-03-31,202403,34148882,IF 34148882,138442732792.0,359
2024-03-31,202403,42272526,IF 42272526,138435149245.0,360
2024-03-31,202403,71297899,IF 71297899,138198769981.0,361
2024-03-31,202403,24048910,IF 24048910,137585160265.0,362
2024-03-31,202403,86564051,IF 86564051,136159714715.0,363
2024-03-31,202403,00556603,IF 00556603,135044490205.0,364
2024-03-31,202403,05203605,IF 05203605,134754680214.0,365
2024-03-31,202403,72257793,IF 72257793,134371142017.0,366
2024-03-31,202403,05276770,IF 05276770,134234283569.0,367
2024-03-31,202403,19468242,IF 19468242,134218612667.0,368
2024-03-31,202403,04350225,IF 04350225,134170846045.0,369
2024-03-31,202403,88530142,IF 88530142,133698600184.0,370
2024-03-31,202403,66463407,IF 66463407,132021291444.0,371
2024-03-31,202403,46743943,IF 46743943,131684698939.0,372
2024-03-31,202403,01060307,IF 01060307,131014431228.0,373
2024-03-31,202403,62375134,IF 62375134,130164466244.0,374
2024-03-31,202403,02318507,IF 02318507,127997722303.0,375
2024-03-31,202403,87779625,IF 87779625,127975382089.0,376
2024-03-31,202403,04814563,IF 04814563,127716217179.0,377
2024-03-31,202403,59281253,IF 59281253,125901648664.0,378
2024-03-31,202403,03326437,IF 03326437,125289673057.0,379
2024-03-31,202403,02819125,IF 02819125,124146304351.0,380
2024-03-31,202403,29650082,IF 29650082,124130916943.0,381
2024-03-31,202403,23623636,IF 23623636,122518483133.0,382
2024-03-31,202403,60783503,IF 60783503,120620510801.0,383
2024-03-31,202403,65229254,IF 65229254,120448492648.0,384
2024-03-31,202403,09313766,IF 09313766,119515397368.0,385
2024-03-31,202403,07268499,IF 07268499,117187869895.0,386
2024-03-31,202403,15163587,IF 15163587,116924568573.0,387
2024-03-31,202403,07026923,IF 07026923,116783706788.0,388
2024-03-31,202403,01852137,IF 01852137,115250189143.0,389
2024-03-31,202403,02732968,IF 02732968,114719404806.0,390
2024-03-31,202403,05231945,IF 05231945,113945975368.0,391
2024-03-31,202403,02670590,IF 02670590,112819454962.0,392
2024-03-31,202403,07122321,IF 07122321,111429862971.0,393
2024-03-31,202403,32778350,IF 32778350,111391197487.0,394
2024-03-31,202403,07441209,IF 07441209,110130600703.0,395
2024-03-31,202403,00795423,IF 00795423,109857275742.0,396
2024-03-31,202403,70116611,IF 70116611,109693970306.0,397
2024-03-31,202403,00694389,IF 00694389,109580377256.0,398
2024-03-31,202403,02910987,IF 02910987,109226254251.0,399
2024-03-31,202403,02641032,IF 02641032,109031767412.0,400
2024-03-31,202403,34265561,IF 34265561,108598822965.0,401
2024-03-31,202403,66402207,IF 66402207,107311033595.0,402
2024-03-31,202403,03222753,IF 03222753,107251372718.0,403
2024-03-31,202403,25395435,IF 25395435,106657720077.0,404
2024-03-31,202403,18539102,IF 18539102,105440820557.0,405
2024-03-31,202403,10311218,IF 10311218,105318342444.0,406
2024-03-31,202403,62285390,IF 62285390,104815889502.0,407
2024-03-31,202403,11907520,IF 11907520,104251972692.0,408
2024-03-31,202403,70937271,IF 70937271,103952529409.0,409
2024-03-31,202403,41931445,IF 41931445,103932662549.0,410
2024-03-31,202403,11275560,IF 11275560,103766675402.0,411
2024-03-31,202403,21866694,IF 21866694,103188315471.0,412
2024-03-31,202403,49389307,IF 49389307,102483295878.0,413
2024-03-31,202403,31680151,IF 31680151,101133460741.0,414
2024-03-31,202403,15357060,IF 15357060,100532865002.0,415
2024-03-31,202403,67096909,IF 67096909,100254897745.0,416
2024-03-31,202403,05863726,IF 05863726,99769035396.0,417
2024-03-31,202403,04876393,IF 04876393,99579635088.0,418
2024-03-31,202403,19540550,IF 19540550,99338228669.0,419
2024-03-31,202403,13009717,IF 13009717,97553773310.0,420
2024-03-31,202403,22656789,IF 22656789,96889950317.0,421
2024-03-31,202403,02309070,IF 02309070,96102675459.0,422
2024-03-31,202403,65654303,IF 65654303,95760096492.0,423
2024-03-31,202403,02641969,IF 02641969,94983843623.0,424
2024-03-31,202403,59869560,IF 59869560,94770374224.0,425
2024-03-31,202403,09605581,IF 09605581,94746384912.0,426
2024-03-31,202403,03645752,IF 03645752,94284848278.0,427
2024-03-31,202403,78483310,IF 78483310,94146542762.0,428
2024-03-31,202403,11703662,IF 11703662,94131993258.0,429
2024-03-31,202403,64237530,IF 64237530,93919573766.0,430
2024-03-31,202403,22760839,IF 22760839,93359903935.0,431
2024-03-31,202403,23511655,IF 23511655,93254647577.0,432
2024-03-31,202403,62421979,IF 62421979,93147879838.0,433
2024-03-31,202403,23903068,IF 23903068,93053025545.0,434
2024-03-31,202403,25606237,IF 25606237,92854445899.0,435
2024-03-31,202403,81099491,IF 81099491,92574353023.0,436
2024-03-31,202403,10262276,IF 10262276,92488748566.0,437
2024-03-31,202403,03047549,IF 03047549,92446899747.0,438
2024-03-31,202403,19449602,IF 19449602,91551203341.0,439
2024-03-31,202403,09512539,IF 09512539,89931530787.0,440
2024-03-31,202403,24830879,IF 24830879,89698947092.0,441
2024-03-31,202403,73647935,IF 73647935,88807386546.0,442
2024-03-31,202403,22610500,IF 22610500,88250143219.0,443
2024-03-31,202403,61182408,IF 61182408,88195760074.0,444
2024-03-31,202403,32402502,IF 32402502,88157157532.0,445
2024-03-31,202403,95163002,IF 95163002,88122090341.0,446
2024-03-31,202403,03461243,IF 03461243,87411159196.0,447
2024-03-31,202403,22177858,IF 22177858,87377766891.0,448
2024-03-31,202403,54403563,IF 54403563,86971720691.0,449
2024-03-31,202403,15011719,IF 15011719,86332867094.0,450
2024-03-31,202403,78825270,IF 78825270,86096238189.0,451
2024-03-31,202403,02934201,IF 02934201,85356140494.0,452
2024-03-31,202403,81292278,IF 81292278,85155876846.0,453
2024-03-31,202403,70241658,IF 70241658,84450782691.0,454
2024-03-31,202403,03065046,IF 03065046,84184680226.0,455
2024-03-31,202403,01760242,IF 01760242,82502363801.0,456
2024-03-31,202403,05883884,IF 05883884,82269610391.0,457
2024-03-31,202403,21670187,IF 21670187,81950664263.0,458
2024-03-31,202403,02448310,IF 02448310,81917805359.0,459
2024-03-31,202403,05979692,IF 05979692,81870697427.0,460
2024-03-31,202403,23949522,IF 23949522,80485918132.0,461
2024-03-31,202403,71419600,IF 71419600,80479955705.0,462
2024-03-31,202403,24799033,IF 24799033,80443273435.0,463
2024-03-31,202403,08742188,IF 08742188,77870479248.0,464
2024-03-31,202403,78862083,IF 78862083,77838981839.0,465
2024-03-31,202403,26178111,IF 26178111,77258599881.0,466
2024-03-31,202403,03965737,IF 03965737,76604747711.0,467
2024-03-31,202403,33644196,IF 33644196,75978935604.0,468
2024-03-31,202403,57839805,IF 57839805,75928033285.0,469
2024-03-31,202403,46518205,IF 46518205,75812825085.0,470
2024-03-31,202403,08624548,IF 08624548,74800723758.0,471
2024-03-31,202403,34590184,IF 34590184,74526524153.0,472
2024-03-31,202403,19869338,IF 19869338,74392178997.0,473
2024-03-31,202403,01637949,IF 01637949,74029142027.0,474
2024-03-31,202403,41669227,IF 41669227,74008719342.0,475
2024-03-31,202403,53935029,IF 53935029,73913914555.0,476
2024-03-31,202403,05389174,IF 05389174,73429413859.0,477
2024-03-31,202403,73113243,IF 73113243,73261272052.0,478
2024-03-31,202403,01286361,IF 01286361,73054806489.0,479
2024-03-31,202403,05940203,IF 05940203,72831904384.0,480
2024-03-31,202403,10520232,IF 10520232,72343025861.0,481
2024-03-31,202403,66788142,IF 66788142,72237004154.0,482
2024-03-31,202403,02923389,IF 02923389,72114636624.0,483
2024-03-31,202403,00259231,IF 00259231,71734477876.0,484
2024-03-31,202403,15581638,IF 15581638,71579788104.0,485
2024-03-31,202403,62895230,IF 62895230,70851838544.0,486
2024-03-31,202403,12392983,IF 12392983,70838962465.0,487
2024-03-31,202403,02935307,IF 02935307,70806780758.0,488
2024-03-31,202403,05676026,IF 05676026,70650663134.0,489
2024-03-31,202403,38588174,IF 38588174,69901059205.0,490
2024-03-31,202403,04484490,IF 04484490,69545783926.0,491
2024-03-31,202403,02447120,IF 02447120,69243281594.0,492
2024-03-31,202403,07925729,IF 07925729,69021706091.0,493
2024-03-31,202403,01259518,IF 01259518,68914625518.0,494
2024-03-31,202403,25387655,IF 25387655,68851624359.0,495
2024-03-31,202403,08560508,IF 08560508,68822600204.0,496
2024-03-31,202403,05277312,IF 05277312,68716355791.0,497
2024-03-31,202403,01667766,IF 01667766,68639252955.0,498
2024-03-31,202403,06139650,IF 06139650,68222849866.0,499
2024-03-31,202403,10209619,IF 10209619,68089202228.0,500
2024-03-31,202403,05861932,IF 05861932,68060697909.0,501
2024-03-31,202403,28517628,IF 28517628,67294777152.0,502
2024-03-31,202403,10218474,IF 10218474,67176340064.0,503
2024-03-31,202403,01739375,IF 01739375,67163582199.0,504
2024-03-31,202403,06126780,IF 06126780,66912218408.0,505
2024-03-31,202403,66398496,IF 66398496,66336169219.0,506
2024-03-31,202403,07469260,IF 07469260,65634610439.0,507
2024-03-31,202403,69346856,IF 69346856,65518783366.0,508
2024-03-31,202403,06174009,IF 06174009,64467568805.0,509
2024-03-31,202403,02173447,IF 02173447,64272462656.0,510
2024-03-31,202403,66262643,IF 66262643,64088275043.0,511
2024-03-31,202403,03046391,IF 03046391,63927085664.0,512
2024-03-31,202403,55230916,IF 55230916,63392214590.0,513
2024-03-31,202403,00968602,IF 00968602,63143052734.0,514
2024-03-31,202403,07789195,IF 07789195,62849472945.0,515
2024-03-31,202403,10878448,IF 10878448,62801700578.0,516
2024-03-31,202403,13935893,IF 13935893,62591274087.0,517
2024-03-31,202403,18945670,IF 18945670,61718113105.0,518
2024-03-31,202403,86389236,IF 86389236,61541445869.0,519
2024-03-31,202403,25387713,IF 25387713,61314557571.0,520
2024-03-31,202403,01152097,IF 01152097,60643546788.0,521
2024-03-31,202403,11969853,IF 11969853,60528310236.0,522
2024-03-31,202403,80959638,IF 80959638,60200091048.0,523
2024-03-31,202403,83315408,IF 83315408,59853445649.0,524
2024-03-31,202403,59158642,IF 59158642,59544730355.0,525
2024-03-31,202403,30723886,IF 30723886,59221744741.0,526
2024-03-31,202403,00068987,IF 00068987,59087858618.0,527
2024-03-31,202403,01009908,IF 01009908,58172690664.0,528
2024-03-31,202403,07318874,IF 07318874,58006740551.0,529
2024-03-31,202403,04013172,IF 04013172,57405395912.0,530
2024-03-31,202403,58229246,IF 58229246,57166360504.0,531
2024-03-31,202403,29162769,IF 29162769,56925220365.0,532
2024-03-31,202403,42584318,IF 42584318,56805903089.0,533
2024-03-31,202403,71238232,IF 71238232,56401615216.0,534
2024-03-31,202403,00991143,IF 00991143,56113039826.0,535
2024-03-31,202403,25536764,IF 25536764,56021255478.0,536
2024-03-31,202403,13203354,IF 13203354,55871758218.0,537
2024-03-31,202403,76461557,IF 76461557,55555968601.0,538
2024-03-31,202403,17359351,IF 17359351,55310732777.0,539
2024-03-31,202403,36658769,IF 36658769,55183194299.0,540
2024-03-31,202403,02144899,IF 02144899,55110051358.0,541
2024-03-31,202403,13059145,IF 13059145,54295368791.0,542
2024-03-31,202403,01796302,IF 01796302,54029360126.0,543
2024-03-31,202403,09554480,IF 09554480,53933997796.0,544
2024-03-31,202403,41707258,IF 41707258,53916014436.0,545
2024-03-31,202403,02197569,IF 02197569,53903811258.0,546
2024-03-31,202403,10506341,IF 10506341,53568176425.0,547
2024-03-31,202403,25420696,IF 25420696,52687509978.0,548
2024-03-31,202403,05158093,IF 05158093,52307990771.0,549
2024-03-31,202403,71392047,IF 71392047,51884608628.0,550
2024-03-31,202403,26960328,IF 26960328,51217749481.0,551
2024-03-31,202403,03612764,IF 03612764,50637858389.0,552
2024-03-31,202403,39908427,IF 39908427,49925345017.0,553
2024-03-31,202403,46642294,IF 46642294,49550956671.0,554
2024-03-31,202403,01559914,IF 01559914,49495882241.0,555
2024-03-31,202403,65697260,IF 65697260,49492727705.0,556
2024-03-31,202403,33370115,IF 33370115,49069684313.0,557
2024-03-31,202403,01705236,IF 01705236,48976382627.0,558
2024-03-31,202403,09403026,IF 09403026,48628213659.0,559
2024-03-31,202403,27652684,IF 27652684,48598637556.0,560
2024-03-31,202403,28080769,IF 28080769,48550512347.0,561
2024-03-31,202403,41805003,IF 41805003,48302363853.0,562
2024-03-31,202403,21661202,IF 21661202,48276045633.0,563
2024-03-31,202403,09590601,IF 09590601,48021092469.0,564
2024-03-31,202403,13140088,IF 13140088,47966369851.0,565
2024-03-31,202403,30798783,IF 30798783,47959640743.0,566
2024-03-31,202403,03502968,IF 03502968,47788018789.0,567
2024-03-31,202403,25683475,IF 25683475,47536898459.0,568
2024-03-31,202403,61024352,IF 61024352,47220199255.0,569
2024-03-31,202403,27214112,IF 27214112,47155929577.0,570
2024-03-31,202403,05816451,IF 05816451,47030907142.0,571
2024-03-31,202403,04663561,IF 04663561,46697836901.0,572
2024-03-31,202403,37511258,IF 37511258,46497897687.0,573
2024-03-31,202403,65913436,IF 65913436,45875473258.0,574
2024-03-31,202403,81607046,IF 81607046,45444472262.0,575
2024-03-31,202403,73398646,IF 73398646,45397472343.0,576
2024-03-31,202403,02931668,IF 02931668,45106521627.0,577
2024-03-31,202403,09033698,IF 09033698,45022736856.0,578
2024-03-31,202403,62063177,IF 62063177,44985967329.0,579
2024-03-31,202403,26014175,IF 26014175,44599676541.0,580
2024-03-31,202403,09089356,IF 09089356,44112947074.0,581
2024-03-31,202403,07502031,IF 07502031,43867498037.0,582
2024-03-31,202403,01664968,IF 01664968,43787543233.0,583
2024-03-31,202403,37255049,IF 37255049,43759052942.0,584
2024-03-31,202403,07252614,IF 07252614,43471601524.0,585
2024-03-31,202403,05247312,IF 05247312,43327819119.0,586
2024-03-31,202403,37079720,IF 37079720,43302337332.0,587
2024-03-31,202403,05983995,IF 05983995,42899122724.0,588
2024-03-31,202403,61855045,IF 61855045,42847391907.0,589
2024-03-31,202403,97259253,IF 97259253,42621054644.0,590
2024-03-31,202403,17351180,IF 17351180,42475477957.0,591
2024-03-31,202403,07946451,IF 07946451,42469582247.0,592
2024-03-31,202403,62816426,IF 62816426,42142633657.0,593
2024-03-31,202403,05220243,IF 05220243,42045214466.0,594
2024-03-31,202403,07747410,IF 07747410,42030227426.0,595
2024-03-31,202403,01703620,IF 01703620,41860700947.0,596
2024-03-31,202403,48805820,IF 48805820,41698293361.0,597
2024-03-31,202403,02057584,IF 02057584,41385063848.0,598
2024-03-31,202403,01722480,IF 01722480,41350366725.0,599
2024-03-31,202403,18966739,IF 18966739,41044759692.0,600
2024-03-31,202403,22749014,IF 22749014,41025883204.0,601
2024-03-31,202403,08253539,IF 08253539,41004181694.0,602
2024-03-31,202403,30723871,IF 30723871,40811149369.0,603
2024-03-31,202403,07465539,IF 07465539,40723579374.0,604
2024-03-31,202403,57647653,IF 57647653,40712327676.0,605
2024-03-31,202403,03502961,IF 03502961,40639709978.0,606
2024-03-31,202403,02766672,IF 02766672,40539085842.0,607
2024-03-31,202403,33136888,IF 33136888,40354458734.0,608
2024-03-31,202403,25353939,IF 25353939,40199711385.0,609
2024-03-31,202403,04261151,IF 04261151,39550580045.0,610
2024-03-31,202403,01572667,IF 01572667,39534523697.0,611
2024-03-31,202403,02587492,IF 02587492,39181897541.0,612
2024-03-31,202403,33884941,IF 33884941,39176323294.0,613
2024-03-31,202403,65239402,IF 65239402,38972556689.0,614
2024-03-31,202403,22121209,IF 22121209,38957294116.0,615
2024-03-31,202403,33040601,IF 33040601,38708396655.0,616
2024-03-31,202403,82096447,IF 82096447,38699072246.0,617
2024-03-31,202403,17361536,IF 17361536,38534530457.0,618
2024-03-31,202403,02682287,IF 02682287,38365223608.0,619
2024-03-31,202403,71154876,IF 71154876,38196943118.0,620
2024-03-31,202403,69720910,IF 69720910,38072543684.0,621
2024-03-31,202403,03427097,IF 03427097,38047271758.0,622
2024-03-31,202403,04694278,IF 04694278,37920367366.0,623
2024-03-31,202403,00869687,IF 00869687,37741572345.0,624
2024-03-31,202403,04181542,IF 04181542,37487129286.0,625
2024-03-31,202403,05192316,IF 05192316,37444663384.0,626
2024-03-31,202403,03412878,IF 03412878,37161214865.0,627
2024-03-31,202403,03419786,IF 03419786,36981195407.0,628
2024-03-31,202403,71207740,IF 71207740,36872148192.0,629
2024-03-31,202403,04490531,IF 04490531,36854933244.0,630
2024-03-31,202403,02201501,IF 02201501,36646579209.0,631
2024-03-31,202403,01608685,IF 01608685,36544355077.0,632
2024-03-31,202403,71154256,IF 71154256,36518097502.0,633
2024-03-31,202403,45879000,IF 45879000,36298084263.0,634
2024-03-31,202403,71163315,IF 71163315,36082054963.0,635
2024-03-31,202403,33254319,IF 33254319,35994292571.0,636
2024-03-31,202403,71418784,IF 71418784,35945989816.0,637
2024-03-31,202403,03519240,IF 03519240,35924183429.0,638
2024-03-31,202403,03269540,IF 03269540,35707177399.0,639
2024-03-31,202403,62178421,IF 62178421,35396384663.0,640
2024-03-31,202403,41931221,IF 41931221,35240490401.0,641
2024-03-31,202403,33615055,IF 33615055,35052966971.0,642
2024-03-31,202403,62109566,IF 62109566,34756657763.0,643
2024-03-31,202403,02883398,IF 02883398,34688742033.0,644
2024-03-31,202403,01205736,IF 01205736,34674389925.0,645
2024-03-31,202403,36583700,IF 36583700,34560362381.0,646
2024-03-31,202403,08055016,IF 08055016,34550906729.0,647
2024-03-31,202403,03183937,IF 03183937,34455159914.0,648
2024-03-31,202403,00122327,IF 00122327,34282390265.0,649
2024-03-31,202403,09473806,IF 09473806,34050258953.0,650
2024-03-31,202403,14913919,IF 14913919,34001533904.0,651
2024-03-31,202403,03881423,IF 03881423,33973361409.0,652
2024-03-31,202403,04237413,IF 04237413,33944789833.0,653
2024-03-31,202403,00429890,IF 00429890,33924897156.0,654
2024-03-31,202403,37241230,IF 37241230,33751014478.0,655
2024-03-31,202403,72128440,IF 72128440,33709832302.0,656
2024-03-31,202403,71237184,IF 71237184,33685162212.0,657
2024-03-31,202403,08795285,IF 08795285,33579480564.0,658
2024-03-31,202403,01848322,IF 01848322,33501974905.0,659
2024-03-31,202403,64276058,IF 64276058,32809543302.0,660
2024-03-31,202403,04355489,IF 04355489,32664019333.0,661
2024-03-31,202403,04406371,IF 04406371,32594193032.0,662
2024-03-31,202403,05222094,IF 05222094,32581613356.0,663
2024-03-31,202403,82133182,IF 82133182,32368905149.0,664
2024-03-31,202403,78626983,IF 78626983,32350265867.0,665
2024-03-31,202403,21018182,IF 21018182,32327581604.0,666
2024-03-31,202403,21797311,IF 21797311,32272096959.0,667
2024-03-31,202403,13293225,IF 13293225,32087889367.0,668
2024-03-31,202403,36113876,IF 36113876,32086762464.0,669
2024-03-31,202403,17079937,IF 17079937,31959573722.0,670
2024-03-31,202403,02480577,IF 02480577,31959214289.0,671
2024-03-31,202403,43774196,IF 43774196,31817453214.0,672
2024-03-31,202403,07215632,IF 07215632,31767143139.0,673
2024-03-31,202403,05269976,IF 05269976,31690702866.0,674
2024-03-31,202403,07097064,IF 07097064,31652214695.0,675
2024-03-31,202403,03033469,IF 03033469,31592763538.0,676
2024-03-31,202403,14511781,IF 14511781,31579660929.0,677
2024-03-31,202403,02405189,IF 02405189,31406587094.0,678
2024-03-31,202403,10319386,IF 10319386,31219643387.0,679
2024-03-31,202403,25743311,IF 25743311,30859701358.0,680
2024-03-31,202403,00803287,IF 00803287,30856478626.0,681
2024-03-31,202403,43599047,IF 43599047,30787595373.0,682
2024-03-31,202403,03485130,IF 03485130,30717571759.0,683
2024-03-31,202403,02000895,IF 02000895,30335082918.0,684
2024-03-31,202403,32219232,IF 32219232,30011124326.0,685
2024-03-31,202403,62673470,IF 62673470,29833162795.0,686
2024-03-31,202403,00411939,IF 00411939,29797879559.0,687
2024-03-31,202403,14388516,IF 14388516,29631579659.0,688
2024-03-31,202403,02844024,IF 02844024,29291014038.0,689
2024-03-31,202403,00952415,IF 00952415,29252970281.0,690
2024-03-31,202403,05494591,IF 05494591,29186266107.0,691
2024-03-31,202403,71441406,IF 71441406,29027032231.0,692
2024-03-31,202403,45220646,IF 45220646,28997761818.0,693
2024-03-31,202403,94243839,IF 94243839,28966655474.0,694
2024-03-31,202403,01073966,IF 01073966,28951267244.0,695
2024-03-31,202403,36588217,IF 36588217,28498493782.0,696
2024-03-31,202403,78157146,IF 78157146,28463081139.0,697
2024-03-31,202403,41255225,IF 41255225,28436114197.0,698
2024-03-31,202403,03428338,IF 03428338,28364893537.0,699
2024-03-31,202403,04379829,IF 04379829,28028199083.0,700
2024-03-31,202403,01692448,IF 01692448,27819019383.0,701
2024-03-31,202403,00075847,IF 00075847,27790621779.0,702
2024-03-31,202403,31749596,IF 31749596,27658765735.0,703
2024-03-31,202403,01667352,IF 01667352,27519181728.0,704
2024-03-31,202403,03750034,IF 03750034,27505756499.0,705
2024-03-31,202403,05439425,IF 05439425,27364190884.0,706
2024-03-31,202403,37076205,IF 37076205,27141544181.0,707
2024-03-31,202403,11760553,IF 11760553,27063385584.0,708
2024-03-31,202403,01526924,IF 01526924,27028329126.0,709
2024-03-31,202403,25404542,IF 25404542,26987791116.0,710
2024-03-31,202403,08071414,IF 08071414,26873989405.0,711
2024-03-31,202403,02493000,IF 02493000,26841416931.0,712
2024-03-31,202403,05856736,IF 05856736,26840449273.0,713
2024-03-31,202403,37631058,IF 37631058,26770745806.0,714
2024-03-31,202403,34711571,IF 34711571,26712499213.0,715
2024-03-31,202403,16721078,IF 16721078,26645615871.0,716
2024-03-31,202403,34169557,IF 34169557,26630179693.0,717
2024-03-31,202403,04321309,IF 04321309,26626813255.0,718
2024-03-31,202403,33775974,IF 33775974,26215620726.0,719
2024-03-31,202403,41538335,IF 41538335,26121164123.0,720
2024-03-31,202403,08488377,IF 08488377,25877050408.0,721
2024-03-31,202403,03918382,IF 03918382,25822092424.0,722
2024-03-31,202403,34991938,IF 34991938,25670918368.0,723
2024-03-31,202403,10143743,IF 10143743,25329186648.0,724
2024-03-31,202403,01439107,IF 01439107,25309441814.0,725
2024-03-31,202403,07512441,IF 07512441,25238345972.0,726
2024-03-31,202403,02904125,IF 02904125,25117428054.0,727
2024-03-31,202403,05211129,IF 05211129,24955678648.0,728
2024-03-31,202403,04565791,IF 04565791,24922455806.0,729
2024-03-31,202403,18587586,IF 18587586,24795157304.0,730
2024-03-31,202403,71432926,IF 71432926,24714032375.0,731
2024-03-31,202403,53623781,IF 53623781,24693741023.0,732
2024-03-31,202403,71146450,IF 71146450,24632480121.0,733
2024-03-31,202403,97489280,IF 97489280,24350182548.0,734
2024-03-31,202403,33862244,IF 33862244,24294584302.0,735
2024-03-31,202403,00066670,IF 00066670,24101450397.0,736
2024-03-31,202403,61384004,IF 61384004,24100585904.0,737
2024-03-31,202403,87900601,IF 87900601,23927178283.0,738
2024-03-31,202403,07194313,IF 07194313,23923576832.0,739
2024-03-31,202403,09552111,IF 09552111,23892116415.0,740
2024-03-31,202403,25363615,IF 25363615,23865528572.0,741
2024-03-31,202403,07320890,IF 07320890,23357608556.0,742
2024-03-31,202403,42054886,IF 42054886,22856459297.0,743
2024-03-31,202403,01609345,IF 01609345,22789931121.0,744
2024-03-31,202403,13728156,IF 13728156,22779261275.0,745
2024-03-31,202403,04120633,IF 04120633,22709406152.0,746
2024-03-31,202403,86791837,IF 86791837,22654848458.0,747
2024-03-31,202403,66259110,IF 66259110,22545860994.0,748
2024-03-31,202403,06284531,IF 06284531,22516247867.0,749
2024-03-31,202403,44469161,IF 44469161,22219724599.0,750
2024-03-31,202403,02282165,IF 02282165,22017510515.0,751
2024-03-31,202403,03816413,IF 03816413,21729193116.0,752
2024-03-31,202403,42880617,IF 42880617,21681601118.0,753
2024-03-31,202403,00707903,IF 00707903,21457431069.0,754
2024-03-31,202403,02338666,IF 02338666,21219404771.0,755
2024-03-31,202403,02382755,IF 02382755,21134908149.0,756
2024-03-31,202403,38316293,IF 38316293,20846889076.0,757
2024-03-31,202403,00694877,IF 00694877,20791378446.0,758
2024-03-31,202403,18282093,IF 18282093,20721321184.0,759
2024-03-31,202403,05425526,IF 05425526,20688259257.0,760
2024-03-31,202403,34337707,IF 34337707,20480436776.0,761
2024-03-31,202403,02876918,IF 02876918,20312706588.0,762
2024-03-31,202403,07714057,IF 07714057,20211707018.0,763
2024-03-31,202403,24431221,IF 24431221,20059106975.0,764
2024-03-31,202403,35551187,IF 35551187,19807062617.0,765
2024-03-31,202403,62928320,IF 62928320,19674587673.0,766
2024-03-31,202403,33171211,IF 33171211,19612400186.0,767
2024-03-31,202403,20757199,IF 20757199,19561897256.0,768
2024-03-31,202403,53236808,IF 53236808,19491021752.0,769
2024-03-31,202403,03015152,IF 03015152,19488659726.0,770
2024-03-31,202403,01657678,IF 01657678,19481136577.0,771
2024-03-31,202403,01736516,IF 01736516,19442014823.0,772
2024-03-31,202403,35136120,IF 35136120,19428565942.0,773
2024-03-31,202403,00162760,IF 00162760,19358116077.0,774
2024-03-31,202403,04853988,IF 04853988,19301390093.0,775
2024-03-31,202403,05582619,IF 05582619,19258895536.0,776
2024-03-31,202403,20443996,IF 20443996,19257459016.0,777
2024-03-31,202403,04079285,IF 04079285,19255022907.0,778
2024-03-31,202403,07070495,IF 07070495,19243408995.0,779
2024-03-31,202403,09576849,IF 09576849,19234561849.0,780
2024-03-31,202403,33630661,IF 33630661,18875637568.0,781
2024-03-31,202403,87067757,IF 87067757,18869360071.0,782
2024-03-31,202403,68512748,IF 68512748,18693561217.0,783
2024-03-31,202403,54401286,IF 54401286,18575148312.0,784
2024-03-31,202403,39343350,IF 39343350,18480025247.0,785
2024-03-31,202403,86585049,IF 86585049,18281948717.0,786
2024-03-31,202403,04632856,IF 04632856,18179008713.0,787
2024-03-31,202403,05463934,IF 05463934,18172347884.0,788
2024-03-31,202403,01604998,IF 01604998,18053546185.0,789
2024-03-31,202403,22639377,IF 22639377,18028496139.0,790
2024-03-31,202403,04174720,IF 04174720,18020705834.0,791
2024-03-31,202403,84156470,IF 84156470,18010164569.0,792
2024-03-31,202403,62090873,IF 62090873,17898354259.0,793
2024-03-31,202403,42887133,IF 42887133,17803800852.0,794
2024-03-31,202403,05241145,IF 05241145,17353652105.0,795
2024-03-31,202403,02025743,IF 02025743,17181913792.0,796
2024-03-31,202403,03384738,IF 03384738,17150318763.0,797
2024-03-31,202403,71506513,IF 71506513,17145673625.0,798
2024-03-31,202403,37554441,IF 37554441,16955112851.0,799
2024-03-31,202403,00204963,IF 00204963,16720738433.0,800
2024-03-31,202403,26359745,IF 26359745,16659982663.0,801
2024-03-31,202403,05070112,IF 05070112,16560706333.0,802
2024-03-31,202403,60394079,IF 60394079,16508712926.0,803
2024-03-31,202403,12599971,IF 12599971,16470697828.0,804
2024-03-31,202403,46277273,IF 46277273,16218363228.0,805
2024-03-31,202403,04836002,IF 04836002,16191506631.0,806
2024-03-31,202403,02179673,IF 02179673,16105041709.0,807
2024-03-31,202403,05938780,IF 05938780,16045053795.0,808
2024-03-31,202403,09437293,IF 09437293,16027580724.0,809
2024-03-31,202403,04886317,IF 04886317,15980245334.0,810
2024-03-31,202403,35210410,IF 35210410,15637146183.0,811
2024-03-31,202403,61747085,IF 61747085,15564159671.0,812
2024-03-31,202403,04445917,IF 04445917,15561674973.0,813
2024-03-31,202403,50489148,IF 50489148,15477263303.0,814
2024-03-31,202403,13486793,IF 13486793,15381169894.0,815
2024-03-31,202403,06249129,IF 06249129,15327825638.0,816
2024-03-31,202403,86774775,IF 86774775,15242809569.0,817
2024-03-31,202403,49173791,IF 49173791,15216236962.0,818
2024-03-31,202403,03311443,IF 03311443,15130590278.0,819
2024-03-31,202403,03985375,IF 03985375,15105273353.0,820
2024-03-31,202403,71677850,IF 71677850,14749049476.0,821
2024-03-31,202403,73326449,IF 73326449,14654396092.0,822
2024-03-31,202403,39696805,IF 39696805,14651414898.0,823
2024-03-31,202403,07958405,IF 07958405,14578753531.0,824
2024-03-31,202403,29759316,IF 29759316,14567797034.0,825
2024-03-31,202403,45691128,IF 45691128,14533646425.0,826
2024-03-31,202403,01090027,IF 01090027,14518101543.0,827
2024-03-31,202403,04529074,IF 04529074,14355831044.0,828
2024-03-31,202403,70038237,IF 70038237,14230242912.0,829
2024-03-31,202403,52046299,IF 52046299,14155904497.0,830
2024-03-31,202403,09105360,IF 09105360,14079401925.0,831
2024-03-31,202403,00804046,IF 00804046,14010674018.0,832
2024-03-31,202403,92875780,IF 92875780,13992249574.0,833
2024-03-31,202403,17354911,IF 17354911,13863641215.0,834
2024-03-31,202403,93026847,IF 93026847,13838092252.0,835
2024-03-31,202403,09424988,IF 09424988,13767963892.0,836
2024-03-31,202403,33894445,IF 33894445,13637794308.0,837
2024-03-31,202403,54603022,IF 54603022,13574620897.0,838
2024-03-31,202403,02562412,IF 02562412,13501982191.0,839
2024-03-31,202403,12384953,IF 12384953,13346840381.0,840
2024-03-31,202403,24610065,IF 24610065,13221315744.0,841
2024-03-31,202403,20308187,IF 20308187,13124868359.0,842
2024-03-31,202403,41498340,IF 41498340,13076034826.0,843
2024-03-31,202403,04649337,IF 04649337,13053979097.0,844
2024-03-31,202403,01389651,IF 01389651,13050608266.0,845
2024-03-31,202403,39231527,IF 39231527,12975744715.0,846
2024-03-31,202403,07509426,IF 07509426,12974591884.0,847
2024-03-31,202403,26225776,IF 26225776,12935123649.0,848
2024-03-31,202403,01699652,IF 01699652,12900694342.0,849
2024-03-31,202403,05410056,IF 05410056,12696999606.0,850
2024-03-31,202403,04913129,IF 04913129,12683764795.0,851
2024-03-31,202403,64293582,IF 64293582,12671643671.0,852
2024-03-31,202403,64480833,IF 64480833,12519822764.0,853
2024-03-31,202403,02347114,IF 02347114,12481996668.0,854
2024-03-31,202403,04751713,IF 04751713,12417670976.0,855
2024-03-31,202403,58497702,IF 58497702,12389728091.0,856
2024-03-31,202403,45283173,IF 45283173,12047868361.0,857
2024-03-31,202403,80271455,IF 80271455,11975113993.0,858
2024-03-31,202403,60114865,IF 60114865,11961975486.0,859
2024-03-31,202403,03212823,IF 03212823,11720519622.0,860
2024-03-31,202403,06324872,IF 06324872,11711607483.0,861
2024-03-31,202403,07946216,IF 07946216,11673391901.0,862
2024-03-31,202403,92856905,IF 92856905,11595077348.0,863
2024-03-31,202403,39519944,IF 39519944,11506364152.0,864
2024-03-31,202403,58290800,IF 58290800,11422634775.0,865
2024-03-31,202403,44373041,IF 44373041,11418461757.0,866
2024-03-31,202403,13660104,IF 13660104,11322542824.0,867
2024-03-31,202403,43394419,IF 43394419,11318255075.0,868
2024-03-31,202403,73622748,IF 73622748,11318083544.0,869
2024-03-31,202403,03941182,IF 03941182,11306069974.0,870
2024-03-31,202403,00315557,IF 00315557,11278988722.0,871
2024-03-31,202403,07652226,IF 07652226,11267970644.0,872
2024-03-31,202403,13776742,IF 13776742,11120213248.0,873
2024-03-31,202403,05597773,IF 05597773,11109048474.0,874
2024-03-31,202403,02794761,IF 02794761,11094081044.0,875
2024-03-31,202403,04833655,IF 04833655,11088509517.0,876
2024-03-31,202403,04257795,IF 04257795,11079959388.0,877
2024-03-31,202403,05076239,IF 05076239,11078604074.0,878
2024-03-31,202403,02685483,IF 02685483,10991911862.0,879
2024-03-31,202403,23114447,IF 23114447,10981714909.0,880
2024-03-31,202403,83836114,IF 83836114,10969194211.0,881
2024-03-31,202403,01330295,IF 01330295,10967701215.0,882
2024-03-31,202403,34747388,IF 34747388,10954916066.0,883
2024-03-31,202403,22724710,IF 22724710,10857572095.0,884
2024-03-31,202403,03620772,IF 03620772,10651045959.0,885
2024-03-31,202403,02137018,IF 02137018,10568521898.0,886
2024-03-31,202403,05477038,IF 05477038,10535683608.0,887
2024-03-31,202403,25021356,IF 25021356,10516272435.0,888
2024-03-31,202403,68757681,IF 68757681,10458554195.0,889
2024-03-31,202403,09463721,IF 09463721,10417911483.0,890
2024-03-31,202403,02528151,IF 02528151,10358349034.0,891
2024-03-31,202403,71261184,IF 71261184,10325681214.0,892
2024-03-31,202403,04894460,IF 04894460,10223213642.0,893
2024-03-31,202403,18810553,IF 18810553,10212013104.0,894
2024-03-31,202403,28650236,IF 28650236,10204932024.0,895
2024-03-31,202403,05956581,IF 05956581,10097065978.0,896
2024-03-31,202403,08030602,IF 08030602,10081570043.0,897
2024-03-31,202403,43488782,IF 43488782,10061384319.0,898
2024-03-31,202403,02254376,IF 02254376,10056080591.0,899
2024-03-31,202403,51489318,IF 51489318,10031721581.0,900
2024-03-31,202403,00329598,IF 00329598,9985594497.0,901
2024-03-31,202403,19875244,IF 19875244,9922520293.0,902
2024-03-31,202403,44401800,IF 44401800,9858061035.0,903
2024-03-31,202403,00806535,IF 00806535,9854757676.0,904
2024-03-31,202403,03603683,IF 03603683,9668015538.0,905
2024-03-31,202403,03000142,IF 03000142,9665499544.0,906
2024-03-31,202403,17315359,IF 17315359,9640759407.0,907
2024-03-31,202403,04525997,IF 04525997,9636354828.0,908
2024-03-31,202403,10868663,IF 10868663,9630968060.0,909
2024-03-31,202403,62418140,IF 62418140,9609270263.0,910
2024-03-31,202403,04715685,IF 04715685,9586942539.0,911
2024-03-31,202403,01638542,IF 01638542,9514670872.0,912
2024-03-31,202403,04230630,IF 04230630,9487284299.0,913
2024-03-31,202403,25238191,IF 25238191,9474355008.0,914
2024-03-31,202403,01374196,IF 01374196,9442531518.0,915
2024-03-31,202403,33042151,IF 33042151,9427732015.0,916
2024-03-31,202403,38224857,IF 38224857,9420783801.0,917
2024-03-31,202403,09330158,IF 09330158,9362493324.0,918
2024-03-31,202403,01635462,IF 01635462,9357353449.0,919
2024-03-31,202403,06078926,IF 06078926,9351023254.0,920
2024-03-31,202403,28811341,IF 28811341,9335187347.0,921
2024-03-31,202403,05351887,IF 05351887,9333435391.0,922
2024-03-31,202403,03862898,IF 03862898,9185356547.0,923
2024-03-31,202403,33886862,IF 33886862,9113217914.0,924
2024-03-31,202403,03848103,IF 03848103,9098153386.0,925
2024-03-31,202403,32648370,IF 32648370,9078443561.0,926
2024-03-31,202403,22753982,IF 22753982,9031983530.0,927
2024-03-31,202403,02904138,IF 02904138,9001640966.0,928
2024-03-31,202403,91669747,IF 91669747,8896871864.0,929
2024-03-31,202403,26526166,IF 26526166,8881684461.0,930
2024-03-31,202403,10175348,IF 10175348,8788207183.0,931
2024-03-31,202403,36864992,IF 36864992,8694318609.0,932
2024-03-31,202403,64739121,IF 64739121,8613960606.0,933
2024-03-31,202403,78865995,IF 78865995,8380818507.0,934
2024-03-31,202403,02090126,IF 02090126,8273855739.0,935
2024-03-31,202403,33924028,IF 33924028,8177200033.0,936
2024-03-31,202403,03130170,IF 03130170,8161908152.0,937
2024-03-31,202403,17441197,IF 17441197,8063956234.0,938
2024-03-31,202403,92935741,IF 92935741,8041792361.0,939
2024-03-31,202403,74248949,IF 74248949,8007087686.0,940
2024-03-31,202403,34829992,IF 34829992,7923718973.0,941
2024-03-31,202403,09579249,IF 09579249,7900163129.0,942
2024-03-31,202403,01330387,IF 01330387,7832885479.0,943
2024-03-31,202403,74220948,IF 74220948,7757256828.0,944
2024-03-31,202403,00714671,IF 00714671,7747075598.0,945
2024-03-31,202403,01709266,IF 01709266,7708716748.0,946
2024-03-31,202403,22575466,IF 22575466,7675917489.0,947
2024-03-31,202403,02924977,IF 02924977,7662528578.0,948
2024-03-31,202403,13178690,IF 13178690,7629095491.0,949
2024-03-31,202403,04985665,IF 04985665,7532542351.0,950
2024-03-31,202403,08041950,IF 08041950,7512106035.0,951
2024-03-31,202403,03877288,IF 03877288,7501201699.0,952
2024-03-31,202403,02217068,IF 02217068,7437398596.0,953
2024-03-31,202403,05667301,IF 05667301,7419717579.0,954
2024-03-31,202403,40654622,IF 40654622,7187052519.0,955
2024-03-31,202403,74244344,IF 74244344,7092213053.0,956
2024-03-31,202403,19402130,IF 19402130,7076402714.0,957
2024-03-31,202403,27084098,IF 27084098,7008150924.0,958
2024-03-31,202403,33850686,IF 33850686,6962913088.0,959
2024-03-31,202403,07669921,IF 07669921,6944543077.0,960
2024-03-31,202403,11970623,IF 11970623,6878642075.0,961
2024-03-31,202403,03732359,IF 03732359,6810863078.0,962
2024-03-31,202403,11271860,IF 11271860,6807788003.0,963
2024-03-31,202403,07299480,IF 07299480,6767413944.0,964
2024-03-31,202403,08718431,IF 08718431,6765019627.0,965
2024-03-31,202403,42934794,IF 42934794,6717610877.0,966
2024-03-31,202403,33959738,IF 33959738,6700390519.0,967
2024-03-31,202403,47074323,IF 47074323,6678711549.0,968
2024-03-31,202403,32997490,IF 32997490,6652313576.0,969
2024-03-31,202403,10808037,IF 10808037,6610704829.0,970
2024-03-31,202403,03139644,IF 03139644,6459909276.0,971
2024-03-31,202403,27171974,IF 27171974,6458880314.0,972
2024-03-31,202403,19962468,IF 19962468,6426135938.0,973
2024-03-31,202403,10769660,IF 10769660,6409392055.0,974
2024-03-31,202403,32708748,IF 32708748,6407763585.0,975
2024-03-31,202403,92764489,IF 92764489,6339110409.0,976
2024-03-31,202403,06031727,IF 06031727,6328701378.0,977
2024-03-31,202403,40473435,IF 40473435,6251488632.0,978
2024-03-31,202403,60872983,IF 60872983,6227564127.0,979
2024-03-31,202403,03102185,IF 03102185,6215865915.0,980
2024-03-31,202403,11495073,IF 11495073,6205826504.0,981
2024-03-31,202403,71336432,IF 71336432,6177656477.0,982
2024-03-31,202403,35084163,IF 35084163,6163112829.0,983
2024-03-31,202403,02992317,IF 02992317,6159179715.0,984
2024-03-31,202403,68228006,IF 68228006,5980334829.0,985
2024-03-31,202403,07494300,IF 07494300,5968198572.0,986
2024-03-31,202403,17312083,IF 17312083,5895178945.0,987
2024-03-31,202403,58158387,IF 58158387,5883980902.0,988
2024-03-31,202403,04307598,IF 04307598,5876540008.0,989
2024-03-31,202403,30507541,IF 30507541,5813954404.0,990
2024-03-31,202403,32615247,IF 32615247,5813176751.0,991
2024-03-31,202403,02093154,IF 02093154,5794245141.0,992
2024-03-31,202403,08850613,IF 08850613,5783073236.0,993
2024-03-31,202403,13720915,IF 13720915,5776205669.0,994
2024-03-31,202403,05545390,IF 05545390,5696006713.0,995
2024-03-31,202403,20961629,IF 20961629,5577485572.0,996
2024-03-31,202403,11758741,IF 11758741,5515970748.0,997
2024-03-31,202403,73422792,IF 73422792,5445095402.0,998
2024-03-31,202403,71243034,IF 71243034,5407817018.0,999
2024-03-31,202403,02853045,IF 02853045,5338240604.0,1000
2024-03-31,202403,27970567,IF 27970567,5212521047.0,1001
2024-03-31,202403,62795257,IF 62795257,5112848896.0,1002
2024-03-31,202403,25528753,IF 25528753,5092122932.0,1003
2024-03-31,202403,20155248,IF 20155248,5079818421.0,1004
2024-03-31,202403,30980539,IF 30980539,5054346825.0,1005
2024-03-31,202403,05474540,IF 05474540,5048511028.0,1006
2024-03-31,202403,34471744,IF 34471744,5046144664.0,1007
2024-03-31,202403,48176336,IF 48176336,5022225762.0,1008
2024-03-31,202403,51010858,IF 51010858,5004168499.0,1009
2024-03-31,202403,01187961,IF 01187961,4936506459.0,1010
2024-03-31,202403,18520834,IF 18520834,4921498326.0,1011
2024-03-31,202403,08143326,IF 08143326,4912994949.0,1012
2024-03-31,202403,21332862,IF 21332862,4817351458.0,1013
2024-03-31,202403,09512542,IF 09512542,4746186034.0,1014
2024-03-31,202403,03575699,IF 03575699,4653807066.0,1015
2024-03-31,202403,11406965,IF 11406965,4625118471.0,1016
2024-03-31,202403,39993186,IF 39993186,4624360704.0,1017
2024-03-31,202403,01864151,IF 01864151,4616517201.0,1018
2024-03-31,202403,08609934,IF 08609934,4616391928.0,1019
2024-03-31,202403,03612679,IF 03612679,4595126824.0,1020
2024-03-31,202403,61190658,IF 61190658,4572629511.0,1021
2024-03-31,202403,13673855,IF 13673855,4562503144.0,1022
2024-03-31,202403,92858380,IF 92858380,4512069768.0,1023
2024-03-31,202403,06339468,IF 06339468,4469892695.0,1024
2024-03-31,202403,33132044,IF 33132044,4465170246.0,1025
2024-03-31,202403,24074692,IF 24074692,4463278135.0,1026
2024-03-31,202403,26191078,IF 26191078,4455729138.0,1027
2024-03-31,202403,08257293,IF 08257293,4396597512.0,1028
2024-03-31,202403,32223020,IF 32223020,4372625627.0,1029
2024-03-31,202403,35470647,IF 35470647,4199034766.0,1030
2024-03-31,202403,08844074,IF 08844074,4167317571.0,1031
2024-03-31,202403,07412987,IF 07412987,4118665826.0,1032
2024-03-31,202403,06040559,IF 06040559,4106472047.0,1033
2024-03-31,202403,09004796,IF 09004796,4105777943.0,1034
2024-03-31,202403,83325811,IF 83325811,4090720882.0,1035
2024-03-31,202403,08673569,IF 08673569,4078284601.0,1036
2024-03-31,202403,12473687,IF 12473687,3979218855.0,1037
2024-03-31,202403,02024442,IF 02024442,3960921281.0,1038
2024-03-31,202403,03973814,IF 03973814,3911941895.0,1039
2024-03-31,202403,33817677,IF 33817677,3906971346.0,1040
2024-03-31,202403,01062439,IF 01062439,3864569374.0,1041
2024-03-31,202403,37715993,IF 37715993,3855593931.0,1042
2024-03-31,202403,10013534,IF 10013534,3821563807.0,1043
2024-03-31,202403,41753500,IF 41753500,3819149777.0,1044
2024-03-31,202403,21110927,IF 21110927,3797016779.0,1045
2024-03-31,202403,62284385,IF 62284385,3770525847.0,1046
2024-03-31,202403,07799277,IF 07799277,3753592693.0,1047
2024-03-31,202403,04306351,IF 04306351,3749405114.0,1048
2024-03-31,202403,89960090,IF 89960090,3729711408.0,1049
2024-03-31,202403,12272183,IF 12272183,3708472642.0,1050
2024-03-31,202403,01997612,IF 01997612,3683699637.0,1051
2024-03-31,202403,11351086,IF 11351086,3666144482.0,1052
2024-03-31,202403,07853842,IF 07853842,3659698206.0,1053
2024-03-31,202403,01788147,IF 01788147,3640201065.0,1054
2024-03-31,202403,33579731,IF 33579731,3457319354.0,1055
2024-03-31,202403,18140913,IF 18140913,3451534211.0,1056
2024-03-31,202403,00250699,IF 00250699,3436578131.0,1057
2024-03-31,202403,15227994,IF 15227994,3361596201.0,1058
2024-03-31,202403,88325113,IF 88325113,3347607229.0,1059
2024-03-31,202403,36321990,IF 36321990,3337562936.0,1060
2024-03-31,202403,35810871,IF 35810871,3329744176.0,1061
2024-03-31,202403,35274306,IF 35274306,3198436019.0,1062
2024-03-31,202403,02285107,IF 02285107,3196446842.0,1063
2024-03-31,202403,46241852,IF 46241852,3159419174.0,1064
2024-03-31,202403,40276692,IF 40276692,3119108667.0,1065
2024-03-31,202403,48718183,IF 48718183,3035662161.0,1066
2024-03-31,202403,36947229,IF 36947229,3027245516.0,1067
2024-03-31,202403,40429946,IF 40429946,3013248592.0,1068
2024-03-31,202403,73092827,IF 73092827,2997633666.0,1069
2024-03-31,202403,44746352,IF 44746352,2989144576.0,1070
2024-03-31,202403,07554076,IF 07554076,2944544451.0,1071
2024-03-31,202403,18188384,IF 18188384,2925072303.0,1072
2024-03-31,202403,32206435,IF 32206435,2863625092.0,1073
2024-03-31,202403,57563728,IF 57563728,2861232993.0,1074
2024-03-31,202403,01155801,IF 01155801,2814470172.0,1075
2024-03-31,202403,03535065,IF 03535065,2791996995.0,1076
2024-03-31,202403,16683062,IF 16683062,2767335001.0,1077
2024-03-31,202403,02072790,IF 02072790,2767330092.0,1078
2024-03-31,202403,40867163,IF 40867163,2734298035.0,1079
2024-03-31,202403,16944141,IF 16944141,2713389946.0,1080
2024-03-31,202403,23241540,IF 23241540,2674099727.0,1081
2024-03-31,202403,10314753,IF 10314753,2668592010.0,1082
2024-03-31,202403,40303299,IF 40303299,2667840606.0,1083
2024-03-31,202403,00336036,IF 00336036,2661272157.0,1084
2024-03-31,202403,67915868,IF 67915868,2620361839.0,1085
2024-03-31,202403,37470405,IF 37470405,2615508666.0,1086
2024-03-31,202403,00997804,IF 00997804,2570267843.0,1087
2024-03-31,202403,10143499,IF 10143499,2562119980.0,1088
2024-03-31,202403,40083667,IF 40083667,2548923965.0,1089
2024-03-31,202403,02927433,IF 02927433,2462932721.0,1090
2024-03-31,202403,40269467,IF 40269467,2449554189.0,1091
2024-03-31,202403,35479592,IF 35479592,2432017406.0,1092
2024-03-31,202403,03634239,IF 03634239,2422245271.0,1093
2024-03-31,202403,05040680,IF 05040680,2411735323.0,1094
2024-03-31,202403,54190525,IF 54190525,2402480200.0,1095
2024-03-31,202403,15173776,IF 15173776,2397811785.0,1096
2024-03-31,202403,37122487,IF 37122487,2356024134.0,1097
2024-03-31,202403,15213150,IF 15213150,2292744342.0,1098
2024-03-31,202403,17352220,IF 17352220,2272255588.0,1099
2024-03-31,202403,04414354,IF 04414354,2269990108.0,1100
2024-03-31,202403,43182278,IF 43182278,2263131864.0,1101
2024-03-31,202403,53846242,IF 53846242,2249204616.0,1102
2024-03-31,202403,16564240,IF 16564240,2228608881.0,1103
2024-03-31,202403,06910457,IF 06910457,2221622356.0,1104
2024-03-31,202403,09343038,IF 09343038,2214332269.0,1105
2024-03-31,202403,04791645,IF 04791645,2209548776.0,1106
2024-03-31,202403,37134759,IF 37134759,2117006447.0,1107
2024-03-31,202403,20062766,IF 20062766,2116186349.0,1108
2024-03-31,202403,54335401,IF 54335401,2112541014.0,1109
2024-03-31,202403,05548335,IF 05548335,2106500869.0,1110
2024-03-31,202403,45745537,IF 45745537,2097724843.0,1111
2024-03-31,202403,17314501,IF 17314501,2094335843.0,1112
2024-03-31,202403,38429045,IF 38429045,2077943893.0,1113
2024-03-31,202403,00946465,IF 00946465,2064342827.0,1114
2024-03-31,202403,49241570,IF 49241570,2054442301.0,1115
2024-03-31,202403,04831810,IF 04831810,2039244938.0,1116
2024-03-31,202403,44705774,IF 44705774,2038789593.0,1117
2024-03-31,202403,49288113,IF 49288113,1998395748.0,1118
2024-03-31,202403,07253654,IF 07253654,1983411409.0,1119
2024-03-31,202403,04998845,IF 04998845,1964982539.0,1120
2024-03-31,202403,17312661,IF 17312661,1963873188.0,1121
2024-03-31,202403,14046512,IF 14046512,1950803863.0,1122
2024-03-31,202403,71230338,IF 71230338,1949006516.0,1123
2024-03-31,202403,02929977,IF 02929977,1940806954.0,1124
2024-03-31,202403,53505681,IF 53505681,1932907169.0,1125
2024-03-31,202403,58022195,IF 58022195,1931305517.0,1126
2024-03-31,202403,26615279,IF 26615279,1929478099.0,1127
2024-03-31,202403,21040668,IF 21040668,1928109748.0,1128
2024-03-31,202403,59620708,IF 59620708,1901488961.0,1129
2024-03-31,202403,05289612,IF 05289612,1900428292.0,1130
2024-03-31,202403,43730498,IF 43730498,1883615492.0,1131
2024-03-31,202403,16695922,IF 16695922,1868200795.0,1132
2024-03-31,202403,68969625,IF 68969625,1858932638.0,1133
2024-03-31,202403,07397614,IF 07397614,1852760405.0,1134
2024-03-31,202403,17508380,IF 17508380,1831911129.0,1135
2024-03-31,202403,18846364,IF 18846364,1816357441.0,1136
2024-03-31,202403,01582158,IF 01582158,1784368903.0,1137
2024-03-31,202403,46743997,IF 46743997,1781472712.0,1138
2024-03-31,202403,44189447,IF 44189447,1766885757.0,1139
2024-03-31,202403,17502881,IF 17502881,1764140868.0,1140
2024-03-31,202403,03317692,IF 03317692,1759924905.0,1141
2024-03-31,202403,18310649,IF 18310649,1753131885.0,1142
2024-03-31,202403,36452762,IF 36452762,1748227623.0,1143
2024-03-31,202403,53184438,IF 53184438,1745694234.0,1144
2024-03-31,202403,39664698,IF 39664698,1744759027.0,1145
2024-03-31,202403,40475846,IF 40475846,1739371673.0,1146
2024-03-31,202403,02083914,IF 02083914,1724148344.0,1147
2024-03-31,202403,26758433,IF 26758433,1715059531.0,1148
2024-03-31,202403,36586946,IF 36586946,1699005067.0,1149
2024-03-31,202403,30949267,IF 30949267,1698755769.0,1150
2024-03-31,202403,02588819,IF 02588819,1698755588.0,1151
2024-03-31,202403,45331622,IF 45331622,1698576426.0,1152
2024-03-31,202403,73631483,IF 73631483,1689988096.0,1153
2024-03-31,202403,04249235,IF 04249235,1648447984.0,1154
2024-03-31,202403,40768766,IF 40768766,1646043092.0,1155
2024-03-31,202403,46403683,IF 46403683,1640554572.0,1156
2024-03-31,202403,05097757,IF 05097757,1636060832.0,1157
2024-03-31,202403,57440521,IF 57440521,1632350691.0,1158
2024-03-31,202403,02814832,IF 02814832,1628574327.0,1159
2024-03-31,202403,07631026,IF 07631026,1626234075.0,1160
2024-03-31,202403,34265629,IF 34265629,1610654792.0,1161
2024-03-31,202403,32422628,IF 32422628,1609510272.0,1162
2024-03-31,202403,06975532,IF 06975532,1609049005.0,1163
2024-03-31,202403,28048783,IF 28048783,1588396422.0,1164
2024-03-31,202403,53263331,IF 53263331,1581312373.0,1165
2024-03-31,202403,62280490,IF 62280490,1571212889.0,1166
2024-03-31,202403,28156057,IF 28156057,1557695688.0,1167
2024-03-31,202403,08030215,IF 08030215,1538468299.0,1168
2024-03-31,202403,05503849,IF 05503849,1508342802.0,1169
2024-03-31,202403,12651789,IF 12651789,1488125696.0,1170
2024-03-31,202403,40434681,IF 40434681,1481006466.0,1171
2024-03-31,202403,02115870,IF 02115870,1474082152.0,1172
2024-03-31,202403,44128548,IF 44128548,1472564216.0,1173
2024-03-31,202403,42107706,IF 42107706,1454841155.0,1174
2024-03-31,202403,63062749,IF 63062749,1421780889.0,1175
2024-03-31,202403,03844699,IF 03844699,1412342286.0,1176
2024-03-31,202403,39321657,IF 39321657,1408749775.0,1177
2024-03-31,202403,57545436,IF 57545436,1403636507.0,1178
2024-03-31,202403,32192325,IF 32192325,1398547839.0,1179
2024-03-31,202403,29341260,IF 29341260,1386546171.0,1180
2024-03-31,202403,20833976,IF 20833976,1384702352.0,1181
2024-03-31,202403,53146221,IF 53146221,1383392908.0,1182
2024-03-31,202403,47965438,IF 47965438,1383373524.0,1183
2024-03-31,202403,05684234,IF 05684234,1372372816.0,1184
2024-03-31,202403,45756448,IF 45756448,1366372913.0,1185
2024-03-31,202403,02031139,IF 02031139,1359596544.0,1186
2024-03-31,202403,04572960,IF 04572960,1347506630.0,1187
2024-03-31,202403,49654502,IF 49654502,1342786675.0,1188
2024-03-31,202403,33851064,IF 33851064,1339019793.0,1189
2024-03-31,202403,01288797,IF 01288797,1337011094.0,1190
2024-03-31,202403,42066258,IF 42066258,1336949728.0,1191
2024-03-31,202403,02671743,IF 02671743,1333212975.0,1192
2024-03-31,202403,02448839,IF 02448839,1332362131.0,1193
2024-03-31,202403,47631123,IF 47631123,1313049882.0,1194
2024-03-31,202403,20622809,IF 20622809,1297270352.0,1195
2024-03-31,202403,16651002,IF 16651002,1297125677.0,1196
2024-03-31,202403,42047025,IF 42047025,1296120791.0,1197
2024-03-31,202403,00991739,IF 00991739,1286284917.0,1198
2024-03-31,202403,07437241,IF 07437241,1282702905.0,1199
2024-03-31,202403,02232228,IF 02232228,1274912623.0,1200
2024-03-31,202403,02475222,IF 02475222,1224810517.0,1201
2024-03-31,202403,87963450,IF 87963450,1223519072.0,1202
2024-03-31,202403,05491616,IF 05491616,1210108955.0,1203
2024-03-31,202403,49091119,IF 49091119,1204878151.0,1204
2024-03-31,202403,24537861,IF 24537861,1199072579.0,1205
2024-03-31,202403,33735192,IF 33735192,1194402759.0,1206
2024-03-31,202403,04478231,IF 04478231,1178923786.0,1207
2024-03-31,202403,43167610,IF 43167610,1145900764.0,1208
2024-03-31,202403,59305565,IF 59305565,1143124825.0,1209
2024-03-31,202403,28979546,IF 28979546,1142340964.0,1210
2024-03-31,202403,27842177,IF 27842177,1130399021.0,1211
2024-03-31,202403,47196084,IF 47196084,1123848939.0,1212
2024-03-31,202403,57038408,IF 57038408,1120798091.0,1213
2024-03-31,202403,11836226,IF 11836226,1114353793.0,1214
2024-03-31,202403,71965313,IF 71965313,1113115663.0,1215
2024-03-31,202403,07138049,IF 07138049,1093105573.0,1216
2024-03-31,202403,43050917,IF 43050917,1086505496.0,1217
2024-03-31,202403,34088029,IF 34088029,1082166963.0,1218
2024-03-31,202403,18684408,IF 18684408,1077810945.0,1219
2024-03-31,202403,04608925,IF 04608925,1067150215.0,1220
2024-03-31,202403,72600026,IF 72600026,1055115818.0,1221
2024-03-31,202403,49204605,IF 49204605,1047412081.0,1222
2024-03-31,202403,40353377,IF 40353377,1040943114.0,1223
2024-03-31,202403,52623311,IF 52623311,1014088272.0,1224
2024-03-31,202403,45457891,IF 45457891,1007872594.0,1225
2024-03-31,202403,38146949,IF 38146949,993464352.0,1226
2024-03-31,202403,04316357,IF 04316357,991965809.0,1227
2024-03-31,202403,03058464,IF 03058464,987363362.0,1228
2024-03-31,202403,44905255,IF 44905255,968763396.0,1229
2024-03-31,202403,39587424,IF 39587424,927873902.0,1230
2024-03-31,202403,46955383,IF 46955383,925608356.0,1231
2024-03-31,202403,05746715,IF 05746715,925528706.0,1232
2024-03-31,202403,02104058,IF 02104058,922825091.0,1233
2024-03-31,202403,18394228,IF 18394228,919111319.0,1234
2024-03-31,202403,04804353,IF 04804353,918539867.0,1235
2024-03-31,202403,32074986,IF 32074986,905831798.0,1236
2024-03-31,202403,71384697,IF 71384697,901921809.0,1237
2024-03-31,202403,39738065,IF 39738065,901289293.0,1238
2024-03-31,202403,73077398,IF 73077398,879893663.0,1239
2024-03-31,202403,06132348,IF 06132348,867116118.0,1240
2024-03-31,202403,45860531,IF 45860531,863279487.0,1241
2024-03-31,202403,57259525,IF 57259525,859503737.0,1242
2024-03-31,202403,62562012,IF 62562012,858034273.0,1243
2024-03-31,202403,48703388,IF 48703388,854860919.0,1244
2024-03-31,202403,02833202,IF 02833202,854714782.0,1245
2024-03-31,202403,28145589,IF 28145589,847258442.0,1246
2024-03-31,202403,39669186,IF 39669186,844585385.0,1247
2024-03-31,202403,06373777,IF 06373777,840122822.0,1248
2024-03-31,202403,09488496,IF 09488496,840053846.0,1249
2024-03-31,202403,43268960,IF 43268960,836226974.0,1250
2024-03-31,202403,10789035,IF 10789035,830496719.0,1251
2024-03-31,202403,20251847,IF 20251847,827237693.0,1252
2024-03-31,202403,00731320,IF 00731320,810156992.0,1253
2024-03-31,202403,50735161,IF 50735161,809088262.0,1254
2024-03-31,202403,57598120,IF 57598120,807761198.0,1255
2024-03-31,202403,07693858,IF 07693858,793394595.0,1256
2024-03-31,202403,96409263,IF 96409263,790153431.0,1257
2024-03-31,202403,45045671,IF 45045671,784430652.0,1258
2024-03-31,202403,42100982,IF 42100982,783607412.0,1259
2024-03-31,202403,08482873,IF 08482873,780653781.0,1260
2024-03-31,202403,37763847,IF 37763847,774397615.0,1261
2024-03-31,202403,00460065,IF 00460065,773787996.0,1262
2024-03-31,202403,17826860,IF 17826860,770263817.0,1263
2024-03-31,202403,76621457,IF 76621457,757079021.0,1264
2024-03-31,202403,08430732,IF 08430732,755077097.0,1265
2024-03-31,202403,03662047,IF 03662047,750489257.0,1266
2024-03-31,202403,34666362,IF 34666362,748688395.0,1267
2024-03-31,202403,89280960,IF 89280960,748510812.0,1268
2024-03-31,202403,35977097,IF 35977097,745096918.0,1269
2024-03-31,202403,00512839,IF 00512839,739775913.0,1270
2024-03-31,202403,92825397,IF 92825397,738150303.0,1271
2024-03-31,202403,48140925,IF 48140925,731738542.0,1272
2024-03-31,202403,05841967,IF 05841967,717530546.0,1273
2024-03-31,202403,48172860,IF 48172860,703516579.0,1274
2024-03-31,202403,17343682,IF 17343682,700485542.0,1275
2024-03-31,202403,67030395,IF 67030395,695269494.0,1276
2024-03-31,202403,04062902,IF 04062902,693278142.0,1277
2024-03-31,202403,41219353,IF 41219353,687539328.0,1278
2024-03-31,202403,14190547,IF 14190547,683177991.0,1279
2024-03-31,202403,36266751,IF 36266751,672432272.0,1280
2024-03-31,202403,00913314,IF 00913314,668168296.0,1281
2024-03-31,202403,06077760,IF 06077760,665499843.0,1282
2024-03-31,202403,17607375,IF 17607375,659280799.0,1283
2024-03-31,202403,43446335,IF 43446335,657048402.0,1284
2024-03-31,202403,05969937,IF 05969937,650824393.0,1285
2024-03-31,202403,15489568,IF 15489568,643637292.0,1286
2024-03-31,202403,03422007,IF 03422007,642411871.0,1287
2024-03-31,202403,49947715,IF 49947715,639624842.0,1288
2024-03-31,202403,00141155,IF 00141155,633993826.0,1289
2024-03-31,202403,05048575,IF 05048575,629500075.0,1290
2024-03-31,202403,15482499,IF 15482499,625528196.0,1291
2024-03-31,202403,44650156,IF 44650156,614873162.0,1292
2024-03-31,202403,64835226,IF 64835226,613246149.0,1293
2024-03-31,202403,42622791,IF 42622791,612789387.0,1294
2024-03-31,202403,53932869,IF 53932869,606036884.0,1295
2024-03-31,202403,02276653,IF 02276653,603881852.0,1296
2024-03-31,202403,45854066,IF 45854066,600541819.0,1297
2024-03-31,202403,50579044,IF 50579044,597156177.0,1298
2024-03-31,202403,34335592,IF 34335592,596099528.0,1299
2024-03-31,202403,91018408,IF 91018408,595260923.0,1300
2024-03-31,202403,05419025,IF 05419025,589651158.0,1301
2024-03-31,202403,67031757,IF 67031757,587901426.0,1302
2024-03-31,202403,01504952,IF 01504952,584047252.0,1303
2024-03-31,202403,19495266,IF 19495266,569879113.0,1304
2024-03-31,202403,53272365,IF 53272365,567994296.0,1305
2024-03-31,202403,88952130,IF 88952130,558215789.0,1306
2024-03-31,202403,00999403,IF 00999403,557112745.0,1307
2024-03-31,202403,53800488,IF 53800488,553286202.0,1308
2024-03-31,202403,48528314,IF 48528314,541890408.0,1309
2024-03-31,202403,01819799,IF 01819799,538075218.0,1310
2024-03-31,202403,48584954,IF 48584954,537836607.0,1311
2024-03-31,202403,17904906,IF 17904906,534521754.0,1312
2024-03-31,202403,30183111,IF 30183111,532220233.0,1313
2024-03-31,202403,19086249,IF 19086249,529738316.0,1314
2024-03-31,202403,37678915,IF 37678915,517639853.0,1315
2024-03-31,202403,57996878,IF 57996878,515442615.0,1316
2024-03-31,202403,44223196,IF 44223196,513531478.0,1317
2024-03-31,202403,05740092,IF 05740092,512177605.0,1318
2024-03-31,202403,62237649,IF 62237649,512123072.0,1319
2024-03-31,202403,43060029,IF 43060029,511644089.0,1320
2024-03-31,202403,02541707,IF 02541707,501093252.0,1321
2024-03-31,202403,21995256,IF 21995256,501027659.0,1322
2024-03-31,202403,51604356,IF 51604356,496975227.0,1323
2024-03-31,202403,40333582,IF 40333582,492486532.0,1324
2024-03-31,202403,44728700,IF 44728700,489154052.0,1325
2024-03-31,202403,73302408,IF 73302408,485550057.0,1326
2024-03-31,202403,25674235,IF 25674235,483949854.0,1327
2024-03-31,202403,33890605,IF 33890605,483513415.0,1328
2024-03-31,202403,03990888,IF 03990888,478481189.0,1329
2024-03-31,202403,65645137,IF 65645137,463740851.0,1330
2024-03-31,202403,09210106,IF 09210106,460401356.0,1331
2024-03-31,202403,72952138,IF 72952138,458052395.0,1332
2024-03-31,202403,69136075,IF 69136075,457560571.0,1333
2024-03-31,202403,44077014,IF 44077014,451538562.0,1334
2024-03-31,202403,46009412,IF 46009412,446150432.0,1335
2024-03-31,202403,11165756,IF 11165756,446028386.0,1336
2024-03-31,202403,10749264,IF 10749264,443830939.0,1337
2024-03-31,202403,02230138,IF 02230138,439482765.0,1338
2024-03-31,202403,30304919,IF 30304919,435164357.0,1339
2024-03-31,202403,48755901,IF 48755901,432242067.0,1340
2024-03-31,202403,04995006,IF 04995006,430893789.0,1341
2024-03-31,202403,05442029,IF 05442029,420388338.0,1342
2024-03-31,202403,30586895,IF 30586895,413172303.0,1343
2024-03-31,202403,42963742,IF 42963742,412759288.0,1344
2024-03-31,202403,34254279,IF 34254279,398982121.0,1345
2024-03-31,202403,21130869,IF 21130869,387826403.0,1346
2024-03-31,202403,49889190,IF 49889190,386845881.0,1347
2024-03-31,202403,34846868,IF 34846868,385778788.0,1348
2024-03-31,202403,37414009,IF 37414009,381577902.0,1349
2024-03-31,202403,31746993,IF 31746993,376692763.0,1350
2024-03-31,202403,51556307,IF 51556307,372495042.0,1351
2024-03-31,202403,53776852,IF 53776852,371263247.0,1352
2024-03-31,202403,24235459,IF 24235459,370987526.0,1353
2024-03-31,202403,47593544,IF 47593544,370654542.0,1354
2024-03-31,202403,02869663,IF 02869663,368045939.0,1355
2024-03-31,202403,52690487,IF 52690487,367676577.0,1356
2024-03-31,202403,44431743,IF 44431743,367227171.0,1357
2024-03-31,202403,43438662,IF 43438662,366843231.0,1358
2024-03-31,202403,28762249,IF 28762249,364490534.0,1359
2024-03-31,202403,01551820,IF 01551820,361129701.0,1360
2024-03-31,202403,47944277,IF 47944277,360063718.0,1361
2024-03-31,202403,44292580,IF 44292580,358788546.0,1362
2024-03-31,202403,02275781,IF 02275781,353814396.0,1363
2024-03-31,202403,90278987,IF 90278987,352562498.0,1364
2024-03-31,202403,45068632,IF 45068632,347555309.0,1365
2024-03-31,202403,17411307,IF 17411307,340772763.0,1366
2024-03-31,202403,03400651,IF 03400651,339428246.0,1367
2024-03-31,202403,49931906,IF 49931906,339279613.0,1368
2024-03-31,202403,44478623,IF 44478623,336784489.0,1369
2024-03-31,202403,00548980,IF 00548980,335821346.0,1370
2024-03-31,202403,28885036,IF 28885036,330103913.0,1371
2024-03-31,202403,03674133,IF 03674133,329866419.0,1372
2024-03-31,202403,38129006,IF 38129006,326030941.0,1373
2024-03-31,202403,01107759,IF 01107759,324829969.0,1374
2024-03-31,202403,47227569,IF 47227569,321898241.0,1375
2024-03-31,202403,48756121,IF 48756121,317370281.0,1376
2024-03-31,202403,48529228,IF 48529228,311788305.0,1377
2024-03-31,202403,44683140,IF 44683140,305859747.0,1378
2024-03-31,202403,28244622,IF 28244622,305518097.0,1379
2024-03-31,202403,97447304,IF 97447304,289881178.0,1380
2024-03-31,202403,02723075,IF 02723075,289596914.0,1381
2024-03-31,202403,21597133,IF 21597133,289326036.0,1382
2024-03-31,202403,47438068,IF 47438068,287951955.0,1383
2024-03-31,202403,07651495,IF 07651495,285827183.0,1384
2024-03-31,202403,62605290,IF 62605290,282814179.0,1385
2024-03-31,202403,35340796,IF 35340796,276195458.0,1386
2024-03-31,202403,73279093,IF 73279093,274849502.0,1387
2024-03-31,202403,45597546,IF 45597546,273575793.0,1388
2024-03-31,202403,02192115,IF 02192115,271643982.0,1389
2024-03-31,202403,20158571,IF 20158571,264693375.0,1390
2024-03-31,202403,23010182,IF 23010182,262831411.0,1391
2024-03-31,202403,05331882,IF 05331882,261088586.0,1392
2024-03-31,202403,18287740,IF 18287740,260766394.0,1393
2024-03-31,202403,42259084,IF 42259084,255245995.0,1394
2024-03-31,202403,67341487,IF 67341487,254610250.0,1395
2024-03-31,202403,24361690,IF 24361690,253472438.0,1396
2024-03-31,202403,17364795,IF 17364795,253219092.0,1397
2024-03-31,202403,37526080,IF 37526080,251492424.0,1398
2024-03-31,202403,02910387,IF 02910387,249533649.0,1399
2024-03-31,202403,07945233,IF 07945233,247836572.0,1400
2024-03-31,202403,18145784,IF 18145784,244805876.0,1401
2024-03-31,202403,69720894,IF 69720894,244380924.0,1402
2024-03-31,202403,08240446,IF 08240446,243448008.0,1403
2024-03-31,202403,67600379,IF 67600379,242107714.0,1404
2024-03-31,202403,05658367,IF 05658367,239647564.0,1405
2024-03-31,202403,04849745,IF 04849745,238364069.0,1406
2024-03-31,202403,30944783,IF 30944783,234702216.0,1407
2024-03-31,202403,11356599,IF 11356599,234661269.0,1408
2024-03-31,202403,33588252,IF 33588252,234505005.0,1409
2024-03-31,202403,88183173,IF 88183173,233307126.0,1410
2024-03-31,202403,41592532,IF 41592532,232997526.0,1411
2024-03-31,202403,48721937,IF 48721937,232422085.0,1412
2024-03-31,202403,42926025,IF 42926025,230983976.0,1413
2024-03-31,202403,02850075,IF 02850075,230109245.0,1414
2024-03-31,202403,51414521,IF 51414521,228801756.0,1415
2024-03-31,202403,39431423,IF 39431423,227108401.0,1416
2024-03-31,202403,47133056,IF 47133056,227001775.0,1417
2024-03-31,202403,07327045,IF 07327045,221573596.0,1418
2024-03-31,202403,25280945,IF 25280945,220924462.0,1419
2024-03-31,202403,42723848,IF 42723848,218221514.0,1420
2024-03-31,202403,34190991,IF 34190991,213948636.0,1421
2024-03-31,202403,05591437,IF 05591437,212930223.0,1422
2024-03-31,202403,08931800,IF 08931800,212455217.0,1423
2024-03-31,202403,50946592,IF 50946592,209505921.0,1424
2024-03-31,202403,49933388,IF 49933388,205434289.0,1425
2024-03-31,202403,27348513,IF 27348513,199999117.0,1426
2024-03-31,202403,88043187,IF 88043187,194995719.0,1427
2024-03-31,202403,35911258,IF 35911258,190888124.0,1428
2024-03-31,202403,68742204,IF 68742204,190615269.0,1429
2024-03-31,202403,61723847,IF 61723847,189773043.0,1430
2024-03-31,202403,40112555,IF 40112555,189559071.0,1431
2024-03-31,202403,44815065,IF 44815065,186826602.0,1432
2024-03-31,202403,77162881,IF 77162881,186420089.0,1433
2024-03-31,202403,01235921,IF 01235921,186357159.0,1434
2024-03-31,202403,00129753,IF 00129753,185449856.0,1435
2024-03-31,202403,19324634,IF 19324634,184056843.0,1436
2024-03-31,202403,15122605,IF 15122605,182411001.0,1437
2024-03-31,202403,02738981,IF 02738981,182103069.0,1438
2024-03-31,202403,50032584,IF 50032584,180883613.0,1439
2024-03-31,202403,53841911,IF 53841911,176692253.0,1440
2024-03-31,202403,00881829,IF 00881829,176186922.0,1441
2024-03-31,202403,44782130,IF 44782130,176101365.0,1442
2024-03-31,202403,44353942,IF 44353942,176090713.0,1443
2024-03-31,202403,15168152,IF 15168152,175614014.0,1444
2024-03-31,202403,16927221,IF 16927221,174433225.0,1445
2024-03-31,202403,44564204,IF 44564204,171034149.0,1446
2024-03-31,202403,48751854,IF 48751854,164508178.0,1447
2024-03-31,202403,04772908,IF 04772908,163033402.0,1448
2024-03-31,202403,50053267,IF 50053267,161980829.0,1449
2024-03-31,202403,37800856,IF 37800856,161071619.0,1450
2024-03-31,202403,44019481,IF 44019481,159682304.0,1451
2024-03-31,202403,51118615,IF 51118615,158041191.0,1452
2024-03-31,202403,47215387,IF 47215387,157564285.0,1453
2024-03-31,202403,44154779,IF 44154779,156303427.0,1454
2024-03-31,202403,49035310,IF 49035310,155854055.0,1455
2024-03-31,202403,04152107,IF 04152107,154531708.0,1456
2024-03-31,202403,72556996,IF 72556996,153928434.0,1457
2024-03-31,202403,48703302,IF 48703302,152985425.0,1458
2024-03-31,202403,52137361,IF 52137361,152115364.0,1459
2024-03-31,202403,92675578,IF 92675578,151107864.0,1460
2024-03-31,202403,75174953,IF 75174953,150518829.0,1461
2024-03-31,202403,43010260,IF 43010260,150478587.0,1462
2024-03-31,202403,16854999,IF 16854999,146312873.0,1463
2024-03-31,202403,42627615,IF 42627615,145796943.0,1464
2024-03-31,202403,40819834,IF 40819834,144819894.0,1465
2024-03-31,202403,02447184,IF 02447184,143403588.0,1466
2024-03-31,202403,44475245,IF 44475245,142639434.0,1467
2024-03-31,202403,03639902,IF 03639902,142407002.0,1468
2024-03-31,202403,48967968,IF 48967968,141718339.0,1469
2024-03-31,202403,18340695,IF 18340695,141139755.0,1470
2024-03-31,202403,34831910,IF 34831910,140698744.0,1471
2024-03-31,202403,48632754,IF 48632754,140330379.0,1472
2024-03-31,202403,27302181,IF 27302181,139054198.0,1473
2024-03-31,202403,17772370,IF 17772370,137055269.0,1474
2024-03-31,202403,48430050,IF 48430050,137021569.0,1475
2024-03-31,202403,05424088,IF 05424088,136153012.0,1476
2024-03-31,202403,03657230,IF 03657230,135403007.0,1477
2024-03-31,202403,05669150,IF 05669150,135385096.0,1478
2024-03-31,202403,96477906,IF 96477906,133269223.0,1479
2024-03-31,202403,57987273,IF 57987273,132861164.0,1480
2024-03-31,202403,41791005,IF 41791005,132414865.0,1481
2024-03-31,202403,10548608,IF 10548608,131812307.0,1482
2024-03-31,202403,44064068,IF 44064068,130198557.0,1483
2024-03-31,202403,29985421,IF 29985421,128376672.0,1484
2024-03-31,202403,37555231,IF 37555231,127327708.0,1485
2024-03-31,202403,45341994,IF 45341994,126973768.0,1486
2024-03-31,202403,03685335,IF 03685335,126613718.0,1487
2024-03-31,202403,34139916,IF 34139916,126304713.0,1488
2024-03-31,202403,30138226,IF 30138226,123601758.0,1489
2024-03-31,202403,06369729,IF 06369729,123278659.0,1490
2024-03-31,202403,44921281,IF 44921281,122333175.0,1491
2024-03-31,202403,41349521,IF 41349521,120004571.0,1492
2024-03-31,202403,65635377,IF 65635377,119498711.0,1493
2024-03-31,202403,48707451,IF 48707451,118143423.0,1494
2024-03-31,202403,43978697,IF 43978697,117462415.0,1495
2024-03-31,202403,42258376,IF 42258376,116251624.0,1496
2024-03-31,202403,51212088,IF 51212088,114779994.0,1497
2024-03-31,202403,04223451,IF 04223451,110512531.0,1498
2024-03-31,202403,48786608,IF 48786608,110387929.0,1499
2024-03-31,202403,47825528,IF 47825528,108529431.0,1500
2024-03-31,202403,44527444,IF 44527444,108320473.0,1501
2024-03-31,202403,35534511,IF 35534511,107700283.0,1502
2024-03-31,202403,41560568,IF 41560568,106313294.0,1503
2024-03-31,202403,41146382,IF 41146382,105722078.0,1504
2024-03-31,202403,07333726,IF 07333726,104489838.0,1505
2024-03-31,202403,10853017,IF 10853017,103778956.0,1506
2024-03-31,202403,42064545,IF 42064545,103586564.0,1507
2024-03-31,202403,03635061,IF 03635061,103054094.0,1508
2024-03-31,202403,50626276,IF 50626276,97597056.0,1509
2024-03-31,202403,01301541,IF 01301541,97155958.0,1510
2024-03-31,202403,90560434,IF 90560434,95991568.0,1511
2024-03-31,202403,76641497,IF 76641497,94220044.0,1512
2024-03-31,202403,37229413,IF 37229413,93788654.0,1513
2024-03-31,202403,46130566,IF 46130566,91832728.0,1514
2024-03-31,202403,00778858,IF 00778858,88391004.0,1515
2024-03-31,202403,89784367,IF 89784367,86601479.0,1516
2024-03-31,202403,39416705,IF 39416705,86287876.0,1517
2024-03-31,202403,52935442,IF 52935442,80638020.0,1518
2024-03-31,202403,38593706,IF 38593706,79444409.0,1519
2024-03-31,202403,92236777,IF 92236777,78170622.0,1520
2024-03-31,202403,71502181,IF 71502181,77820655.0,1521
2024-03-31,202403,20833992,IF 20833992,75186875.0,1522
2024-03-31,202403,10280601,IF 10280601,72712597.0,1523
2024-03-31,202403,15761217,IF 15761217,69478988.0,1524
2024-03-31,202403,03165497,IF 03165497,69120557.0,1525
2024-03-31,202403,52937216,IF 52937216,68072869.0,1526
2024-03-31,202403,03219207,IF 03219207,67498077.0,1527
2024-03-31,202403,17635177,IF 17635177,63217662.0,1528
2024-03-31,202403,94968518,IF 94968518,61486618.0,1529
2024-03-31,202403,45716916,IF 45716916,61480057.0,1530
2024-03-31,202403,62264924,IF 62264924,60768073.0,1531
2024-03-31,202403,55319370,IF 55319370,58480160.0,1532
2024-03-31,202403,04158581,IF 04158581,54358621.0,1533
2024-03-31,202403,03443143,IF 03443143,53819128.0,1534
2024-03-31,202403,08520517,IF 08520517,52227587.0,1535
2024-03-31,202403,04684647,IF 04684647,50605136.0,1536
2024-03-31,202403,12063256,IF 12063256,43173128.0,1537
2024-03-31,202403,05747018,IF 05747018,41831645.0,1538
2024-03-31,202403,47873449,IF 47873449,40489780.0,1539
2024-03-31,202403,39676772,IF 39676772,38762922.0,1540
2024-03-31,202403,49555647,IF 49555647,32334669.0,1541
2024-03-31,202403,09128022,IF 09128022,31479766.0,1542
2024-03-31,202403,44459799,IF 44459799,31053632.0,1543
2024-03-31,202403,15077393,IF 15077393,30231782.0,1544
2024-03-31,202403,34978626,IF 34978626,27927600.0,1545
2024-03-31,202403,71491609,IF 71491609,27904336.0,1546
2024-03-31,202403,42445122,IF 42445122,25862567.0,1547
2024-03-31,202403,46026562,IF 46026562,20042144.0,1548
2024-03-31,202403,05292849,IF 05292849,17933420.0,1549
2024-03-31,202403,06942423,IF 06942423,17014362.0,1550
2024-03-31,202403,68314921,IF 68314921,16260706.0,1551
2024-03-31,202403,20269566,IF 20269566,15326810.0,1552
2024-03-31,202403,44471172,IF 44471172,13539383.0,1553
2024-03-31,202403,71590442,IF 71590442,12603227.0,1554
2024-03-31,202403,20177390,IF 20177390,12341826.0,1555
2024-03-31,202403,45056494,IF 45056494,10913346.0,1556
2024-03-31,202403,43215815,IF 43215815,10863864.0,1557
2024-03-31,202403,43561343,IF 43561343,10488274.0,1558
2024-03-31,202403,00968834,IF 00968834,10385980.0,1559
2024-03-31,202403,80202872,IF 80202872,9140446.0,1560
2024-03-31,202403,28435685,IF 28435685,7438681.0,1561
2024-03-31,202403,53575491,IF 53575491,100000.0,1562
2024-03-31,202403,11545653,IF 11545653,0.0,1563
2024-03-31,202403,31818873,IF 31818873,0.0,1563
2024-06-30,202406,00000000,IF 00000000,225193117583613.0,1
2024-06-30,202406,60701190,Banco do Brasil S.A.,201881694121472.0,2
2024-06-30,202406,00360305,Itaú Unibanco S.A.,190687758834971.0,3
2024-06-30,202406,60746948,Caixa Econômica Federal,165046550357599.0,4
2024-06-30,202406,90400888,Banco Bradesco S.A.,117248327872716.0,5
2024-06-30,202406,33657248,Banco Santander (Brasil) S.A.,77267980950728.0,6
2024-06-30,202406,30306294,BNDES,45218196294908.0,7
2024-06-30,202406,60872504,Banco BTG Pactual S.A.,39478555701157.0,8
2024-06-30,202406,58160789,Banco Safra S.A.,25381582850336.0,9
2024-06-30,202406,33479023,Sicoob,20272062042932.0,10
2024-06-30,202406,01181521,Banco do Nordeste do Brasil S.A.,17242595518086.0,11
2024-06-30,202406,30680829,Citibank N.A.,14709889626108.0,12
2024-06-30,202406,02038232,Banco BBM S.A.,14591225013987.0,13
2024-06-30,202406,33172537,Banco Pan S.A.,14190983651519.0,14
2024-06-30,202406,33264668,Bradesco Financiamentos S.A.,14025728712952.0,15
2024-06-30,202406,92702067,Banco Daycoval S.A.,13555371085779.0,16
2024-06-30,202406,01425787,Banco ABC Brasil S.A.,13509929114117.0,17
2024-06-30,202406,59588111,Banco Votorantim S.A.,12864671477154.0,18
2024-06-30,202406,02332886,XP Investimentos Corretora de Câmbio Títulos e Valores Mobiliários S.A.,11892416272959.0,19
2024-06-30,202406,01027058,Banco Mercantil do Brasil S.A.,10533325688113.0,20
2024-06-30,202406,01522368,Banco C6 S.A.,9777351674634.0,21
2024-06-30,202406,18236120,Banco Ourinvest S.A.,9226493158548.0,22
2024-06-30,202406,62232889,Banco Inter S.A.,7717050210503.0,23
2024-06-30,202406,07707650,Banco Modal S.A.,7384962845206.0,24
2024-06-30,202406,10440482,Banco do Estado do Rio Grande do Sul S.A.,6397476683421.0,25
2024-06-30,202406,07207996,IF 07207996,6381139221733.0,26
2024-06-30,202406,28195667,IF 28195667,6261711849869.0,27
2024-06-30,202406,31872495,Banco Fibra S.A.,6242734476907.0,28
2024-06-30,202406,00000208,IF 00000208,5296828384968.0,29
2024-06-30,202406,08561701,Banco do Estado do Espírito Santo S.A.,5254398504547.0,30
2024-06-30,202406,16501555,IF 16501555,5251008021009.0,31
2024-06-30,202406,01023570,IF 01023570,5114297405951.0,32
2024-06-30,202406,04902979,IF 04902979,5104908653148.0,33
2024-06-30,202406,33923798,IF 33923798,5098579254231.0,34
2024-06-30,202406,61186680,IF 61186680,4728613742841.0,35
2024-06-30,202406,59109165,IF 59109165,4615056128172.0,36
2024-06-30,202406,10573521,IF 10573521,4373098414829.0,37
2024-06-30,202406,60498557,IF 60498557,4265876950877.0,38
2024-06-30,202406,62073200,IF 62073200,4144062475221.0,39
2024-06-30,202406,10264663,IF 10264663,3855510738331.0,40
2024-06-30,202406,28127603,IF 28127603,3846838822585.0,41
2024-06-30,202406,33885724,IF 33885724,3791385439079.0,42
2024-06-30,202406,04332281,IF 04332281,3735875861696.0,43
2024-06-30,202406,02801938,IF 02801938,3418936102471.0,44
2024-06-30,202406,61088183,IF 61088183,3231943652833.0,45
2024-06-30,202406,45437547,IF 45437547,3201491559565.0,46
2024-06-30,202406,61348538,IF 61348538,3172159177178.0,47
2024-06-30,202406,61533584,IF 61533584,3043369031734.0,48
2024-06-30,202406,31597552,IF 31597552,2790882394533.0,49
2024-06-30,202406,03751794,IF 03751794,2725981787894.0,50
2024-06-30,202406,33042953,IF 33042953,2690084783682.0,51
2024-06-30,202406,53518684,IF 53518684,2683364642104.0,52
2024-06-30,202406,75647891,IF 75647891,2650648128004.0,53
2024-06-30,202406,02992446,IF 02992446,2572212318466.0,54
2024-06-30,202406,15114366,IF 15114366,2569046546209.0,55
2024-06-30,202406,62144175,IF 62144175,2514182276974.0,56
2024-06-30,202406,60770336,IF 60770336,2510112072581.0,57
2024-06-30,202406,92894922,IF 92894922,2463837522565.0,58
2024-06-30,202406,10664513,IF 10664513,2418634873051.0,59
2024-06-30,202406,25683434,IF 25683434,2227245368551.0,60
2024-06-30,202406,17184037,IF 17184037,2226473762963.0,61
2024-06-30,202406,33987793,IF 33987793,2142843070486.0,62
2024-06-30,202406,29030467,IF 29030467,1983150029084.0,63
2024-06-30,202406,62331228,IF 62331228,1941686305333.0,64
2024-06-30,202406,08357240,IF 08357240,1936306285547.0,65
2024-06-30,202406,46743943,IF 46743943,1872722542701.0,66
2024-06-30,202406,02206577,IF 02206577,1851848364294.0,67
2024-06-30,202406,04913711,IF 04913711,1825321854741.0,68
2024-06-30,202406,09516419,IF 09516419,1818773090788.0,69
2024-06-30,202406,80160260,IF 80160260,1800874609119.0,70
2024-06-30,202406,04862600,IF 04862600,1762217504259.0,71
2024-06-30,202406,00309024,IF 00309024,1704867248228.0,72
2024-06-30,202406,91884981,IF 91884981,1681008977836.0,73
2024-06-30,202406,05040481,IF 05040481,1675443563981.0,74
2024-06-30,202406,58616418,IF 58616418,1637839862334.0,75
2024-06-30,202406,58017179,IF 58017179,1616546172561.0,76
2024-06-30,202406,47193149,IF 47193149,1608865911241.0,77
2024-06-30,202406,60889128,IF 60889128,1586466271063.0,78
2024-06-30,202406,01701201,IF 01701201,1504973679841.0,79
2024-06-30,202406,17192451,IF 17192451,1502580741175.0,80
2024-06-30,202406,11417016,IF 11417016,1471514698184.0,81
2024-06-30,202406,03012230,IF 03012230,1468950345814.0,82
2024-06-30,202406,04184779,IF 04184779,1441031068731.0,83
2024-06-30,202406,59274605,IF 59274605,1437757502829.0,84
2024-06-30,202406,27098060,IF 27098060,1402212784464.0,85
2024-06-30,202406,43815158,IF 43815158,1401039257218.0,86
2024-06-30,202406,63917579,IF 63917579,1364749284799.0,87
2024-06-30,202406,82639451,IF 82639451,1352238359302.0,88
2024-06-30,202406,06271464,IF 06271464,1331578864604.0,89
2024-06-30,202406,13220493,IF 13220493,1261051872556.0,90
2024-06-30,202406,10866788,IF 10866788,1236003274433.0,91
2024-06-30,202406,71328769,IF 71328769,1220665256617.0,92
2024-06-30,202406,03215790,IF 03215790,1197491005041.0,93
2024-06-30,202406,01401771,IF 01401771,1185507584917.0,94
2024-06-30,202406,26529420,IF 26529420,1184552086654.0,95
2024-06-30,202406,79342069,IF 79342069,1128001611761.0,96
2024-06-30,202406,62307848,IF 62307848,1117989767087.0,97
2024-06-30,202406,32428294,IF 32428294,1096801106673.0,98
2024-06-30,202406,18189547,IF 18189547,1051217568795.0,99
2024-06-30,202406,00655522,IF 00655522,1043680197704.0,100
2024-06-30,202406,05463212,IF 05463212,1042011993075.0,101
2024-06-30,202406,09526594,IF 09526594,1030322702384.0,102
2024-06-30,202406,17167412,IF 17167412,1023283414442.0,103
2024-06-30,202406,13009717,IF 13009717,1013133082714.0,104
2024-06-30,202406,14388334,IF 14388334,1006716545932.0,105
2024-06-30,202406,87437687,IF 87437687,988392403289.0,106
2024-06-30,202406,81099491,IF 81099491,958914827306.0,107
2024-06-30,202406,32430233,IF 32430233,946418832007.0,108
2024-06-30,202406,38486817,IF 38486817,945371434544.0,109
2024-06-30,202406,62237425,IF 62237425,924921441516.0,110
2024-06-30,202406,78414067,IF 78414067,916810045596.0,111
2024-06-30,202406,91586982,IF 91586982,904975111198.0,112
2024-06-30,202406,06881898,IF 06881898,895052766884.0,113
2024-06-30,202406,37679449,IF 37679449,871598809592.0,114
2024-06-30,202406,61194353,IF 61194353,858906418014.0,115
2024-06-30,202406,62287735,IF 62287735,845480968427.0,116
2024-06-30,202406,81466286,IF 81466286,842775084216.0,117
2024-06-30,202406,92874270,IF 92874270,839581835567.0,118
2024-06-30,202406,04740876,IF 04740876,816317621432.0,119
2024-06-30,202406,32995755,IF 32995755,808236638454.0,120
2024-06-30,202406,02398976,IF 02398976,798914189845.0,121
2024-06-30,202406,36272465,IF 36272465,797869111281.0,122
2024-06-30,202406,88894548,IF 88894548,777731679265.0,123
2024-06-30,202406,22896431,IF 22896431,771690566436.0,124
2024-06-30,202406,15124464,IF 15124464,757192084437.0,125
2024-06-30,202406,01858774,IF 01858774,751092264259.0,126
2024-06-30,202406,61024352,IF 61024352,749537827589.0,127
2024-06-30,202406,42898825,IF 42898825,742780869145.0,128
2024-06-30,202406,24933830,IF 24933830,738057373213.0,129
2024-06-30,202406,87780268,IF 87780268,726770361449.0,130
2024-06-30,202406,31895683,IF 31895683,724268715551.0,131
2024-06-30,202406,03634220,IF 03634220,721189377307.0,132
2024-06-30,202406,34111187,IF 34111187,720386397517.0,133
2024-06-30,202406,71027866,IF 71027866,718163540875.0,134
2024-06-30,202406,23862762,IF 23862762,708446869572.0,135
2024-06-30,202406,24654881,IF 24654881,701028906045.0,136
2024-06-30,202406,74014747,IF 74014747,698845884143.0,137
2024-06-30,202406,03632872,IF 03632872,697257137311.0,138
2024-06-30,202406,80230774,IF 80230774,683321746097.0,139
2024-06-30,202406,07237373,Banco do Estado do Pará S.A.,682128403530.0,140
2024-06-30,202406,28517628,IF 28517628,679638495687.0,141
2024-06-30,202406,55230916,IF 55230916,672700716645.0,142
2024-06-30,202406,59285411,Banco do Estado do Amazonas S.A.,670102157544.0,143
2024-06-30,202406,92228410,IF 92228410,668190705914.0,144
2024-06-30,202406,32345784,IF 32345784,667190882444.0,145
2024-06-30,202406,04243780,IF 04243780,666352662304.0,146
2024-06-30,202406,60779196,IF 60779196,653247392154.0,147
2024-06-30,202406,00416968,Banco da Amazônia S.A.,650711523003.0,148
2024-06-30,202406,00543968,IF 00543968,642364219275.0,149
2024-06-30,202406,26555235,IF 26555235,633352750635.0,150
2024-06-30,202406,04866275,IF 04866275,609150229085.0,151
2024-06-30,202406,04962772,IF 04962772,607387647656.0,152
2024-06-30,202406,43180355,IF 43180355,596479922126.0,153
2024-06-30,202406,09464032,IF 09464032,595983404958.0,154
2024-06-30,202406,33868597,IF 33868597,595006721572.0,155
2024-06-30,202406,88038260,IF 88038260,592793264585.0,156
2024-06-30,202406,10878448,IF 10878448,581492548686.0,157
2024-06-30,202406,03017677,IF 03017677,574568267696.0,158
2024-06-30,202406,32588139,IF 32588139,568480634984.0,159
2024-06-30,202406,20855875,IF 20855875,561998619602.0,160
2024-06-30,202406,33021064,IF 33021064,546470091321.0,161
2024-06-30,202406,31546476,IF 31546476,536398980923.0,162
2024-06-30,202406,89126130,IF 89126130,533426373025.0,163
2024-06-30,202406,33416108,IF 33416108,529967905923.0,164
2024-06-30,202406,37442605,IF 37442605,526560648747.0,165
2024-06-30,202406,24795049,IF 24795049,524307211056.0,166
2024-06-30,202406,92934215,IF 92934215,514581655059.0,167
2024-06-30,202406,03502961,IF 03502961,508854291508.0,168
2024-06-30,202406,03566655,IF 03566655,491713416262.0,169
2024-06-30,202406,00815319,IF 00815319,488750071642.0,170
2024-06-30,202406,70119680,IF 70119680,486144729054.0,171
2024-06-30,202406,81607046,IF 81607046,481468952716.0,172
2024-06-30,202406,03459850,IF 03459850,473918996014.0,173
2024-06-30,202406,30723886,IF 30723886,473809264237.0,174
2024-06-30,202406,87795639,IF 87795639,472587657755.0,175
2024-06-30,202406,33667205,IF 33667205,471958328606.0,176
2024-06-30,202406,62063177,IF 62063177,469572705308.0,177
2024-06-30,202406,39544456,IF 39544456,468114058398.0,178
2024-06-30,202406,21198087,IF 21198087,456518849238.0,179
2024-06-30,202406,32983165,IF 32983165,442222586332.0,180
2024-06-30,202406,87733770,IF 87733770,442101427229.0,181
2024-06-30,202406,78632767,IF 78632767,439694129868.0,182
2024-06-30,202406,43818780,IF 43818780,439108216189.0,183
2024-06-30,202406,10663610,IF 10663610,438980137448.0,184
2024-06-30,202406,11285104,IF 11285104,436342048207.0,185
2024-06-30,202406,17351180,IF 17351180,435714698613.0,186
2024-06-30,202406,10398952,IF 10398952,434192357843.0,187
2024-06-30,202406,07202627,IF 07202627,429799546912.0,188
2024-06-30,202406,03320525,IF 03320525,418799804626.0,189
2024-06-30,202406,92796564,IF 92796564,418217781638.0,190
2024-06-30,202406,76543115,IF 76543115,412991063446.0,191
2024-06-30,202406,20520298,IF 20520298,412642061008.0,192
2024-06-30,202406,03502131,IF 03502131,408525451559.0,193
2024-06-30,202406,33136888,IF 33136888,408036878414.0,194
2024-06-30,202406,81723108,IF 81723108,406883923166.0,195
2024-06-30,202406,02015588,IF 02015588,404466664632.0,196
2024-06-30,202406,68900810,IF 68900810,403385811818.0,197
2024-06-30,202406,09274232,IF 09274232,391677261806.0,198
2024-06-30,202406,33603457,IF 33603457,390455138888.0,199
2024-06-30,202406,32467086,IF 32467086,389129506662.0,200
2024-06-30,202406,62169875,IF 62169875,387995254961.0,201
2024-06-30,202406,45246410,IF 45246410,387088898685.0,202
2024-06-30,202406,92555150,IF 92555150,380743405659.0,203
2024-06-30,202406,90497256,IF 90497256,377419125327.0,204
2024-06-30,202406,91159764,IF 91159764,376755016158.0,205
2024-06-30,202406,01634601,IF 01634601,376086212172.0,206
2024-06-30,202406,10690848,IF 10690848,375761341333.0,207
2024-06-30,202406,78834975,IF 78834975,374525642481.0,208
2024-06-30,202406,79457883,IF 79457883,366707055246.0,209
2024-06-30,202406,82527557,IF 82527557,366348758697.0,210
2024-06-30,202406,04452473,IF 04452473,365972441289.0,211
2024-06-30,202406,90729369,IF 90729369,365175015104.0,212
2024-06-30,202406,74064502,IF 74064502,364977956678.0,213
2024-06-30,202406,60850229,IF 60850229,364412557397.0,214
2024-06-30,202406,10348181,IF 10348181,361133617591.0,215
2024-06-30,202406,10371492,IF 10371492,358911015862.0,216
2024-06-30,202406,10736214,IF 10736214,357681144664.0,217
2024-06-30,202406,70431630,IF 70431630,346905787531.0,218
2024-06-30,202406,30822936,IF 30822936,344749487805.0,219
2024-06-30,202406,03584906,IF 03584906,343395868786.0,220
2024-06-30,202406,89990501,IF 89990501,337626442977.0,221
2024-06-30,202406,02843443,IF 02843443,336237673974.0,222
2024-06-30,202406,59118133,IF 59118133,335152367463.0,223
2024-06-30,202406,01658426,IF 01658426,332239644629.0,224
2024-06-30,202406,31804966,IF 31804966,325413915642.0,225
2024-06-30,202406,35571249,IF 35571249,320618643991.0,226
2024-06-30,202406,82065285,IF 82065285,320445607035.0,227
2024-06-30,202406,33022690,IF 33022690,314083497568.0,228
2024-06-30,202406,78840071,IF 78840071,312277525834.0,229
2024-06-30,202406,04388688,IF 04388688,310321203388.0,230
2024-06-30,202406,19307785,IF 19307785,308022781673.0,231
2024-06-30,202406,87781530,IF 87781530,307557608837.0,232
2024-06-30,202406,03042597,IF 03042597,307091438883.0,233
2024-06-30,202406,38372267,IF 38372267,306184924087.0,234
2024-06-30,202406,04670195,IF 04670195,301585209272.0,235
2024-06-30,202406,02282709,IF 02282709,299097563321.0,236
2024-06-30,202406,91669747,IF 91669747,296030289656.0,237
2024-06-30,202406,00075847,IF 00075847,296024090827.0,238
2024-06-30,202406,84974278,IF 84974278,295294358884.0,239
2024-06-30,202406,03532415,IF 03532415,295082655955.0,240
2024-06-30,202406,34270520,IF 34270520,292526656759.0,241
2024-06-30,202406,74828799,IF 74828799,284554298086.0,242
2024-06-30,202406,94433109,IF 94433109,275001929777.0,243
2024-06-30,202406,03323840,IF 03323840,274267527159.0,244
2024-06-30,202406,14568725,IF 14568725,272557091328.0,245
2024-06-30,202406,03793242,IF 03793242,272409641063.0,246
2024-06-30,202406,74114042,IF 74114042,271364673689.0,247
2024-06-30,202406,04323351,IF 04323351,271324697007.0,248
2024-06-30,202406,61033106,IF 61033106,269697834462.0,249
2024-06-30,202406,01644264,IF 01644264,269432315896.0,250
2024-06-30,202406,88099247,IF 88099247,268854234237.0,251
2024-06-30,202406,87900601,IF 87900601,267073541613.0,252
2024-06-30,202406,42873828,IF 42873828,260706527314.0,253
2024-06-30,202406,13884775,IF 13884775,259943255729.0,254
2024-06-30,202406,17453575,IF 17453575,258584262071.0,255
2024-06-30,202406,26178533,IF 26178533,256816396157.0,256
2024-06-30,202406,33737818,IF 33737818,256235968847.0,257
2024-06-30,202406,78907607,IF 78907607,251875664867.0,258
2024-06-30,202406,48795256,IF 48795256,251173556548.0,259
2024-06-30,202406,07656500,IF 07656500,249815307582.0,260
2024-06-30,202406,76059997,IF 76059997,246142474472.0,261
2024-06-30,202406,95424891,IF 95424891,244031442939.0,262
2024-06-30,202406,26549311,IF 26549311,242379918515.0,263
2024-06-30,202406,26408187,IF 26408187,242175566595.0,264
2024-06-30,202406,03358914,IF 03358914,241105779156.0,265
2024-06-30,202406,33851205,IF 33851205,239585045603.0,266
2024-06-30,202406,81014060,IF 81014060,234685889159.0,267
2024-06-30,202406,89049738,IF 89049738,233448368438.0,268
2024-06-30,202406,92816560,IF 92816560,232025227520.0,269
2024-06-30,202406,44469161,IF 44469161,231888869648.0,270
2024-06-30,202406,87784088,IF 87784088,228730673449.0,271
2024-06-30,202406,25798596,IF 25798596,226321944986.0,272
2024-06-30,202406,07206072,IF 07206072,225544283938.0,273
2024-06-30,202406,88471024,IF 88471024,225457515675.0,274
2024-06-30,202406,00184068,IF 00184068,223049404981.0,275
2024-06-30,202406,11476673,IF 11476673,220049215117.0,276
2024-06-30,202406,02466552,IF 02466552,219630140096.0,277
2024-06-30,202406,79063574,IF 79063574,219420207451.0,278
2024-06-30,202406,25387671,IF 25387671,217711667144.0,279
2024-06-30,202406,87067757,IF 87067757,215205818574.0,280
2024-06-30,202406,95213211,IF 95213211,215114035126.0,281
2024-06-30,202406,07679404,IF 07679404,214573004421.0,282
2024-06-30,202406,81206039,IF 81206039,213328509108.0,283
2024-06-30,202406,01736516,IF 01736516,210436901686.0,284
2024-06-30,202406,81192106,IF 81192106,207365365415.0,285
2024-06-30,202406,46518205,IF 46518205,206838752819.0,286
2024-06-30,202406,79086997,IF 79086997,203200931105.0,287
2024-06-30,202406,00971300,IF 00971300,202694376083.0,288
2024-06-30,202406,33709114,IF 33709114,201812624932.0,289
2024-06-30,202406,05582619,IF 05582619,201172696106.0,290
2024-06-30,202406,60814191,IF 60814191,200111281225.0,291
2024-06-30,202406,01604998,IF 01604998,197681069793.0,292
2024-06-30,202406,87900411,IF 87900411,197590618989.0,293
2024-06-30,202406,62931522,IF 62931522,194572205096.0,294
2024-06-30,202406,51014223,IF 51014223,194265097374.0,295
2024-06-30,202406,05888589,IF 05888589,192494529626.0,296
2024-06-30,202406,13370835,IF 13370835,189635756372.0,297
2024-06-30,202406,31880826,IF 31880826,189565268297.0,298
2024-06-30,202406,16668076,IF 16668076,188200859018.0,299
2024-06-30,202406,81011686,IF 81011686,188138867757.0,300
2024-06-30,202406,54401286,IF 54401286,187257001271.0,301
2024-06-30,202406,85291086,IF 85291086,186018800436.0,302
2024-06-30,202406,08075352,IF 08075352,185018551845.0,303
2024-06-30,202406,14796606,IF 14796606,185008003261.0,304
2024-06-30,202406,37880206,IF 37880206,184371278058.0,305
2024-06-30,202406,81016131,IF 81016131,184186188153.0,306
2024-06-30,202406,01039011,IF 01039011,184017965215.0,307
2024-06-30,202406,05241619,IF 05241619,183720011049.0,308
2024-06-30,202406,78825023,IF 78825023,183182788163.0,309
2024-06-30,202406,87780284,IF 87780284,182292474165.0,310
2024-06-30,202406,04632856,IF 04632856,181290873148.0,311
2024-06-30,202406,42272526,IF 42272526,177615635936.0,312
2024-06-30,202406,04247370,IF 04247370,177602624932.0,313
2024-06-30,202406,36900256,IF 36900256,177444806142.0,314
2024-06-30,202406,02335109,IF 02335109,176148568609.0,315
2024-06-30,202406,05392810,IF 05392810,175963252083.0,316
2024-06-30,202406,17343510,IF 17343510,175230582576.0,317
2024-06-30,202406,01638542,IF 01638542,173446426261.0,318
2024-06-30,202406,41697103,IF 41697103,172842252918.0,319
2024-06-30,202406,07599206,IF 07599206,171849126163.0,320
2024-06-30,202406,86829827,IF 86829827,171507211004.0,321
2024-06-30,202406,71698674,IF 71698674,169671844122.0,322
2024-06-30,202406,02232383,IF 02232383,168527768378.0,323
2024-06-30,202406,28145829,IF 28145829,168246579773.0,324
2024-06-30,202406,97406706,IF 97406706,166950015821.0,325
2024-06-30,202406,00517645,IF 00517645,166815990545.0,326
2024-06-30,202406,82937293,IF 82937293,164665848204.0,327
2024-06-30,202406,73750424,IF 73750424,164512252181.0,328
2024-06-30,202406,81054686,IF 81054686,163982234489.0,329
2024-06-30,202406,08044854,IF 08044854,163273727516.0,330
2024-06-30,202406,04836002,IF 04836002,163018166794.0,331
2024-06-30,202406,07512780,IF 07512780,161676930668.0,332
2024-06-30,202406,47509120,IF 47509120,160923627502.0,333
2024-06-30,202406,15111975,IF 15111975,160833519228.0,334
2024-06-30,202406,02663426,IF 02663426,160504092475.0,335
2024-06-30,202406,11703662,IF 11703662,160083356211.0,336
2024-06-30,202406,62318407,IF 62318407,159920067335.0,337
2024-06-30,202406,02318507,IF 02318507,159606778594.0,338
2024-06-30,202406,46570800,IF 46570800,159602219664.0,339
2024-06-30,202406,07450604,IF 07450604,159440662786.0,340
2024-06-30,202406,00698609,IF 00698609,159081729775.0,341
2024-06-30,202406,67960229,IF 67960229,158317948503.0,342
2024-06-30,202406,80959612,IF 80959612,157848467487.0,343
2024-06-30,202406,16779741,IF 16779741,156559511379.0,344
2024-06-30,202406,81706616,IF 81706616,156410190471.0,345
2024-06-30,202406,53505601,IF 53505601,156352629453.0,346
2024-06-30,202406,50585090,IF 50585090,156213376205.0,347
2024-06-30,202406,73443863,IF 73443863,155669767455.0,348
2024-06-30,202406,04463602,IF 04463602,155411496396.0,349
2024-06-30,202406,54037916,IF 54037916,154832890700.0,350
2024-06-30,202406,59281253,IF 59281253,153153436472.0,351
2024-06-30,202406,32474884,IF 32474884,153044398665.0,352
2024-06-30,202406,70038237,IF 70038237,152316157754.0,353
2024-06-30,202406,01727929,IF 01727929,152124273716.0,354
2024-06-30,202406,19468242,IF 19468242,151585865733.0,355
2024-06-30,202406,01852137,IF 01852137,151212149328.0,356
2024-06-30,202406,00966246,IF 00966246,150167513703.0,357
2024-06-30,202406,00106180,IF 00106180,149006054937.0,358
2024-06-30,202406,34148882,IF 34148882,148897234691.0,359
2024-06-30,202406,71884498,IF 71884498,148851656897.0,360
2024-06-30,202406,02670590,IF 02670590,148550298197.0,361
2024-06-30,202406,25021356,IF 25021356,148054809283.0,362
2024-06-30,202406,88530142,IF 88530142,147828148632.0,363
2024-06-30,202406,24048910,IF 24048910,146427806838.0,364
2024-06-30,202406,05203605,IF 05203605,143238322268.0,365
2024-06-30,202406,01060307,IF 01060307,143088142926.0,366
2024-06-30,202406,04529074,IF 04529074,142307682914.0,367
2024-06-30,202406,86564051,IF 86564051,142101864076.0,368
2024-06-30,202406,04350225,IF 04350225,142061365205.0,369
2024-06-30,202406,61809182,IF 61809182,141712552963.0,370
2024-06-30,202406,05276770,IF 05276770,141357633992.0,371
2024-06-30,202406,04814563,IF 04814563,141102626416.0,372
2024-06-30,202406,00556603,IF 00556603,140350125191.0,373
2024-06-30,202406,29650082,IF 29650082,140349159356.0,374
2024-06-30,202406,72257793,IF 72257793,139647914515.0,375
2024-06-30,202406,87779625,IF 87779625,138205298354.0,376
2024-06-30,202406,66463407,IF 66463407,136575637685.0,377
2024-06-30,202406,62375134,IF 62375134,136060983256.0,378
2024-06-30,202406,03326437,IF 03326437,135302769448.0,379
2024-06-30,202406,01389651,IF 01389651,134597572643.0,380
2024-06-30,202406,05231945,IF 05231945,133698204058.0,381
2024-06-30,202406,22610500,IF 22610500,131185068149.0,382
2024-06-30,202406,23623636,IF 23623636,131104582687.0,383
2024-06-30,202406,60114865,IF 60114865,131076127005.0,384
2024-06-30,202406,02446089,IF 02446089,130679058237.0,385
2024-06-30,202406,65229254,IF 65229254,130385597375.0,386
2024-06-30,202406,11275560,IF 11275560,129829073298.0,387
2024-06-30,202406,70116611,IF 70116611,126999023136.0,388
2024-06-30,202406,00315557,IF 00315557,120423253496.0,389
2024-06-30,202406,15163587,IF 15163587,120329132896.0,390
2024-06-30,202406,09605581,IF 09605581,120046106187.0,391
2024-06-30,202406,07441209,IF 07441209,119583023964.0,392
2024-06-30,202406,02910987,IF 02910987,118460565307.0,393
2024-06-30,202406,66402207,IF 66402207,116355596832.0,394
2024-06-30,202406,02819125,IF 02819125,115968149328.0,395
2024-06-30,202406,09313766,IF 09313766,114990658912.0,396
2024-06-30,202406,00694389,IF 00694389,114820201351.0,397
2024-06-30,202406,19540550,IF 19540550,114579065836.0,398
2024-06-30,202406,21866694,IF 21866694,114136674643.0,399
2024-06-30,202406,11907520,IF 11907520,114121622227.0,400
2024-06-30,202406,00997185,IF 00997185,114063990891.0,401
2024-06-30,202406,02641032,IF 02641032,113629078822.0,402
2024-06-30,202406,22724710,IF 22724710,113517126879.0,403
2024-06-30,202406,60518222,IF 60518222,113458416154.0,404
2024-06-30,202406,22177858,IF 22177858,112853368169.0,405
2024-06-30,202406,00795423,IF 00795423,112502652019.0,406
2024-06-30,202406,02732968,IF 02732968,111399647738.0,407
2024-06-30,202406,10311218,IF 10311218,111239573884.0,408
2024-06-30,202406,34265561,IF 34265561,111164611606.0,409
2024-06-30,202406,70937271,IF 70937271,109963722559.0,410
2024-06-30,202406,18539102,IF 18539102,109519157703.0,411
2024-06-30,202406,31680151,IF 31680151,109357813575.0,412
2024-06-30,202406,03222753,IF 03222753,109125411382.0,413
2024-06-30,202406,22656789,IF 22656789,108937722017.0,414
2024-06-30,202406,05863726,IF 05863726,108535853662.0,415
2024-06-30,202406,67096909,IF 67096909,108366231976.0,416
2024-06-30,202406,62285390,IF 62285390,107726641507.0,417
2024-06-30,202406,07268499,IF 07268499,105366801464.0,418
2024-06-30,202406,49389307,IF 49389307,104448031725.0,419
2024-06-30,202406,23903068,IF 23903068,103963709484.0,420
2024-06-30,202406,41931445,IF 41931445,103574634594.0,421
2024-06-30,202406,54403563,IF 54403563,103554369178.0,422
2024-06-30,202406,62418140,IF 62418140,102894925617.0,423
2024-06-30,202406,04876393,IF 04876393,102386057196.0,424
2024-06-30,202406,19449602,IF 19449602,101847740677.0,425
2024-06-30,202406,03645752,IF 03645752,100357672062.0,426
2024-06-30,202406,02641969,IF 02641969,99797255694.0,427
2024-06-30,202406,78483310,IF 78483310,99403970792.0,428
2024-06-30,202406,22760839,IF 22760839,99277772122.0,429
2024-06-30,202406,05351887,IF 05351887,98519678054.0,430
2024-06-30,202406,64237530,IF 64237530,98263057676.0,431
2024-06-30,202406,10262276,IF 10262276,98167028862.0,432
2024-06-30,202406,01635462,IF 01635462,98066245713.0,433
2024-06-30,202406,22753982,IF 22753982,97979740803.0,434
2024-06-30,202406,65654303,IF 65654303,97768099745.0,435
2024-06-30,202406,10868663,IF 10868663,96949646626.0,436
2024-06-30,202406,09512539,IF 09512539,96789469185.0,437
2024-06-30,202406,62421979,IF 62421979,96371429743.0,438
2024-06-30,202406,15357060,IF 15357060,95365979354.0,439
2024-06-30,202406,03461243,IF 03461243,93690502316.0,440
2024-06-30,202406,03047549,IF 03047549,92503100668.0,441
2024-06-30,202406,03065046,IF 03065046,91354213146.0,442
2024-06-30,202406,13935893,IF 13935893,90783123092.0,443
2024-06-30,202406,23949522,IF 23949522,90158712954.0,444
2024-06-30,202406,02090126,IF 02090126,90139936968.0,445
2024-06-30,202406,78865995,IF 78865995,89715311751.0,446
2024-06-30,202406,95163002,IF 95163002,89524383225.0,447
2024-06-30,202406,73647935,IF 73647935,89300471114.0,448
2024-06-30,202406,90608712,IF 90608712,89131033596.0,449
2024-06-30,202406,70241658,IF 70241658,89100866029.0,450
2024-06-30,202406,23511655,IF 23511655,88334692868.0,451
2024-06-30,202406,78825270,IF 78825270,87694137193.0,452
2024-06-30,202406,71419600,IF 71419600,87566189512.0,453
2024-06-30,202406,61182408,IF 61182408,87219375595.0,454
2024-06-30,202406,15011719,IF 15011719,87030921601.0,455
2024-06-30,202406,05883884,IF 05883884,87025266976.0,456
2024-06-30,202406,32778350,IF 32778350,86967531905.0,457
2024-06-30,202406,39908427,IF 39908427,86723557915.0,458
2024-06-30,202406,24799033,IF 24799033,86343814943.0,459
2024-06-30,202406,21670187,IF 21670187,86223119324.0,460
2024-06-30,202406,24830879,IF 24830879,85973755815.0,461
2024-06-30,202406,03130170,IF 03130170,85676603946.0,462
2024-06-30,202406,18945670,IF 18945670,85256411754.0,463
2024-06-30,202406,10520232,IF 10520232,84967645348.0,464
2024-06-30,202406,32402502,IF 32402502,84775713248.0,465
2024-06-30,202406,08624548,IF 08624548,84207235498.0,466
2024-06-30,202406,08742188,IF 08742188,84206192337.0,467
2024-06-30,202406,81292278,IF 81292278,83584529112.0,468
2024-06-30,202406,01760242,IF 01760242,82527644376.0,469
2024-06-30,202406,00991143,IF 00991143,80360582102.0,470
2024-06-30,202406,01637949,IF 01637949,79907106384.0,471
2024-06-30,202406,02934201,IF 02934201,79503403103.0,472
2024-06-30,202406,41669227,IF 41669227,79153841642.0,473
2024-06-30,202406,73113243,IF 73113243,78880157688.0,474
2024-06-30,202406,01286361,IF 01286361,78387827242.0,475
2024-06-30,202406,25536764,IF 25536764,78173325337.0,476
2024-06-30,202406,03965737,IF 03965737,77818965106.0,477
2024-06-30,202406,53935029,IF 53935029,77547014119.0,478
2024-06-30,202406,02923389,IF 02923389,77020274504.0,479
2024-06-30,202406,05816451,IF 05816451,76988518911.0,480
2024-06-30,202406,19869338,IF 19869338,76760097899.0,481
2024-06-30,202406,25387655,IF 25387655,76254769986.0,482
2024-06-30,202406,26178111,IF 26178111,75816543329.0,483
2024-06-30,202406,32062580,IF 32062580,75790260309.0,484
2024-06-30,202406,78862083,IF 78862083,74893440341.0,485
2024-06-30,202406,03732359,IF 03732359,74767880277.0,486
2024-06-30,202406,34590184,IF 34590184,74691013059.0,487
2024-06-30,202406,02448310,IF 02448310,74466410676.0,488
2024-06-30,202406,02935307,IF 02935307,74317262126.0,489
2024-06-30,202406,37395399,IF 37395399,74250965685.0,490
2024-06-30,202406,38588174,IF 38588174,74191997988.0,491
2024-06-30,202406,57839805,IF 57839805,74093924339.0,492
2024-06-30,202406,15581638,IF 15581638,73983928077.0,493
2024-06-30,202406,33644196,IF 33644196,73933158857.0,494
2024-06-30,202406,69346856,IF 69346856,73573552161.0,495
2024-06-30,202406,66788142,IF 66788142,73387385584.0,496
2024-06-30,202406,02447120,IF 02447120,73166819737.0,497
2024-06-30,202406,01667766,IF 01667766,73132456005.0,498
2024-06-30,202406,06031727,IF 06031727,72299794312.0,499
2024-06-30,202406,11271860,IF 11271860,72279454123.0,500
2024-06-30,202406,05277312,IF 05277312,71966552417.0,501
2024-06-30,202406,10218474,IF 10218474,70956150091.0,502
2024-06-30,202406,10209619,IF 10209619,70699316986.0,503
2024-06-30,202406,01739375,IF 01739375,70634252395.0,504
2024-06-30,202406,01259518,IF 01259518,70567596169.0,505
2024-06-30,202406,07925729,IF 07925729,70337273065.0,506
2024-06-30,202406,66262643,IF 66262643,70221076403.0,507
2024-06-30,202406,62895230,IF 62895230,69775286837.0,508
2024-06-30,202406,06126780,IF 06126780,69100768057.0,509
2024-06-30,202406,66398496,IF 66398496,68950199586.0,510
2024-06-30,202406,05940203,IF 05940203,68738683799.0,511
2024-06-30,202406,05861932,IF 05861932,68674022382.0,512
2024-06-30,202406,07789195,IF 07789195,67513034105.0,513
2024-06-30,202406,36583700,IF 36583700,67356679108.0,514
2024-06-30,202406,05676026,IF 05676026,67332556747.0,515
2024-06-30,202406,76461557,IF 76461557,67261499154.0,516
2024-06-30,202406,25387713,IF 25387713,67259721627.0,517
2024-06-30,202406,07469260,IF 07469260,66638317632.0,518
2024-06-30,202406,03046391,IF 03046391,66056251098.0,519
2024-06-30,202406,42040639,IF 42040639,65921602499.0,520
2024-06-30,202406,26408161,IF 26408161,65154318247.0,521
2024-06-30,202406,86389236,IF 86389236,64982228069.0,522
2024-06-30,202406,01152097,IF 01152097,64740811599.0,523
2024-06-30,202406,06174009,IF 06174009,63479196202.0,524
2024-06-30,202406,80959638,IF 80959638,63386343849.0,525
2024-06-30,202406,59158642,IF 59158642,63248972764.0,526
2024-06-30,202406,17359351,IF 17359351,63020497021.0,527
2024-06-30,202406,08560508,IF 08560508,62975725007.0,528
2024-06-30,202406,06139650,IF 06139650,62750093594.0,529
2024-06-30,202406,11970623,IF 11970623,62337923172.0,530
2024-06-30,202406,13059145,IF 13059145,62122616202.0,531
2024-06-30,202406,01009908,IF 01009908,61946221985.0,532
2024-06-30,202406,83315408,IF 83315408,61479078675.0,533
2024-06-30,202406,11969853,IF 11969853,61256155847.0,534
2024-06-30,202406,71238232,IF 71238232,61200077379.0,535
2024-06-30,202406,05036532,IF 05036532,60627766672.0,536
2024-06-30,202406,12392983,IF 12392983,60592034953.0,537
2024-06-30,202406,00968602,IF 00968602,60555693658.0,538
2024-06-30,202406,29162769,IF 29162769,59031601401.0,539
2024-06-30,202406,09403026,IF 09403026,58909767863.0,540
2024-06-30,202406,30172491,IF 30172491,58830028361.0,541
2024-06-30,202406,00068987,IF 00068987,58568640036.0,542
2024-06-30,202406,04013172,IF 04013172,58439497957.0,543
2024-06-30,202406,05158093,IF 05158093,58276986431.0,544
2024-06-30,202406,27351731,IF 27351731,58190362630.0,545
2024-06-30,202406,73422792,IF 73422792,58181838283.0,546
2024-06-30,202406,36588217,IF 36588217,57722523769.0,547
2024-06-30,202406,10506341,IF 10506341,57475124754.0,548
2024-06-30,202406,58229246,IF 58229246,57358126743.0,549
2024-06-30,202406,02658435,IF 02658435,57276498519.0,550
2024-06-30,202406,07318874,IF 07318874,56950048908.0,551
2024-06-30,202406,25420696,IF 25420696,56765517215.0,552
2024-06-30,202406,02144899,IF 02144899,56679543223.0,553
2024-06-30,202406,41707258,IF 41707258,55963239207.0,554
2024-06-30,202406,13203354,IF 13203354,55946148289.0,555
2024-06-30,202406,36658769,IF 36658769,55831527541.0,556
2024-06-30,202406,09590601,IF 09590601,55594714409.0,557
2024-06-30,202406,32223020,IF 32223020,55432363313.0,558
2024-06-30,202406,02197569,IF 02197569,55271743086.0,559
2024-06-30,202406,26960328,IF 26960328,55196892111.0,560
2024-06-30,202406,03877288,IF 03877288,54973844097.0,561
2024-06-30,202406,01559914,IF 01559914,53742359883.0,562
2024-06-30,202406,25528753,IF 25528753,53536664789.0,563
2024-06-30,202406,03612764,IF 03612764,53156785615.0,564
2024-06-30,202406,41805003,IF 41805003,52887927661.0,565
2024-06-30,202406,01705236,IF 01705236,52649201336.0,566
2024-06-30,202406,71392047,IF 71392047,52623434743.0,567
2024-06-30,202406,01187961,IF 01187961,52094349387.0,568
2024-06-30,202406,48805820,IF 48805820,51804395624.0,569
2024-06-30,202406,62816426,IF 62816426,51520306461.0,570
2024-06-30,202406,28080769,IF 28080769,51219357832.0,571
2024-06-30,202406,09089356,IF 09089356,50568734493.0,572
2024-06-30,202406,21661202,IF 21661202,50557513697.0,573
2024-06-30,202406,27652684,IF 27652684,50468522865.0,574
2024-06-30,202406,33040601,IF 33040601,49327310883.0,575
2024-06-30,202406,25683475,IF 25683475,49047434933.0,576
2024-06-30,202406,05247312,IF 05247312,49010237727.0,577
2024-06-30,202406,73398646,IF 73398646,48904418699.0,578
2024-06-30,202406,03502968,IF 03502968,48784104104.0,579
2024-06-30,202406,33147315,IF 33147315,48442492964.0,580
2024-06-30,202406,33370115,IF 33370115,48122530968.0,581
2024-06-30,202406,05983995,IF 05983995,48069248887.0,582
2024-06-30,202406,09554480,IF 09554480,48054116743.0,583
2024-06-30,202406,02931668,IF 02931668,47486087462.0,584
2024-06-30,202406,01664968,IF 01664968,47275031827.0,585
2024-06-30,202406,08253539,IF 08253539,47101732484.0,586
2024-06-30,202406,26014175,IF 26014175,46893449713.0,587
2024-06-30,202406,37255049,IF 37255049,46810533596.0,588
2024-06-30,202406,07502031,IF 07502031,46720846658.0,589
2024-06-30,202406,65913436,IF 65913436,46337703263.0,590
2024-06-30,202406,42584318,IF 42584318,46304363465.0,591
2024-06-30,202406,18966739,IF 18966739,46199841468.0,592
2024-06-30,202406,01722480,IF 01722480,45405509471.0,593
2024-06-30,202406,02057584,IF 02057584,45359362117.0,594
2024-06-30,202406,07252614,IF 07252614,45069777309.0,595
2024-06-30,202406,37079720,IF 37079720,44883407268.0,596
2024-06-30,202406,89468565,IF 89468565,44698586488.0,597
2024-06-30,202406,37511258,IF 37511258,44643681495.0,598
2024-06-30,202406,04663561,IF 04663561,44558190548.0,599
2024-06-30,202406,09033698,IF 09033698,44508742802.0,600
2024-06-30,202406,01703620,IF 01703620,44128307086.0,601
2024-06-30,202406,97259253,IF 97259253,43940562324.0,602
2024-06-30,202406,27214112,IF 27214112,43939595364.0,603
2024-06-30,202406,22749014,IF 22749014,43889124151.0,604
2024-06-30,202406,57647653,IF 57647653,43843193858.0,605
2024-06-30,202406,25353939,IF 25353939,43368280529.0,606
2024-06-30,202406,07465539,IF 07465539,42861163448.0,607
2024-06-30,202406,04694278,IF 04694278,42627727397.0,608
2024-06-30,202406,05192316,IF 05192316,42599842154.0,609
2024-06-30,202406,02682287,IF 02682287,42569435881.0,610
2024-06-30,202406,43774196,IF 43774196,42206600293.0,611
2024-06-30,202406,01572667,IF 01572667,41870034953.0,612
2024-06-30,202406,13293225,IF 13293225,41800846207.0,613
2024-06-30,202406,17361536,IF 17361536,41752217172.0,614
2024-06-30,202406,04261151,IF 04261151,41655158292.0,615
2024-06-30,202406,65239402,IF 65239402,41491201501.0,616
2024-06-30,202406,03412878,IF 03412878,41379838812.0,617
2024-06-30,202406,30723871,IF 30723871,41226384551.0,618
2024-06-30,202406,00869687,IF 00869687,40967998689.0,619
2024-06-30,202406,06040559,IF 06040559,40614565708.0,620
2024-06-30,202406,71154256,IF 71154256,40406328378.0,621
2024-06-30,202406,41753500,IF 41753500,39992204947.0,622
2024-06-30,202406,08795285,IF 08795285,39970727917.0,623
2024-06-30,202406,09473806,IF 09473806,39869542627.0,624
2024-06-30,202406,71154876,IF 71154876,39848877924.0,625
2024-06-30,202406,82096447,IF 82096447,39600781746.0,626
2024-06-30,202406,22121209,IF 22121209,39436137518.0,627
2024-06-30,202406,04181542,IF 04181542,39362288499.0,628
2024-06-30,202406,07412987,IF 07412987,39338693561.0,629
2024-06-30,202406,95594941,IF 95594941,39008652831.0,630
2024-06-30,202406,33884941,IF 33884941,38998463426.0,631
2024-06-30,202406,69720910,IF 69720910,38925037386.0,632
2024-06-30,202406,01608685,IF 01608685,38801433569.0,633
2024-06-30,202406,03427097,IF 03427097,38092109478.0,634
2024-06-30,202406,02766672,IF 02766672,37945028551.0,635
2024-06-30,202406,78626983,IF 78626983,37885417818.0,636
2024-06-30,202406,87853206,IF 87853206,37862361862.0,637
2024-06-30,202406,02201501,IF 02201501,37597147315.0,638
2024-06-30,202406,02883398,IF 02883398,37543090824.0,639
2024-06-30,202406,04490531,IF 04490531,37450422657.0,640
2024-06-30,202406,79052122,IF 79052122,37398520440.0,641
2024-06-30,202406,03519240,IF 03519240,36967444853.0,642
2024-06-30,202406,03419786,IF 03419786,36934522472.0,643
2024-06-30,202406,71163315,IF 71163315,36930810158.0,644
2024-06-30,202406,00429890,IF 00429890,36919916862.0,645
2024-06-30,202406,71418784,IF 71418784,36639788199.0,646
2024-06-30,202406,14913919,IF 14913919,36583476416.0,647
2024-06-30,202406,33615055,IF 33615055,36544781062.0,648
2024-06-30,202406,45879000,IF 45879000,36500595438.0,649
2024-06-30,202406,41931221,IF 41931221,36470977303.0,650
2024-06-30,202406,71237184,IF 71237184,36417924576.0,651
2024-06-30,202406,05222094,IF 05222094,36357269221.0,652
2024-06-30,202406,03881423,IF 03881423,36132197898.0,653
2024-06-30,202406,14511781,IF 14511781,36089935489.0,654
2024-06-30,202406,32219232,IF 32219232,35922767891.0,655
2024-06-30,202406,33579731,IF 33579731,35898900475.0,656
2024-06-30,202406,04406371,IF 04406371,35829190691.0,657
2024-06-30,202406,01205736,IF 01205736,35794211642.0,658
2024-06-30,202406,36113876,IF 36113876,35698775417.0,659
2024-06-30,202406,03269540,IF 03269540,35624111393.0,660
2024-06-30,202406,71207740,IF 71207740,35498717998.0,661
2024-06-30,202406,04237413,IF 04237413,35460849813.0,662
2024-06-30,202406,04355489,IF 04355489,34985767852.0,663
2024-06-30,202406,82133182,IF 82133182,34645701596.0,664
2024-06-30,202406,33254319,IF 33254319,34540628584.0,665
2024-06-30,202406,01848322,IF 01848322,34469033042.0,666
2024-06-30,202406,00122327,IF 00122327,34433536225.0,667
2024-06-30,202406,02480577,IF 02480577,34363232969.0,668
2024-06-30,202406,03033469,IF 03033469,34314095081.0,669
2024-06-30,202406,87733077,IF 87733077,34091190819.0,670
2024-06-30,202406,37241230,IF 37241230,33815622518.0,671
2024-06-30,202406,64276058,IF 64276058,33571692316.0,672
2024-06-30,202406,17079937,IF 17079937,33294988502.0,673
2024-06-30,202406,21797311,IF 21797311,33246306743.0,674
2024-06-30,202406,10319386,IF 10319386,33234375258.0,675
2024-06-30,202406,08055016,IF 08055016,33039185508.0,676
2024-06-30,202406,07215632,IF 07215632,32902874481.0,677
2024-06-30,202406,34169557,IF 34169557,32890671084.0,678
2024-06-30,202406,02405189,IF 02405189,32855414799.0,679
2024-06-30,202406,07097064,IF 07097064,32695333175.0,680
2024-06-30,202406,02000895,IF 02000895,32547221752.0,681
2024-06-30,202406,71441406,IF 71441406,32447187022.0,682
2024-06-30,202406,03183937,IF 03183937,32081096464.0,683
2024-06-30,202406,34991938,IF 34991938,31838758176.0,684
2024-06-30,202406,03485130,IF 03485130,31831112571.0,685
2024-06-30,202406,72128440,IF 72128440,31755300971.0,686
2024-06-30,202406,00803287,IF 00803287,31725965181.0,687
2024-06-30,202406,25743311,IF 25743311,31647056666.0,688
2024-06-30,202406,03609817,IF 03609817,31640110238.0,689
2024-06-30,202406,43599047,IF 43599047,31441075598.0,690
2024-06-30,202406,01692448,IF 01692448,31196140067.0,691
2024-06-30,202406,94243839,IF 94243839,30937690513.0,692
2024-06-30,202406,01073966,IF 01073966,30741923157.0,693
2024-06-30,202406,62673470,IF 62673470,30702537188.0,694
2024-06-30,202406,02885855,IF 02885855,30615674420.0,695
2024-06-30,202406,02844024,IF 02844024,30426107855.0,696
2024-06-30,202406,05211129,IF 05211129,30242380008.0,697
2024-06-30,202406,05269976,IF 05269976,30154800808.0,698
2024-06-30,202406,41255225,IF 41255225,30009733488.0,699
2024-06-30,202406,00411939,IF 00411939,29658058232.0,700
2024-06-30,202406,14388516,IF 14388516,29655402908.0,701
2024-06-30,202406,35210410,IF 35210410,29639529704.0,702
2024-06-30,202406,02493000,IF 02493000,29439036976.0,703
2024-06-30,202406,04379829,IF 04379829,29250780215.0,704
2024-06-30,202406,03750034,IF 03750034,28705058104.0,705
2024-06-30,202406,03428338,IF 03428338,28558387531.0,706
2024-06-30,202406,07512441,IF 07512441,28555010892.0,707
2024-06-30,202406,00952415,IF 00952415,28521790325.0,708
2024-06-30,202406,71146450,IF 71146450,28511834344.0,709
2024-06-30,202406,05494591,IF 05494591,28470044199.0,710
2024-06-30,202406,33862244,IF 33862244,28466719358.0,711
2024-06-30,202406,31749596,IF 31749596,28349190857.0,712
2024-06-30,202406,08071414,IF 08071414,28183276526.0,713
2024-06-30,202406,25404542,IF 25404542,28137079227.0,714
2024-06-30,202406,78157146,IF 78157146,28078615175.0,715
2024-06-30,202406,05856736,IF 05856736,28064501723.0,716
2024-06-30,202406,10143743,IF 10143743,27762951508.0,717
2024-06-30,202406,08488377,IF 08488377,27689748665.0,718
2024-06-30,202406,87510475,IF 87510475,27652533509.0,719
2024-06-30,202406,34747388,IF 34747388,27589516081.0,720
2024-06-30,202406,41538335,IF 41538335,27491217704.0,721
2024-06-30,202406,04565791,IF 04565791,27093867426.0,722
2024-06-30,202406,10314753,IF 10314753,26700593613.0,723
2024-06-30,202406,21018182,IF 21018182,26590936423.0,724
2024-06-30,202406,37076205,IF 37076205,26473549096.0,725
2024-06-30,202406,01439107,IF 01439107,26368042622.0,726
2024-06-30,202406,34711571,IF 34711571,26268453061.0,727
2024-06-30,202406,28581308,IF 28581308,26206285959.0,728
2024-06-30,202406,42054886,IF 42054886,26109445973.0,729
2024-06-30,202406,09552111,IF 09552111,25834201601.0,730
2024-06-30,202406,03918382,IF 03918382,25815698444.0,731
2024-06-30,202406,00066670,IF 00066670,25812215913.0,732
2024-06-30,202406,33311713,IF 33311713,25505363529.0,733
2024-06-30,202406,97489280,IF 97489280,25454923202.0,734
2024-06-30,202406,05439425,IF 05439425,25371850585.0,735
2024-06-30,202406,33775974,IF 33775974,25353884141.0,736
2024-06-30,202406,10143499,IF 10143499,25084420839.0,737
2024-06-30,202406,34337707,IF 34337707,25059519969.0,738
2024-06-30,202406,53623781,IF 53623781,25052818516.0,739
2024-06-30,202406,02282165,IF 02282165,24709267072.0,740
2024-06-30,202406,07194313,IF 07194313,24673157759.0,741
2024-06-30,202406,66259110,IF 66259110,24626629142.0,742
2024-06-30,202406,32206435,IF 32206435,24396226737.0,743
2024-06-30,202406,54190525,IF 54190525,24288909284.0,744
2024-06-30,202406,61855045,IF 61855045,24209705178.0,745
2024-06-30,202406,01155801,IF 01155801,24173697256.0,746
2024-06-30,202406,11581339,IF 11581339,24053752158.0,747
2024-06-30,202406,09343038,IF 09343038,24016815592.0,748
2024-06-30,202406,25363615,IF 25363615,23842466929.0,749
2024-06-30,202406,01609345,IF 01609345,23678763762.0,750
2024-06-30,202406,86791837,IF 86791837,23534515544.0,751
2024-06-30,202406,61384004,IF 61384004,23417859624.0,752
2024-06-30,202406,09515813,IF 09515813,23382613922.0,753
2024-06-30,202406,62178421,IF 62178421,23215376351.0,754
2024-06-30,202406,02876918,IF 02876918,23061042943.0,755
2024-06-30,202406,33466988,IF 33466988,22992956202.0,756
2024-06-30,202406,37122487,IF 37122487,22901306464.0,757
2024-06-30,202406,03816413,IF 03816413,22760205887.0,758
2024-06-30,202406,00694877,IF 00694877,22514414752.0,759
2024-06-30,202406,07714057,IF 07714057,22486686571.0,760
2024-06-30,202406,13728156,IF 13728156,22484502818.0,761
2024-06-30,202406,78858107,IF 78858107,22333258442.0,762
2024-06-30,202406,06284531,IF 06284531,22268962296.0,763
2024-06-30,202406,81367880,IF 81367880,22225068115.0,764
2024-06-30,202406,06910457,IF 06910457,22216779055.0,765
2024-06-30,202406,04853988,IF 04853988,22014761543.0,766
2024-06-30,202406,00707903,IF 00707903,21850598972.0,767
2024-06-30,202406,07320890,IF 07320890,21841801437.0,768
2024-06-30,202406,18282093,IF 18282093,21793959237.0,769
2024-06-30,202406,62090873,IF 62090873,21767989959.0,770
2024-06-30,202406,03015152,IF 03015152,21178734382.0,771
2024-06-30,202406,06332931,IF 06332931,21108461874.0,772
2024-06-30,202406,14046512,IF 14046512,20985001457.0,773
2024-06-30,202406,02338666,IF 02338666,20929766316.0,774
2024-06-30,202406,04120633,IF 04120633,20892593503.0,775
2024-06-30,202406,53236808,IF 53236808,20686246836.0,776
2024-06-30,202406,41180092,IF 41180092,20670991458.0,777
2024-06-30,202406,24431221,IF 24431221,20555313153.0,778
2024-06-30,202406,02382755,IF 02382755,20500745952.0,779
2024-06-30,202406,71230338,IF 71230338,20390358717.0,780
2024-06-30,202406,92856905,IF 92856905,20362751301.0,781
2024-06-30,202406,42887133,IF 42887133,20289049441.0,782
2024-06-30,202406,39696805,IF 39696805,20224343273.0,783
2024-06-30,202406,62928320,IF 62928320,20153988759.0,784
2024-06-30,202406,86585049,IF 86585049,19927727755.0,785
2024-06-30,202406,68512748,IF 68512748,19915188119.0,786
2024-06-30,202406,05425526,IF 05425526,19868862218.0,787
2024-06-30,202406,35551187,IF 35551187,19842857159.0,788
2024-06-30,202406,00162760,IF 00162760,19826778318.0,789
2024-06-30,202406,09576849,IF 09576849,19798456485.0,790
2024-06-30,202406,07070495,IF 07070495,19554452737.0,791
2024-06-30,202406,04174720,IF 04174720,19474187197.0,792
2024-06-30,202406,61747085,IF 61747085,19265062869.0,793
2024-06-30,202406,01657678,IF 01657678,19248054381.0,794
2024-06-30,202406,38316293,IF 38316293,19126440614.0,795
2024-06-30,202406,05463934,IF 05463934,18852320225.0,796
2024-06-30,202406,35523352,IF 35523352,18722409045.0,797
2024-06-30,202406,20757199,IF 20757199,18652192079.0,798
2024-06-30,202406,33630661,IF 33630661,18647303109.0,799
2024-06-30,202406,77984870,IF 77984870,18617949031.0,800
2024-06-30,202406,58497702,IF 58497702,18599582091.0,801
2024-06-30,202406,84156470,IF 84156470,18411762866.0,802
2024-06-30,202406,05241145,IF 05241145,18218024517.0,803
2024-06-30,202406,09437293,IF 09437293,18133847001.0,804
2024-06-30,202406,37554441,IF 37554441,18077871118.0,805
2024-06-30,202406,02685483,IF 02685483,17959500654.0,806
2024-06-30,202406,22639377,IF 22639377,17958537454.0,807
2024-06-30,202406,71506513,IF 71506513,17923935954.0,808
2024-06-30,202406,06249129,IF 06249129,17815415997.0,809
2024-06-30,202406,81115149,IF 81115149,17633177936.0,810
2024-06-30,202406,20443996,IF 20443996,17595741209.0,811
2024-06-30,202406,61820817,IF 61820817,17485392636.0,812
2024-06-30,202406,44189447,IF 44189447,17443833705.0,813
2024-06-30,202406,40768766,IF 40768766,17121014439.0,814
2024-06-30,202406,20308187,IF 20308187,16935950241.0,815
2024-06-30,202406,03985375,IF 03985375,16864462324.0,816
2024-06-30,202406,05070112,IF 05070112,16808317198.0,817
2024-06-30,202406,00204963,IF 00204963,16614037627.0,818
2024-06-30,202406,47965438,IF 47965438,16583796422.0,819
2024-06-30,202406,02179673,IF 02179673,16538942359.0,820
2024-06-30,202406,86774775,IF 86774775,16445023837.0,821
2024-06-30,202406,92875780,IF 92875780,16327625093.0,822
2024-06-30,202406,50489148,IF 50489148,16187416548.0,823
2024-06-30,202406,09424988,IF 09424988,16151606135.0,824
2024-06-30,202406,26563270,IF 26563270,16013408449.0,825
2024-06-30,202406,28156057,IF 28156057,15952805551.0,826
2024-06-30,202406,46277273,IF 46277273,15780972165.0,827
2024-06-30,202406,04886317,IF 04886317,15779423644.0,828
2024-06-30,202406,12599971,IF 12599971,15749667665.0,829
2024-06-30,202406,04445917,IF 04445917,15723211542.0,830
2024-06-30,202406,05938780,IF 05938780,15349431001.0,831
2024-06-30,202406,73326449,IF 73326449,15138480318.0,832
2024-06-30,202406,93026847,IF 93026847,15076951749.0,833
2024-06-30,202406,33171211,IF 33171211,15033982231.0,834
2024-06-30,202406,00804046,IF 00804046,14783922672.0,835
2024-06-30,202406,49173791,IF 49173791,14714201695.0,836
2024-06-30,202406,52046299,IF 52046299,14701390676.0,837
2024-06-30,202406,41498340,IF 41498340,14689112186.0,838
2024-06-30,202406,02448839,IF 02448839,14574441925.0,839
2024-06-30,202406,01090027,IF 01090027,14569901006.0,840
2024-06-30,202406,45691128,IF 45691128,14544496222.0,841
2024-06-30,202406,71297899,IF 71297899,14421309657.0,842
2024-06-30,202406,04649337,IF 04649337,14245783542.0,843
2024-06-30,202406,01699652,IF 01699652,13999468899.0,844
2024-06-30,202406,33894445,IF 33894445,13935650442.0,845
2024-06-30,202406,05503849,IF 05503849,13902819262.0,846
2024-06-30,202406,07747410,IF 07747410,13831467691.0,847
2024-06-30,202406,04572960,IF 04572960,13806688743.0,848
2024-06-30,202406,02562412,IF 02562412,13667751957.0,849
2024-06-30,202406,02347114,IF 02347114,13584544388.0,850
2024-06-30,202406,39231527,IF 39231527,13453461421.0,851
2024-06-30,202406,05597773,IF 05597773,13395974977.0,852
2024-06-30,202406,33042151,IF 33042151,13261795551.0,853
2024-06-30,202406,03212823,IF 03212823,13242019841.0,854
2024-06-30,202406,49654502,IF 49654502,13239047553.0,855
2024-06-30,202406,07946216,IF 07946216,13227201558.0,856
2024-06-30,202406,04913129,IF 04913129,13178875679.0,857
2024-06-30,202406,05410056,IF 05410056,13178841671.0,858
2024-06-30,202406,24610065,IF 24610065,13059533119.0,859
2024-06-30,202406,64480833,IF 64480833,13026845629.0,860
2024-06-30,202406,17354911,IF 17354911,13014234849.0,861
2024-06-30,202406,03941182,IF 03941182,12733006085.0,862
2024-06-30,202406,64293582,IF 64293582,12620132991.0,863
2024-06-30,202406,07138049,IF 07138049,12598534805.0,864
2024-06-30,202406,04751713,IF 04751713,12553968829.0,865
2024-06-30,202406,39519944,IF 39519944,12402292158.0,866
2024-06-30,202406,29759316,IF 29759316,12377279723.0,867
2024-06-30,202406,07509426,IF 07509426,12194687093.0,868
2024-06-30,202406,06324872,IF 06324872,12178332568.0,869
2024-06-30,202406,26225776,IF 26225776,12076863631.0,870
2024-06-30,202406,25395435,IF 25395435,12020575456.0,871
2024-06-30,202406,58290800,IF 58290800,11974169459.0,872
2024-06-30,202406,05477038,IF 05477038,11962360843.0,873
2024-06-30,202406,07026923,IF 07026923,11941467362.0,874
2024-06-30,202406,44373041,IF 44373041,11859253833.0,875
2024-06-30,202406,83836114,IF 83836114,11697322453.0,876
2024-06-30,202406,23114447,IF 23114447,11641185234.0,877
2024-06-30,202406,07122321,IF 07122321,11607111232.0,878
2024-06-30,202406,45283173,IF 45283173,11520958575.0,879
2024-06-30,202406,07437241,IF 07437241,11517365863.0,880
2024-06-30,202406,02137018,IF 02137018,11487433799.0,881
2024-06-30,202406,02794761,IF 02794761,11422068692.0,882
2024-06-30,202406,01330295,IF 01330295,11340067285.0,883
2024-06-30,202406,05076239,IF 05076239,11238835673.0,884
2024-06-30,202406,04833655,IF 04833655,11224614687.0,885
2024-06-30,202406,04257795,IF 04257795,11143269848.0,886
2024-06-30,202406,13660104,IF 13660104,11056670038.0,887
2024-06-30,202406,13776742,IF 13776742,10981201499.0,888
2024-06-30,202406,80271455,IF 80271455,10966558023.0,889
2024-06-30,202406,02254376,IF 02254376,10962530279.0,890
2024-06-30,202406,02528151,IF 02528151,10919507511.0,891
2024-06-30,202406,03620772,IF 03620772,10914227837.0,892
2024-06-30,202406,07652226,IF 07652226,10793556247.0,893
2024-06-30,202406,26526166,IF 26526166,10652383541.0,894
2024-06-30,202406,03000142,IF 03000142,10616960469.0,895
2024-06-30,202406,28650236,IF 28650236,10571754274.0,896
2024-06-30,202406,43488782,IF 43488782,10482441894.0,897
2024-06-30,202406,30765018,IF 30765018,10422618468.0,898
2024-06-30,202406,28811341,IF 28811341,10422548054.0,899
2024-06-30,202406,08030602,IF 08030602,10420342831.0,900
2024-06-30,202406,02309070,IF 02309070,10400784819.0,901
2024-06-30,202406,05956581,IF 05956581,10366484653.0,902
2024-06-30,202406,18810553,IF 18810553,10344978694.0,903
2024-06-30,202406,04894460,IF 04894460,10282944193.0,904
2024-06-30,202406,11836226,IF 11836226,10227645187.0,905
2024-06-30,202406,19875244,IF 19875244,10172763685.0,906
2024-06-30,202406,51489318,IF 51489318,10096382654.0,907
2024-06-30,202406,25238191,IF 25238191,10080667257.0,908
2024-06-30,202406,25606237,IF 25606237,10065480976.0,909
2024-06-30,202406,04715685,IF 04715685,10052970061.0,910
2024-06-30,202406,13486793,IF 13486793,9993395198.0,911
2024-06-30,202406,03603683,IF 03603683,9818292261.0,912
2024-06-30,202406,09463721,IF 09463721,9807944753.0,913
2024-06-30,202406,38224857,IF 38224857,9777923745.0,914
2024-06-30,202406,04230630,IF 04230630,9765920976.0,915
2024-06-30,202406,06078926,IF 06078926,9765599548.0,916
2024-06-30,202406,09330158,IF 09330158,9677782497.0,917
2024-06-30,202406,36864992,IF 36864992,9673796272.0,918
2024-06-30,202406,59869560,IF 59869560,9622278442.0,919
2024-06-30,202406,02904138,IF 02904138,9489142329.0,920
2024-06-30,202406,09105360,IF 09105360,9406574096.0,921
2024-06-30,202406,00806535,IF 00806535,9391490238.0,922
2024-06-30,202406,03848103,IF 03848103,9377828623.0,923
2024-06-30,202406,03862898,IF 03862898,9263530381.0,924
2024-06-30,202406,04307598,IF 04307598,9122590178.0,925
2024-06-30,202406,03311443,IF 03311443,9061487582.0,926
2024-06-30,202406,10175348,IF 10175348,9051965457.0,927
2024-06-30,202406,17315359,IF 17315359,9021042273.0,928
2024-06-30,202406,02833202,IF 02833202,9009163459.0,929
2024-06-30,202406,62562012,IF 62562012,8846237912.0,930
2024-06-30,202406,64739121,IF 64739121,8748397449.0,931
2024-06-30,202406,05979692,IF 05979692,8714219765.0,932
2024-06-30,202406,00329598,IF 00329598,8622557487.0,933
2024-06-30,202406,33924028,IF 33924028,8490313276.0,934
2024-06-30,202406,09488496,IF 09488496,8448838453.0,935
2024-06-30,202406,40473435,IF 40473435,8321711006.0,936
2024-06-30,202406,35136120,IF 35136120,8216393412.0,937
2024-06-30,202406,09579249,IF 09579249,8198476009.0,938
2024-06-30,202406,02924977,IF 02924977,8129806238.0,939
2024-06-30,202406,28683892,IF 28683892,8098270439.0,940
2024-06-30,202406,40434681,IF 40434681,8069142714.0,941
2024-06-30,202406,22575466,IF 22575466,7978198022.0,942
2024-06-30,202406,04985665,IF 04985665,7977417484.0,943
2024-06-30,202406,92935741,IF 92935741,7970375267.0,944
2024-06-30,202406,02217068,IF 02217068,7893237042.0,945
2024-06-30,202406,05667301,IF 05667301,7822136197.0,946
2024-06-30,202406,71677850,IF 71677850,7820503996.0,947
2024-06-30,202406,74220948,IF 74220948,7771622819.0,948
2024-06-30,202406,32648370,IF 32648370,7757257033.0,949
2024-06-30,202406,21332862,IF 21332862,7717711772.0,950
2024-06-30,202406,03662047,IF 03662047,7685906068.0,951
2024-06-30,202406,17441197,IF 17441197,7679829469.0,952
2024-06-30,202406,74248949,IF 74248949,7653512879.0,953
2024-06-30,202406,04484490,IF 04484490,7651134660.0,954
2024-06-30,202406,13178690,IF 13178690,7546948858.0,955
2024-06-30,202406,08041950,IF 08041950,7541618223.0,956
2024-06-30,202406,07669921,IF 07669921,7537034559.0,957
2024-06-30,202406,89280960,IF 89280960,7500837813.0,958
2024-06-30,202406,00259231,IF 00259231,7484582596.0,959
2024-06-30,202406,27084098,IF 27084098,7420408964.0,960
2024-06-30,202406,35084163,IF 35084163,7389725271.0,961
2024-06-30,202406,19402130,IF 19402130,7271224605.0,962
2024-06-30,202406,02173447,IF 02173447,7076685372.0,963
2024-06-30,202406,08718431,IF 08718431,7038981358.0,964
2024-06-30,202406,10808037,IF 10808037,7020656953.0,965
2024-06-30,202406,07299480,IF 07299480,6918894511.0,966
2024-06-30,202406,71336432,IF 71336432,6874787082.0,967
2024-06-30,202406,27171974,IF 27171974,6745558482.0,968
2024-06-30,202406,34471744,IF 34471744,6726102681.0,969
2024-06-30,202406,74244344,IF 74244344,6678213251.0,970
2024-06-30,202406,03102185,IF 03102185,6604944027.0,971
2024-06-30,202406,03139644,IF 03139644,6566588485.0,972
2024-06-30,202406,05545390,IF 05545390,6550708379.0,973
2024-06-30,202406,32997490,IF 32997490,6533381271.0,974
2024-06-30,202406,47074323,IF 47074323,6524177936.0,975
2024-06-30,202406,42934794,IF 42934794,6508134795.0,976
2024-06-30,202406,05491616,IF 05491616,6496306225.0,977
2024-06-30,202406,13673855,IF 13673855,6423841047.0,978
2024-06-30,202406,07494300,IF 07494300,6391646146.0,979
2024-06-30,202406,10769660,IF 10769660,6336108354.0,980
2024-06-30,202406,19962468,IF 19962468,6235906358.0,981
2024-06-30,202406,68228006,IF 68228006,6235535291.0,982
2024-06-30,202406,12473687,IF 12473687,6203601927.0,983
2024-06-30,202406,60872983,IF 60872983,6196888628.0,984
2024-06-30,202406,35810871,IF 35810871,6190037023.0,985
2024-06-30,202406,02992317,IF 02992317,6110186836.0,986
2024-06-30,202406,05389174,IF 05389174,6066504767.0,987
2024-06-30,202406,58158387,IF 58158387,6013185536.0,988
2024-06-30,202406,11351086,IF 11351086,5963828695.0,989
2024-06-30,202406,02093154,IF 02093154,5962088144.0,990
2024-06-30,202406,13140088,IF 13140088,5888689563.0,991
2024-06-30,202406,32615247,IF 32615247,5874601779.0,992
2024-06-30,202406,30507541,IF 30507541,5864752764.0,993
2024-06-30,202406,08850613,IF 08850613,5798861465.0,994
2024-06-30,202406,71243034,IF 71243034,5770718267.0,995
2024-06-30,202406,35470647,IF 35470647,5655593434.0,996
2024-06-30,202406,68757681,IF 68757681,5540452732.0,997
2024-06-30,202406,12481100,IF 12481100,5474711164.0,998
2024-06-30,202406,67030395,IF 67030395,5463581714.0,999
2024-06-30,202406,33959738,IF 33959738,5418280523.0,1000
2024-06-30,202406,20961629,IF 20961629,5382675191.0,1001
2024-06-30,202406,92764489,IF 92764489,5346416815.0,1002
2024-06-30,202406,08143326,IF 08143326,5278019054.0,1003
2024-06-30,202406,65697260,IF 65697260,5274033838.0,1004
2024-06-30,202406,02853045,IF 02853045,5245677364.0,1005
2024-06-30,202406,08609934,IF 08609934,5235776476.0,1006
2024-06-30,202406,11495073,IF 11495073,5203566478.0,1007
2024-06-30,202406,51010858,IF 51010858,5151579518.0,1008
2024-06-30,202406,32708748,IF 32708748,5124330706.0,1009
2024-06-30,202406,46642294,IF 46642294,5123814663.0,1010
2024-06-30,202406,08673569,IF 08673569,5096786437.0,1011
2024-06-30,202406,33588252,IF 33588252,5073481518.0,1012
2024-06-30,202406,01330387,IF 01330387,5036943137.0,1013
2024-06-30,202406,27970567,IF 27970567,5035089471.0,1014
2024-06-30,202406,05474540,IF 05474540,5005363542.0,1015
2024-06-30,202406,18520834,IF 18520834,4996296398.0,1016
2024-06-30,202406,20155248,IF 20155248,4958862525.0,1017
2024-06-30,202406,11406965,IF 11406965,4712263134.0,1018
2024-06-30,202406,09512542,IF 09512542,4696444894.0,1019
2024-06-30,202406,03612679,IF 03612679,4694174884.0,1020
2024-06-30,202406,05220243,IF 05220243,4692872597.0,1021
2024-06-30,202406,61190658,IF 61190658,4662808993.0,1022
2024-06-30,202406,26191078,IF 26191078,4649024731.0,1023
2024-06-30,202406,01788147,IF 01788147,4474819966.0,1024
2024-06-30,202406,24074692,IF 24074692,4472370608.0,1025
2024-06-30,202406,08257293,IF 08257293,4469920556.0,1026
2024-06-30,202406,06339468,IF 06339468,4436974327.0,1027
2024-06-30,202406,07946451,IF 07946451,4301961956.0,1028
2024-06-30,202406,02024442,IF 02024442,4290726105.0,1029
2024-06-30,202406,17819084,IF 17819084,4284720855.0,1030
2024-06-30,202406,02587492,IF 02587492,4274490351.0,1031
2024-06-30,202406,08844074,IF 08844074,4269789623.0,1032
2024-06-30,202406,83325811,IF 83325811,4264712656.0,1033
2024-06-30,202406,13720915,IF 13720915,4245020972.0,1034
2024-06-30,202406,40654622,IF 40654622,4225388167.0,1035
2024-06-30,202406,92858380,IF 92858380,4207206219.0,1036
2024-06-30,202406,09004796,IF 09004796,4200692057.0,1037
2024-06-30,202406,33886862,IF 33886862,4156920956.0,1038
2024-06-30,202406,39993186,IF 39993186,4101128297.0,1039
2024-06-30,202406,30798783,IF 30798783,4073764103.0,1040
2024-06-30,202406,07799277,IF 07799277,4039311551.0,1041
2024-06-30,202406,39587424,IF 39587424,3984639689.0,1042
2024-06-30,202406,53776852,IF 53776852,3944683954.0,1043
2024-06-30,202406,37715993,IF 37715993,3837464376.0,1044
2024-06-30,202406,33132044,IF 33132044,3768703809.0,1045
2024-06-30,202406,12272183,IF 12272183,3740966185.0,1046
2024-06-30,202406,11414839,IF 11414839,3712335827.0,1047
2024-06-30,202406,62109566,IF 62109566,3688934537.0,1048
2024-06-30,202406,02275781,IF 02275781,3666013487.0,1049
2024-06-30,202406,01997612,IF 01997612,3573286959.0,1050
2024-06-30,202406,36321990,IF 36321990,3468918156.0,1051
2024-06-30,202406,89960090,IF 89960090,3454119094.0,1052
2024-06-30,202406,01062439,IF 01062439,3384036701.0,1053
2024-06-30,202406,39738065,IF 39738065,3377850994.0,1054
2024-06-30,202406,88325113,IF 88325113,3316844933.0,1055
2024-06-30,202406,40303299,IF 40303299,3301405893.0,1056
2024-06-30,202406,07853842,IF 07853842,3297510036.0,1057
2024-06-30,202406,35274306,IF 35274306,3293068951.0,1058
2024-06-30,202406,18140913,IF 18140913,3273319544.0,1059
2024-06-30,202406,49288113,IF 49288113,3264468474.0,1060
2024-06-30,202406,02285107,IF 02285107,3234986927.0,1061
2024-06-30,202406,15227994,IF 15227994,3189661961.0,1062
2024-06-30,202406,36947229,IF 36947229,3169290788.0,1063
2024-06-30,202406,40083667,IF 40083667,3152949138.0,1064
2024-06-30,202406,46241852,IF 46241852,3147032267.0,1065
2024-06-30,202406,37470405,IF 37470405,3103445051.0,1066
2024-06-30,202406,48718183,IF 48718183,3098942062.0,1067
2024-06-30,202406,40429946,IF 40429946,3052565786.0,1068
2024-06-30,202406,40276692,IF 40276692,3017569475.0,1069
2024-06-30,202406,02072790,IF 02072790,2994488527.0,1070
2024-06-30,202406,73092827,IF 73092827,2975491351.0,1071
2024-06-30,202406,44746352,IF 44746352,2965441898.0,1072
2024-06-30,202406,44705774,IF 44705774,2962490787.0,1073
2024-06-30,202406,07554076,IF 07554076,2947531736.0,1074
2024-06-30,202406,16564240,IF 16564240,2939988611.0,1075
2024-06-30,202406,01526924,IF 01526924,2917150206.0,1076
2024-06-30,202406,57563728,IF 57563728,2912420539.0,1077
2024-06-30,202406,03535065,IF 03535065,2880510186.0,1078
2024-06-30,202406,04306351,IF 04306351,2860746866.0,1079
2024-06-30,202406,12651789,IF 12651789,2860096935.0,1080
2024-06-30,202406,16944141,IF 16944141,2855530198.0,1081
2024-06-30,202406,16683062,IF 16683062,2847661424.0,1082
2024-06-30,202406,45745537,IF 45745537,2798519484.0,1083
2024-06-30,202406,01667352,IF 01667352,2781626728.0,1084
2024-06-30,202406,04321309,IF 04321309,2773655401.0,1085
2024-06-30,202406,37631058,IF 37631058,2772758907.0,1086
2024-06-30,202406,02904125,IF 02904125,2743568193.0,1087
2024-06-30,202406,30980539,IF 30980539,2735666844.0,1088
2024-06-30,202406,16721078,IF 16721078,2730931474.0,1089
2024-06-30,202406,40269467,IF 40269467,2712185116.0,1090
2024-06-30,202406,23241540,IF 23241540,2701258649.0,1091
2024-06-30,202406,18188384,IF 18188384,2688785713.0,1092
2024-06-30,202406,67915868,IF 67915868,2685145206.0,1093
2024-06-30,202406,00336036,IF 00336036,2659006408.0,1094
2024-06-30,202406,45220646,IF 45220646,2657200907.0,1095
2024-06-30,202406,71432926,IF 71432926,2629576298.0,1096
2024-06-30,202406,63062749,IF 63062749,2623961042.0,1097
2024-06-30,202406,00250699,IF 00250699,2614339469.0,1098
2024-06-30,202406,18587586,IF 18587586,2604805783.0,1099
2024-06-30,202406,11760553,IF 11760553,2603950907.0,1100
2024-06-30,202406,36586946,IF 36586946,2578485384.0,1101
2024-06-30,202406,17364795,IF 17364795,2557074032.0,1102
2024-06-30,202406,08240446,IF 08240446,2519482116.0,1103
2024-06-30,202406,69720894,IF 69720894,2498766949.0,1104
2024-06-30,202406,04414354,IF 04414354,2488714236.0,1105
2024-06-30,202406,03634239,IF 03634239,2477013487.0,1106
2024-06-30,202406,16695922,IF 16695922,2413968327.0,1107
2024-06-30,202406,42880617,IF 42880617,2362487831.0,1108
2024-06-30,202406,37134759,IF 37134759,2352992188.0,1109
2024-06-30,202406,15213150,IF 15213150,2343774937.0,1110
2024-06-30,202406,05040680,IF 05040680,2332104729.0,1111
2024-06-30,202406,15173776,IF 15173776,2295908746.0,1112
2024-06-30,202406,04791645,IF 04791645,2278242424.0,1113
2024-06-30,202406,53846242,IF 53846242,2200942918.0,1114
2024-06-30,202406,04079285,IF 04079285,2180243898.0,1115
2024-06-30,202406,39343350,IF 39343350,2173208712.0,1116
2024-06-30,202406,50735161,IF 50735161,2168791518.0,1117
2024-06-30,202406,39664698,IF 39664698,2161551887.0,1118
2024-06-30,202406,17312661,IF 17312661,2143993567.0,1119
2024-06-30,202406,54335401,IF 54335401,2141810383.0,1120
2024-06-30,202406,17314501,IF 17314501,2133310055.0,1121
2024-06-30,202406,20062766,IF 20062766,2132457526.0,1122
2024-06-30,202406,05548335,IF 05548335,2128928217.0,1123
2024-06-30,202406,04831810,IF 04831810,2124604403.0,1124
2024-06-30,202406,58022195,IF 58022195,2089477724.0,1125
2024-06-30,202406,00946465,IF 00946465,2073926376.0,1126
2024-06-30,202406,05289612,IF 05289612,2038454324.0,1127
2024-06-30,202406,36452762,IF 36452762,2037603034.0,1128
2024-06-30,202406,17352220,IF 17352220,2010721851.0,1129
2024-06-30,202406,03384738,IF 03384738,2005959602.0,1130
2024-06-30,202406,87963450,IF 87963450,2004747199.0,1131
2024-06-30,202406,03058464,IF 03058464,2004469936.0,1132
2024-06-30,202406,44128548,IF 44128548,1993659299.0,1133
2024-06-30,202406,07253654,IF 07253654,1988607999.0,1134
2024-06-30,202406,53505681,IF 53505681,1984305752.0,1135
2024-06-30,202406,04998845,IF 04998845,1967313243.0,1136
2024-06-30,202406,05684234,IF 05684234,1959953451.0,1137
2024-06-30,202406,40475846,IF 40475846,1952099428.0,1138
2024-06-30,202406,01582158,IF 01582158,1950108233.0,1139
2024-06-30,202406,02929977,IF 02929977,1948522672.0,1140
2024-06-30,202406,17508380,IF 17508380,1942134434.0,1141
2024-06-30,202406,30944783,IF 30944783,1919280105.0,1142
2024-06-30,202406,21040668,IF 21040668,1907896055.0,1143
2024-06-30,202406,17502881,IF 17502881,1906710766.0,1144
2024-06-30,202406,53263331,IF 53263331,1855204043.0,1145
2024-06-30,202406,68969625,IF 68969625,1840038693.0,1146
2024-06-30,202406,53184438,IF 53184438,1807044861.0,1147
2024-06-30,202406,18310649,IF 18310649,1792115281.0,1148
2024-06-30,202406,01235921,IF 01235921,1789861307.0,1149
2024-06-30,202406,02083914,IF 02083914,1758390334.0,1150
2024-06-30,202406,59620708,IF 59620708,1757703426.0,1151
2024-06-30,202406,38429045,IF 38429045,1745312624.0,1152
2024-06-30,202406,46743997,IF 46743997,1743533361.0,1153
2024-06-30,202406,18846364,IF 18846364,1716198828.0,1154
2024-06-30,202406,60394079,IF 60394079,1681787612.0,1155
2024-06-30,202406,26758433,IF 26758433,1674271012.0,1156
2024-06-30,202406,32422628,IF 32422628,1670007401.0,1157
2024-06-30,202406,02588819,IF 02588819,1663567616.0,1158
2024-06-30,202406,46403683,IF 46403683,1662821633.0,1159
2024-06-30,202406,05097757,IF 05097757,1662100382.0,1160
2024-06-30,202406,57440521,IF 57440521,1659559822.0,1161
2024-06-30,202406,03317692,IF 03317692,1638390935.0,1162
2024-06-30,202406,73631483,IF 73631483,1637443971.0,1163
2024-06-30,202406,07631026,IF 07631026,1630979573.0,1164
2024-06-30,202406,02814832,IF 02814832,1617567816.0,1165
2024-06-30,202406,06975532,IF 06975532,1616292773.0,1166
2024-06-30,202406,30949267,IF 30949267,1610097235.0,1167
2024-06-30,202406,48430050,IF 48430050,1593454772.0,1168
2024-06-30,202406,62280490,IF 62280490,1568012536.0,1169
2024-06-30,202406,08030215,IF 08030215,1545599364.0,1170
2024-06-30,202406,92675578,IF 92675578,1543186682.0,1171
2024-06-30,202406,42107706,IF 42107706,1526812235.0,1172
2024-06-30,202406,07958405,IF 07958405,1523064914.0,1173
2024-06-30,202406,02115870,IF 02115870,1522069121.0,1174
2024-06-30,202406,42066258,IF 42066258,1489848079.0,1175
2024-06-30,202406,34829992,IF 34829992,1453811749.0,1176
2024-06-30,202406,02031139,IF 02031139,1448637111.0,1177
2024-06-30,202406,03844699,IF 03844699,1448475255.0,1178
2024-06-30,202406,12384953,IF 12384953,1446477807.0,1179
2024-06-30,202406,57545436,IF 57545436,1418190506.0,1180
2024-06-30,202406,03639902,IF 03639902,1415565528.0,1181
2024-06-30,202406,29341260,IF 29341260,1407337433.0,1182
2024-06-30,202406,53146221,IF 53146221,1404358454.0,1183
2024-06-30,202406,27302181,IF 27302181,1395775149.0,1184
2024-06-30,202406,20833976,IF 20833976,1387023296.0,1185
2024-06-30,202406,72600026,IF 72600026,1355473771.0,1186
2024-06-30,202406,01288797,IF 01288797,1348686612.0,1187
2024-06-30,202406,48703388,IF 48703388,1346928422.0,1188
2024-06-30,202406,20622809,IF 20622809,1342539097.0,1189
2024-06-30,202406,16651002,IF 16651002,1332840948.0,1190
2024-06-30,202406,47873449,IF 47873449,1299746019.0,1191
2024-06-30,202406,02232228,IF 02232228,1287544336.0,1192
2024-06-30,202406,48755901,IF 48755901,1279886825.0,1193
2024-06-30,202406,00991739,IF 00991739,1276899124.0,1194
2024-06-30,202406,28979546,IF 28979546,1267125035.0,1195
2024-06-30,202406,02475222,IF 02475222,1229769264.0,1196
2024-06-30,202406,37229413,IF 37229413,1228654364.0,1197
2024-06-30,202406,18684408,IF 18684408,1194576181.0,1198
2024-06-30,202406,33851064,IF 33851064,1193069325.0,1199
2024-06-30,202406,43167610,IF 43167610,1188606699.0,1200
2024-06-30,202406,59305565,IF 59305565,1186277159.0,1201
2024-06-30,202406,44431743,IF 44431743,1183621115.0,1202
2024-06-30,202406,04478231,IF 04478231,1182911434.0,1203
2024-06-30,202406,40353377,IF 40353377,1172622149.0,1204
2024-06-30,202406,45331622,IF 45331622,1145694567.0,1205
2024-06-30,202406,42047025,IF 42047025,1142060357.0,1206
2024-06-30,202406,49091119,IF 49091119,1136132116.0,1207
2024-06-30,202406,47631123,IF 47631123,1134851953.0,1208
2024-06-30,202406,43394419,IF 43394419,1132772884.0,1209
2024-06-30,202406,45756448,IF 45756448,1130566122.0,1210
2024-06-30,202406,57038408,IF 57038408,1127960028.0,1211
2024-06-30,202406,11165756,IF 11165756,1126945517.0,1212
2024-06-30,202406,04525997,IF 04525997,1112577043.0,1213
2024-06-30,202406,47196084,IF 47196084,1103107576.0,1214
2024-06-30,202406,35479592,IF 35479592,1092593117.0,1215
2024-06-30,202406,04608925,IF 04608925,1085211847.0,1216
2024-06-30,202406,32074986,IF 32074986,1058065267.0,1217
2024-06-30,202406,39669186,IF 39669186,1026881279.0,1218
2024-06-30,202406,52623311,IF 52623311,1025274577.0,1219
2024-06-30,202406,44527444,IF 44527444,1018090572.0,1220
2024-06-30,202406,44401800,IF 44401800,1014259259.0,1221
2024-06-30,202406,54733010,IF 54733010,1005468001.0,1222
2024-06-30,202406,44905255,IF 44905255,994523536.0,1223
2024-06-30,202406,04316357,IF 04316357,986975426.0,1224
2024-06-30,202406,01374196,IF 01374196,982554912.0,1225
2024-06-30,202406,08482873,IF 08482873,969923406.0,1226
2024-06-30,202406,43050917,IF 43050917,968668183.0,1227
2024-06-30,202406,35977097,IF 35977097,966587056.0,1228
2024-06-30,202406,46955383,IF 46955383,963362279.0,1229
2024-06-30,202406,76641497,IF 76641497,959373797.0,1230
2024-06-30,202406,20251847,IF 20251847,944993355.0,1231
2024-06-30,202406,04804353,IF 04804353,931774466.0,1232
2024-06-30,202406,73622748,IF 73622748,926651045.0,1233
2024-06-30,202406,06132348,IF 06132348,919090665.0,1234
2024-06-30,202406,18394228,IF 18394228,918703351.0,1235
2024-06-30,202406,51212088,IF 51212088,914432719.0,1236
2024-06-30,202406,71384697,IF 71384697,908885541.0,1237
2024-06-30,202406,45854066,IF 45854066,888785242.0,1238
2024-06-30,202406,00778858,IF 00778858,886075745.0,1239
2024-06-30,202406,57259525,IF 57259525,873114948.0,1240
2024-06-30,202406,73077398,IF 73077398,870820373.0,1241
2024-06-30,202406,45457891,IF 45457891,864131213.0,1242
2024-06-30,202406,43268960,IF 43268960,854507227.0,1243
2024-06-30,202406,04062902,IF 04062902,854174662.0,1244
2024-06-30,202406,49555647,IF 49555647,852115593.0,1245
2024-06-30,202406,37763847,IF 37763847,849352999.0,1246
2024-06-30,202406,28145589,IF 28145589,847036768.0,1247
2024-06-30,202406,52935442,IF 52935442,842164464.0,1248
2024-06-30,202406,00460065,IF 00460065,835722056.0,1249
2024-06-30,202406,06373777,IF 06373777,832496062.0,1250
2024-06-30,202406,57598120,IF 57598120,829569151.0,1251
2024-06-30,202406,00731320,IF 00731320,818619998.0,1252
2024-06-30,202406,49947715,IF 49947715,816961975.0,1253
2024-06-30,202406,42100982,IF 42100982,816536948.0,1254
2024-06-30,202406,07693858,IF 07693858,813437705.0,1255
2024-06-30,202406,45045671,IF 45045671,809071492.0,1256
2024-06-30,202406,38593706,IF 38593706,804525924.0,1257
2024-06-30,202406,01709266,IF 01709266,801478808.0,1258
2024-06-30,202406,96409263,IF 96409263,801038168.0,1259
2024-06-30,202406,34666362,IF 34666362,797255621.0,1260
2024-06-30,202406,45860531,IF 45860531,789313731.0,1261
2024-06-30,202406,05841967,IF 05841967,786203663.0,1262
2024-06-30,202406,92236777,IF 92236777,784299879.0,1263
2024-06-30,202406,92825397,IF 92825397,750845254.0,1264
2024-06-30,202406,00714671,IF 00714671,749322544.0,1265
2024-06-30,202406,21995256,IF 21995256,740345397.0,1266
2024-06-30,202406,33850686,IF 33850686,737663186.0,1267
2024-06-30,202406,48140925,IF 48140925,734886265.0,1268
2024-06-30,202406,44650156,IF 44650156,730040914.0,1269
2024-06-30,202406,17826860,IF 17826860,717468151.0,1270
2024-06-30,202406,17343682,IF 17343682,716824284.0,1271
2024-06-30,202406,47593544,IF 47593544,711230509.0,1272
2024-06-30,202406,73302408,IF 73302408,706305979.0,1273
2024-06-30,202406,46026562,IF 46026562,705823979.0,1274
2024-06-30,202406,36266751,IF 36266751,699981899.0,1275
2024-06-30,202406,41219353,IF 41219353,696310407.0,1276
2024-06-30,202406,40333582,IF 40333582,695421614.0,1277
2024-06-30,202406,06077760,IF 06077760,674875463.0,1278
2024-06-30,202406,17607375,IF 17607375,672293317.0,1279
2024-06-30,202406,43446335,IF 43446335,655831878.0,1280
2024-06-30,202406,00141155,IF 00141155,652781593.0,1281
2024-06-30,202406,05969937,IF 05969937,652162756.0,1282
2024-06-30,202406,30183111,IF 30183111,650301858.0,1283
2024-06-30,202406,17904906,IF 17904906,646724125.0,1284
2024-06-30,202406,15482499,IF 15482499,636380379.0,1285
2024-06-30,202406,05419025,IF 05419025,615363798.0,1286
2024-06-30,202406,53932869,IF 53932869,614969561.0,1287
2024-06-30,202406,05048575,IF 05048575,613744875.0,1288
2024-06-30,202406,02276653,IF 02276653,611826636.0,1289
2024-06-30,202406,42622791,IF 42622791,607178731.0,1290
2024-06-30,202406,76621457,IF 76621457,603965724.0,1291
2024-06-30,202406,17312083,IF 17312083,597487237.0,1292
2024-06-30,202406,11758741,IF 11758741,596861063.0,1293
2024-06-30,202406,34335592,IF 34335592,595314983.0,1294
2024-06-30,202406,19086249,IF 19086249,593914425.0,1295
2024-06-30,202406,19495266,IF 19495266,585458373.0,1296
2024-06-30,202406,91018408,IF 91018408,581934256.0,1297
2024-06-30,202406,33890605,IF 33890605,581121395.0,1298
2024-06-30,202406,53272365,IF 53272365,579047385.0,1299
2024-06-30,202406,02671743,IF 02671743,578843967.0,1300
2024-06-30,202406,48584954,IF 48584954,575676299.0,1301
2024-06-30,202406,01504952,IF 01504952,570341198.0,1302
2024-06-30,202406,67031757,IF 67031757,568882324.0,1303
2024-06-30,202406,10789035,IF 10789035,567342136.0,1304
2024-06-30,202406,53800488,IF 53800488,564862294.0,1305
2024-06-30,202406,00999403,IF 00999403,560603432.0,1306
2024-06-30,202406,94968518,IF 94968518,556247143.0,1307
2024-06-30,202406,51342763,IF 51342763,553141076.0,1308
2024-06-30,202406,01819799,IF 01819799,541324719.0,1309
2024-06-30,202406,88952130,IF 88952130,540260828.0,1310
2024-06-30,202406,42963742,IF 42963742,528915385.0,1311
2024-06-30,202406,04684647,IF 04684647,526602477.0,1312
2024-06-30,202406,37678915,IF 37678915,524646142.0,1313
2024-06-30,202406,05740092,IF 05740092,520327389.0,1314
2024-06-30,202406,02541707,IF 02541707,517129703.0,1315
2024-06-30,202406,57996878,IF 57996878,516193787.0,1316
2024-06-30,202406,44223196,IF 44223196,513663895.0,1317
2024-06-30,202406,48528314,IF 48528314,512920134.0,1318
2024-06-30,202406,62795257,IF 62795257,508902177.0,1319
2024-06-30,202406,62237649,IF 62237649,507364266.0,1320
2024-06-30,202406,12063256,IF 12063256,502866332.0,1321
2024-06-30,202406,03990888,IF 03990888,493916907.0,1322
2024-06-30,202406,51118718,IF 51118718,492092393.0,1323
2024-06-30,202406,48176336,IF 48176336,484010021.0,1324
2024-06-30,202406,51834986,IF 51834986,482417393.0,1325
2024-06-30,202406,03575699,IF 03575699,482218752.0,1326
2024-06-30,202406,65645137,IF 65645137,475596519.0,1327
2024-06-30,202406,33817677,IF 33817677,470831068.0,1328
2024-06-30,202406,72952138,IF 72952138,469133981.0,1329
2024-06-30,202406,01864151,IF 01864151,469013721.0,1330
2024-06-30,202406,44077014,IF 44077014,464543235.0,1331
2024-06-30,202406,43060029,IF 43060029,463151942.0,1332
2024-06-30,202406,69136075,IF 69136075,460356457.0,1333
2024-06-30,202406,37526080,IF 37526080,456092834.0,1334
2024-06-30,202406,50579044,IF 50579044,452575684.0,1335
2024-06-30,202406,30304919,IF 30304919,450588746.0,1336
2024-06-30,202406,44728700,IF 44728700,445056442.0,1337
2024-06-30,202406,02230138,IF 02230138,444952365.0,1338
2024-06-30,202406,39676772,IF 39676772,439935222.0,1339
2024-06-30,202406,30586895,IF 30586895,423824275.0,1340
2024-06-30,202406,25674235,IF 25674235,419090964.0,1341
2024-06-30,202406,04995006,IF 04995006,418817083.0,1342
2024-06-30,202406,09210106,IF 09210106,413203516.0,1343
2024-06-30,202406,28885036,IF 28885036,410050718.0,1344
2024-06-30,202406,18287740,IF 18287740,405781469.0,1345
2024-06-30,202406,38129006,IF 38129006,400064391.0,1346
2024-06-30,202406,34846868,IF 34846868,395740636.0,1347
2024-06-30,202406,49889190,IF 49889190,394697082.0,1348
2024-06-30,202406,05442029,IF 05442029,393706651.0,1349
2024-06-30,202406,05747018,IF 05747018,392081405.0,1350
2024-06-30,202406,31746993,IF 31746993,387990755.0,1351
2024-06-30,202406,03973814,IF 03973814,387580281.0,1352
2024-06-30,202406,34254279,IF 34254279,379539446.0,1353
2024-06-30,202406,51556307,IF 51556307,375152646.0,1354
2024-06-30,202406,21130869,IF 21130869,371248724.0,1355
2024-06-30,202406,62284385,IF 62284385,370686626.0,1356
2024-06-30,202406,01551820,IF 01551820,362351929.0,1357
2024-06-30,202406,24235459,IF 24235459,361517006.0,1358
2024-06-30,202406,45068632,IF 45068632,356812675.0,1359
2024-06-30,202406,02869663,IF 02869663,356219397.0,1360
2024-06-30,202406,46505612,IF 46505612,355071398.0,1361
2024-06-30,202406,51604356,IF 51604356,354176945.0,1362
2024-06-30,202406,17411307,IF 17411307,353128635.0,1363
2024-06-30,202406,38146949,IF 38146949,350286591.0,1364
2024-06-30,202406,10749264,IF 10749264,348826849.0,1365
2024-06-30,202406,00548980,IF 00548980,347958193.0,1366
2024-06-30,202406,48529228,IF 48529228,345892026.0,1367
2024-06-30,202406,90278987,IF 90278987,343867162.0,1368
2024-06-30,202406,03400651,IF 03400651,342735141.0,1369
2024-06-30,202406,44478623,IF 44478623,338334512.0,1370
2024-06-30,202406,47227569,IF 47227569,329494984.0,1371
2024-06-30,202406,01107759,IF 01107759,328271582.0,1372
2024-06-30,202406,03674133,IF 03674133,323778362.0,1373
2024-06-30,202406,09128022,IF 09128022,323320721.0,1374
2024-06-30,202406,49931906,IF 49931906,323031574.0,1375
2024-06-30,202406,47944277,IF 47944277,313471281.0,1376
2024-06-30,202406,48756121,IF 48756121,309451915.0,1377
2024-06-30,202406,48721937,IF 48721937,306578669.0,1378
2024-06-30,202406,28244622,IF 28244622,303660465.0,1379
2024-06-30,202406,67600379,IF 67600379,301582391.0,1380
2024-06-30,202406,21597133,IF 21597133,296355556.0,1381
2024-06-30,202406,42723848,IF 42723848,296283947.0,1382
2024-06-30,202406,97447304,IF 97447304,295075378.0,1383
2024-06-30,202406,43438662,IF 43438662,293712105.0,1384
2024-06-30,202406,02723075,IF 02723075,293540273.0,1385
2024-06-30,202406,07651495,IF 07651495,292225026.0,1386
2024-06-30,202406,24361690,IF 24361690,278795394.0,1387
2024-06-30,202406,02192115,IF 02192115,275995394.0,1388
2024-06-30,202406,28762249,IF 28762249,267017533.0,1389
2024-06-30,202406,61723847,IF 61723847,265469764.0,1390
2024-06-30,202406,67341487,IF 67341487,265029651.0,1391
2024-06-30,202406,73279093,IF 73279093,263206335.0,1392
2024-06-30,202406,42445122,IF 42445122,262497251.0,1393
2024-06-30,202406,05331882,IF 05331882,262196863.0,1394
2024-06-30,202406,23010182,IF 23010182,261598209.0,1395
2024-06-30,202406,20158571,IF 20158571,260520693.0,1396
2024-06-30,202406,18145784,IF 18145784,256693834.0,1397
2024-06-30,202406,42259084,IF 42259084,256346313.0,1398
2024-06-30,202406,02910387,IF 02910387,250790581.0,1399
2024-06-30,202406,47438068,IF 47438068,250674595.0,1400
2024-06-30,202406,05658367,IF 05658367,248238737.0,1401
2024-06-30,202406,44683140,IF 44683140,248151781.0,1402
2024-06-30,202406,02927433,IF 02927433,244951562.0,1403
2024-06-30,202406,51414521,IF 51414521,238005589.0,1404
2024-06-30,202406,42926025,IF 42926025,233897934.0,1405
2024-06-30,202406,43182278,IF 43182278,233535649.0,1406
2024-06-30,202406,41592532,IF 41592532,231448317.0,1407
2024-06-30,202406,34978626,IF 34978626,229147177.0,1408
2024-06-30,202406,25280945,IF 25280945,226260425.0,1409
2024-06-30,202406,07327045,IF 07327045,226104978.0,1410
2024-06-30,202406,88183173,IF 88183173,221726396.0,1411
2024-06-30,202406,34190991,IF 34190991,217423535.0,1412
2024-06-30,202406,11356599,IF 11356599,216215039.0,1413
2024-06-30,202406,50946592,IF 50946592,215422988.0,1414
2024-06-30,202406,44019481,IF 44019481,210255493.0,1415
2024-06-30,202406,05591437,IF 05591437,208472016.0,1416
2024-06-30,202406,49241570,IF 49241570,207237423.0,1417
2024-06-30,202406,40112555,IF 40112555,206726085.0,1418
2024-06-30,202406,68742204,IF 68742204,206081112.0,1419
2024-06-30,202406,49933388,IF 49933388,205146501.0,1420
2024-06-30,202406,45716916,IF 45716916,202867553.0,1421
2024-06-30,202406,04152107,IF 04152107,200726721.0,1422
2024-06-30,202406,27348513,IF 27348513,199616491.0,1423
2024-06-30,202406,08931800,IF 08931800,197734256.0,1424
2024-06-30,202406,15122605,IF 15122605,197656021.0,1425
2024-06-30,202406,47133056,IF 47133056,195793009.0,1426
2024-06-30,202406,00881829,IF 00881829,194641663.0,1427
2024-06-30,202406,43730498,IF 43730498,192708773.0,1428
2024-06-30,202406,00129753,IF 00129753,192596645.0,1429
2024-06-30,202406,35911258,IF 35911258,190816251.0,1430
2024-06-30,202406,02738981,IF 02738981,187059001.0,1431
2024-06-30,202406,44815065,IF 44815065,185496268.0,1432
2024-06-30,202406,35340796,IF 35340796,184330431.0,1433
2024-06-30,202406,47215387,IF 47215387,184187881.0,1434
2024-06-30,202406,53841911,IF 53841911,181765103.0,1435
2024-06-30,202406,77162881,IF 77162881,179767597.0,1436
2024-06-30,202406,88043187,IF 88043187,179666652.0,1437
2024-06-30,202406,32192325,IF 32192325,176696564.0,1438
2024-06-30,202406,06942423,IF 06942423,173915167.0,1439
2024-06-30,202406,44353942,IF 44353942,173542462.0,1440
2024-06-30,202406,39416705,IF 39416705,172718505.0,1441
2024-06-30,202406,04849745,IF 04849745,172323876.0,1442
2024-06-30,202406,16854999,IF 16854999,168112258.0,1443
2024-06-30,202406,48751854,IF 48751854,166711954.0,1444
2024-06-30,202406,04249235,IF 04249235,166096619.0,1445
2024-06-30,202406,68314921,IF 68314921,165194337.0,1446
2024-06-30,202406,50053267,IF 50053267,165013492.0,1447
2024-06-30,202406,44782130,IF 44782130,164146795.0,1448
2024-06-30,202406,44471172,IF 44471172,163461513.0,1449
2024-06-30,202406,34265629,IF 34265629,162870894.0,1450
2024-06-30,202406,51118615,IF 51118615,160950885.0,1451
2024-06-30,202406,28048783,IF 28048783,160409315.0,1452
2024-06-30,202406,72556996,IF 72556996,159561199.0,1453
2024-06-30,202406,04772908,IF 04772908,159352448.0,1454
2024-06-30,202406,20269566,IF 20269566,159107131.0,1455
2024-06-30,202406,52137361,IF 52137361,158191338.0,1456
2024-06-30,202406,44564204,IF 44564204,157011462.0,1457
2024-06-30,202406,49035310,IF 49035310,151094853.0,1458
2024-06-30,202406,07397614,IF 07397614,150928075.0,1459
2024-06-30,202406,75174953,IF 75174953,150369538.0,1460
2024-06-30,202406,01301541,IF 01301541,148495297.0,1461
2024-06-30,202406,43010260,IF 43010260,146587398.0,1462
2024-06-30,202406,44921281,IF 44921281,145056832.0,1463
2024-06-30,202406,50032584,IF 50032584,144814236.0,1464
2024-06-30,202406,18340695,IF 18340695,143814306.0,1465
2024-06-30,202406,34831910,IF 34831910,143469496.0,1466
2024-06-30,202406,39321657,IF 39321657,143445585.0,1467
2024-06-30,202406,48703302,IF 48703302,141782453.0,1468
2024-06-30,202406,48632754,IF 48632754,141126202.0,1469
2024-06-30,202406,40819834,IF 40819834,138609171.0,1470
2024-06-30,202406,44475245,IF 44475245,138282468.0,1471
2024-06-30,202406,48967968,IF 48967968,138231988.0,1472
2024-06-30,202406,41791005,IF 41791005,138214061.0,1473
2024-06-30,202406,17772370,IF 17772370,134676451.0,1474
2024-06-30,202406,44154779,IF 44154779,133167123.0,1475
2024-06-30,202406,96477906,IF 96477906,132903293.0,1476
2024-06-30,202406,05669150,IF 05669150,132427024.0,1477
2024-06-30,202406,57987273,IF 57987273,132238899.0,1478
2024-06-30,202406,05424088,IF 05424088,131177526.0,1479
2024-06-30,202406,34088029,IF 34088029,131016960.0,1480
2024-06-30,202406,06369729,IF 06369729,130676679.0,1481
2024-06-30,202406,10548608,IF 10548608,130560352.0,1482
2024-06-30,202406,29985421,IF 29985421,130553449.0,1483
2024-06-30,202406,20177390,IF 20177390,127914186.0,1484
2024-06-30,202406,03685335,IF 03685335,126464062.0,1485
2024-06-30,202406,34139916,IF 34139916,126074662.0,1486
2024-06-30,202406,45341994,IF 45341994,125168295.0,1487
2024-06-30,202406,42627615,IF 42627615,125004205.0,1488
2024-06-30,202406,41349521,IF 41349521,124347629.0,1489
2024-06-30,202406,50626276,IF 50626276,123365335.0,1490
2024-06-30,202406,44064068,IF 44064068,122973064.0,1491
2024-06-30,202406,03657230,IF 03657230,121380833.0,1492
2024-06-30,202406,03635061,IF 03635061,120980958.0,1493
2024-06-30,202406,33735192,IF 33735192,120517920.0,1494
2024-06-30,202406,40867163,IF 40867163,120485084.0,1495
2024-06-30,202406,42258376,IF 42258376,119338954.0,1496
2024-06-30,202406,48707451,IF 48707451,119058303.0,1497
2024-06-30,202406,65635377,IF 65635377,115443719.0,1498
2024-06-30,202406,37555231,IF 37555231,114545923.0,1499
2024-06-30,202406,71965313,IF 71965313,113479021.0,1500
2024-06-30,202406,43978697,IF 43978697,113043207.0,1501
2024-06-30,202406,24537861,IF 24537861,112337354.0,1502
2024-06-30,202406,27842177,IF 27842177,112239351.0,1503
2024-06-30,202406,48786608,IF 48786608,112102524.0,1504
2024-06-30,202406,04223451,IF 04223451,110811462.0,1505
2024-06-30,202406,10853017,IF 10853017,108591035.0,1506
2024-06-30,202406,00968834,IF 00968834,107639622.0,1507
2024-06-30,202406,02447184,IF 02447184,105972374.0,1508
2024-06-30,202406,35534511,IF 35534511,105890951.0,1509
2024-06-30,202406,43561343,IF 43561343,104870267.0,1510
2024-06-30,202406,42064545,IF 42064545,104242619.0,1511
2024-06-30,202406,47825528,IF 47825528,103686017.0,1512
2024-06-30,202406,49204605,IF 49204605,102738070.0,1513
2024-06-30,202406,15168152,IF 15168152,102308161.0,1514
2024-06-30,202406,07333726,IF 07333726,100467059.0,1515
2024-06-30,202406,45056494,IF 45056494,99391994.0,1516
2024-06-30,202406,44292580,IF 44292580,98640358.0,1517
2024-06-30,202406,41146382,IF 41146382,95176253.0,1518
2024-06-30,202406,90560434,IF 90560434,94796886.0,1519
2024-06-30,202406,02104058,IF 02104058,94125667.0,1520
2024-06-30,202406,05746715,IF 05746715,92796570.0,1521
2024-06-30,202406,80202872,IF 80202872,89258429.0,1522
2024-06-30,202406,89784367,IF 89784367,84533913.0,1523
2024-06-30,202406,08430732,IF 08430732,77881490.0,1524
2024-06-30,202406,28435685,IF 28435685,75765611.0,1525
2024-06-30,202406,14190547,IF 14190547,75717923.0,1526
2024-06-30,202406,71502181,IF 71502181,75252648.0,1527
2024-06-30,202406,46130566,IF 46130566,74863895.0,1528
2024-06-30,202406,20833992,IF 20833992,74622426.0,1529
2024-06-30,202406,10280601,IF 10280601,74179341.0,1530
2024-06-30,202406,00512839,IF 00512839,74138364.0,1531
2024-06-30,202406,48172860,IF 48172860,69948933.0,1532
2024-06-30,202406,25104230,IF 25104230,69004135.0,1533
2024-06-30,202406,00913314,IF 00913314,68001567.0,1534
2024-06-30,202406,03219207,IF 03219207,66630351.0,1535
2024-06-30,202406,03165497,IF 03165497,64887545.0,1536
2024-06-30,202406,03422007,IF 03422007,62399741.0,1537
2024-06-30,202406,15761217,IF 15761217,61847386.0,1538
2024-06-30,202406,64835226,IF 64835226,61823727.0,1539
2024-06-30,202406,03443143,IF 03443143,59978202.0,1540
2024-06-30,202406,15489568,IF 15489568,56350414.0,1541
2024-06-30,202406,55319370,IF 55319370,55239555.0,1542
2024-06-30,202406,04158581,IF 04158581,54492914.0,1543
2024-06-30,202406,08520517,IF 08520517,47445202.0,1544
2024-06-30,202406,15077393,IF 15077393,46155321.0,1545
2024-06-30,202406,26615279,IF 26615279,44291617.0,1546
2024-06-30,202406,62264924,IF 62264924,43562563.0,1547
2024-06-30,202406,37414009,IF 37414009,40774178.0,1548
2024-06-30,202406,17635177,IF 17635177,36472285.0,1549
2024-06-30,202406,52690487,IF 52690487,34800189.0,1550
2024-06-30,202406,45597546,IF 45597546,32562769.0,1551
2024-06-30,202406,62605290,IF 62605290,28973672.0,1552
2024-06-30,202406,71491609,IF 71491609,28543602.0,1553
2024-06-30,202406,07945233,IF 07945233,23811092.0,1554
2024-06-30,202406,52440987,IF 52440987,23718522.0,1555
2024-06-30,202406,02850075,IF 02850075,22824599.0,1556
2024-06-30,202406,39431423,IF 39431423,22416846.0,1557
2024-06-30,202406,43215815,IF 43215815,21442457.0,1558
2024-06-30,202406,19324634,IF 19324634,18484435.0,1559
2024-06-30,202406,44459799,IF 44459799,17009235.0,1560
2024-06-30,202406,37800856,IF 37800856,16785768.0,1561
2024-06-30,202406,53575491,IF 53575491,16265167.0,1562
2024-06-30,202406,30138226,IF 30138226,12262085.0,1563
2024-06-30,202406,71590442,IF 71590442,12164192.0,1564
2024-06-30,202406,41560568,IF 41560568,11380040.0,1565
2024-06-30,202406,10013534,IF 10013534,0.0,1566
2024-06-30,202406,31818873,IF 31818873,0.0,1566
2024-09-30,202409,00000000,IF 00000000,235207457399175.0,1
2024-09-30,202409,00360305,Itaú Unibanco S.A.,198213914339029.0,2
2024-09-30,202409,60746948,Caixa Econômica Federal,164699089401555.0,3
2024-09-30,202409,90400888,Banco Bradesco S.A.,122780870395586.0,4
2024-09-30,202409,33657248,Banco Santander (Brasil) S.A.,80156081821325.0,5
2024-09-30,202409,30306294,BNDES,46087219417385.0,6
2024-09-30,202409,60872504,Banco BTG Pactual S.A.,41705706514166.0,7
2024-09-30,202409,58160789,Banco Safra S.A.,27778773488087.0,8
2024-09-30,202409,60701190,Banco do Brasil S.A.,20830414839780.0,9
2024-09-30,202409,33479023,Sicoob,19897833016128.0,10
2024-09-30,202409,01181521,Banco do Nordeste do Brasil S.A.,18419622732171.0,11
2024-09-30,202409,30680829,Citibank N.A.,15724375921866.0,12
2024-09-30,202409,33264668,Bradesco Financiamentos S.A.,15686469023916.0,13
2024-09-30,202409,02038232,Banco BBM S.A.,15222883724471.0,14
2024-09-30,202409,92702067,Banco Daycoval S.A.,14024327544581.0,15
2024-09-30,202409,59588111,Banco Votorantim S.A.,13864101873269.0,16
2024-09-30,202409,02332886,XP Investimentos Corretora de Câmbio Títulos e Valores Mobiliários S.A.,12747611901617.0,17
2024-09-30,202409,01425787,Banco ABC Brasil S.A.,12474031593088.0,18
2024-09-30,202409,01027058,Banco Mercantil do Brasil S.A.,10468819437279.0,19
2024-09-30,202409,18236120,Banco Ourinvest S.A.,8342649857926.0,20
2024-09-30,202409,07707650,Banco Modal S.A.,7742964169468.0,21
2024-09-30,202409,62232889,Banco Inter S.A.,7417931423345.0,22
2024-09-30,202409,07237373,Banco do Estado do Pará S.A.,7055924025473.0,23
2024-09-30,202409,00416968,Banco da Amazônia S.A.,6739836937811.0,24
2024-09-30,202409,59285411,Banco do Estado do Amazonas S.A.,6716085752608.0,25
2024-09-30,202409,31872495,Banco Fibra S.A.,6580959920652.0,26
2024-09-30,202409,28195667,IF 28195667,6405885235528.0,27
2024-09-30,202409,10440482,Banco do Estado do Rio Grande do Sul S.A.,6403027056031.0,28
2024-09-30,202409,33923798,IF 33923798,5833536753498.0,29
2024-09-30,202409,07207996,IF 07207996,5815413982382.0,30
2024-09-30,202409,08561701,Banco do Estado do Espírito Santo S.A.,5508335130893.0,31
2024-09-30,202409,16501555,IF 16501555,5347800425141.0,32
2024-09-30,202409,04902979,IF 04902979,5256730835623.0,33
2024-09-30,202409,59109165,IF 59109165,4900141765419.0,34
2024-09-30,202409,10573521,IF 10573521,4787185016183.0,35
2024-09-30,202409,61186680,IF 61186680,4739835808176.0,36
2024-09-30,202409,04332281,IF 04332281,4526638282254.0,37
2024-09-30,202409,60498557,IF 60498557,3928715337888.0,38
2024-09-30,202409,33885724,IF 33885724,3877933549992.0,39
2024-09-30,202409,62073200,IF 62073200,3780069642219.0,40
2024-09-30,202409,28127603,IF 28127603,3760546292256.0,41
2024-09-30,202409,61088183,IF 61088183,3467043873448.0,42
2024-09-30,202409,61348538,IF 61348538,3339292532777.0,43
2024-09-30,202409,03751794,IF 03751794,3264838674263.0,44
2024-09-30,202409,31597552,IF 31597552,2983764381182.0,45
2024-09-30,202409,61533584,IF 61533584,2807482368151.0,46
2024-09-30,202409,75647891,IF 75647891,2766632971331.0,47
2024-09-30,202409,15114366,IF 15114366,2752953039757.0,48
2024-09-30,202409,33042953,IF 33042953,2695549687633.0,49
2024-09-30,202409,02992446,IF 02992446,2630271046227.0,50
2024-09-30,202409,10664513,IF 10664513,2623184638185.0,51
2024-09-30,202409,62144175,IF 62144175,2557589145478.0,52
2024-09-30,202409,92894922,IF 92894922,2476234945107.0,53
2024-09-30,202409,17184037,IF 17184037,2431822284619.0,54
2024-09-30,202409,27098060,IF 27098060,2204541060871.0,55
2024-09-30,202409,09516419,IF 09516419,2105860015335.0,56
2024-09-30,202409,53518684,IF 53518684,2017067236833.0,57
2024-09-30,202409,60814191,IF 60814191,2010418748196.0,58
2024-09-30,202409,60770336,IF 60770336,1990474607258.0,59
2024-09-30,202409,02801938,IF 02801938,1978066234917.0,60
2024-09-30,202409,08357240,IF 08357240,1966854939703.0,61
2024-09-30,202409,33987793,IF 33987793,1953175864055.0,62
2024-09-30,202409,62331228,IF 62331228,1895698869188.0,63
2024-09-30,202409,04913711,IF 04913711,1848808778783.0,64
2024-09-30,202409,02206577,IF 02206577,1848066844608.0,65
2024-09-30,202409,80160260,IF 80160260,1823716066133.0,66
2024-09-30,202409,46743943,IF 46743943,1787312219317.0,67
2024-09-30,202409,00309024,IF 00309024,1782464202755.0,68
2024-09-30,202409,04862600,IF 04862600,1766250043874.0,69
2024-09-30,202409,47509120,IF 47509120,1706924698432.0,70
2024-09-30,202409,33172537,Banco Pan S.A.,1692585671083.0,71
2024-09-30,202409,58616418,IF 58616418,1687486736287.0,72
2024-09-30,202409,29030467,IF 29030467,1679698477161.0,73
2024-09-30,202409,58017179,IF 58017179,1648896090399.0,74
2024-09-30,202409,60889128,IF 60889128,1645561102788.0,75
2024-09-30,202409,47193149,IF 47193149,1616212910711.0,76
2024-09-30,202409,54037916,IF 54037916,1612448581422.0,77
2024-09-30,202409,11417016,IF 11417016,1598762352403.0,78
2024-09-30,202409,05040481,IF 05040481,1582229690133.0,79
2024-09-30,202409,07450604,IF 07450604,1567117763853.0,80
2024-09-30,202409,59274605,IF 59274605,1564966296573.0,81
2024-09-30,202409,01701201,IF 01701201,1503121914193.0,82
2024-09-30,202409,63917579,IF 63917579,1502244224195.0,83
2024-09-30,202409,17157777,IF 17157777,1487572982047.0,84
2024-09-30,202409,04184779,IF 04184779,1436069677929.0,85
2024-09-30,202409,03012230,IF 03012230,1424147411622.0,86
2024-09-30,202409,23862762,IF 23862762,1419551959267.0,87
2024-09-30,202409,82639451,IF 82639451,1397914040946.0,88
2024-09-30,202409,06271464,IF 06271464,1327482053284.0,89
2024-09-30,202409,09526594,IF 09526594,1276008714018.0,90
2024-09-30,202409,01401771,IF 01401771,1275374010522.0,91
2024-09-30,202409,13220493,IF 13220493,1263079122295.0,92
2024-09-30,202409,71328769,IF 71328769,1255527314655.0,93
2024-09-30,202409,74014747,IF 74014747,1243627345509.0,94
2024-09-30,202409,03215790,IF 03215790,1242973578672.0,95
2024-09-30,202409,79342069,IF 79342069,1204426766454.0,96
2024-09-30,202409,32428294,IF 32428294,1202526875857.0,97
2024-09-30,202409,62307848,IF 62307848,1178548917277.0,98
2024-09-30,202409,00655522,IF 00655522,1144280093133.0,99
2024-09-30,202409,26529420,IF 26529420,1136673340583.0,100
2024-09-30,202409,05463212,IF 05463212,1118052853728.0,101
2024-09-30,202409,81099491,IF 81099491,1040134983703.0,102
2024-09-30,202409,87437687,IF 87437687,1021669160332.0,103
2024-09-30,202409,01522368,Banco C6 S.A.,1018693549113.0,104
2024-09-30,202409,13009717,IF 13009717,994252393424.0,105
2024-09-30,202409,90608712,IF 90608712,979688961694.0,106
2024-09-30,202409,38486817,IF 38486817,967729804369.0,107
2024-09-30,202409,78414067,IF 78414067,967422587688.0,108
2024-09-30,202409,37679449,IF 37679449,959469603411.0,109
2024-09-30,202409,81466286,IF 81466286,957395104591.0,110
2024-09-30,202409,91586982,IF 91586982,952213350875.0,111
2024-09-30,202409,92874270,IF 92874270,911731401413.0,112
2024-09-30,202409,78825270,IF 78825270,909989460937.0,113
2024-09-30,202409,17167412,IF 17167412,891951575168.0,114
2024-09-30,202409,06881898,IF 06881898,886668101879.0,115
2024-09-30,202409,10866788,IF 10866788,885870051255.0,116
2024-09-30,202409,01858774,IF 01858774,883206871964.0,117
2024-09-30,202409,88894548,IF 88894548,853192660776.0,118
2024-09-30,202409,22896431,IF 22896431,848482657128.0,119
2024-09-30,202409,37395399,IF 37395399,839834968774.0,120
2024-09-30,202409,02398976,IF 02398976,839820868796.0,121
2024-09-30,202409,61024352,IF 61024352,822840523084.0,122
2024-09-30,202409,43815158,IF 43815158,810731653188.0,123
2024-09-30,202409,04866275,IF 04866275,808425115029.0,124
2024-09-30,202409,03634220,IF 03634220,799590904372.0,125
2024-09-30,202409,04740876,IF 04740876,789811297524.0,126
2024-09-30,202409,32995755,IF 32995755,789445372113.0,127
2024-09-30,202409,15124464,IF 15124464,779901704602.0,128
2024-09-30,202409,71027866,IF 71027866,769352540767.0,129
2024-09-30,202409,24654881,IF 24654881,748591514758.0,130
2024-09-30,202409,61194353,IF 61194353,746030270982.0,131
2024-09-30,202409,28517628,IF 28517628,745684766881.0,132
2024-09-30,202409,87780268,IF 87780268,736563912508.0,133
2024-09-30,202409,32345784,IF 32345784,736227438924.0,134
2024-09-30,202409,15581638,IF 15581638,730545677697.0,135
2024-09-30,202409,42898825,IF 42898825,726140604536.0,136
2024-09-30,202409,03502961,IF 03502961,721225572995.0,137
2024-09-30,202409,26408161,IF 26408161,710373048985.0,138
2024-09-30,202409,80230774,IF 80230774,706827127308.0,139
2024-09-30,202409,92228410,IF 92228410,704206290265.0,140
2024-09-30,202409,34111187,IF 34111187,701615111864.0,141
2024-09-30,202409,03632872,IF 03632872,700337971743.0,142
2024-09-30,202409,88038260,IF 88038260,695557634757.0,143
2024-09-30,202409,04243780,IF 04243780,680208203756.0,144
2024-09-30,202409,60779196,IF 60779196,663230812854.0,145
2024-09-30,202409,00543968,IF 00543968,651917137521.0,146
2024-09-30,202409,30172491,IF 30172491,625332692953.0,147
2024-09-30,202409,10878448,IF 10878448,594515982406.0,148
2024-09-30,202409,27351731,IF 27351731,594101917463.0,149
2024-09-30,202409,00815319,IF 00815319,591100704369.0,150
2024-09-30,202409,43180355,IF 43180355,587140623643.0,151
2024-09-30,202409,55230916,IF 55230916,585275608213.0,152
2024-09-30,202409,02658435,IF 02658435,585055511629.0,153
2024-09-30,202409,09464032,IF 09464032,580830057391.0,154
2024-09-30,202409,33147315,IF 33147315,564872120605.0,155
2024-09-30,202409,89126130,IF 89126130,564395368592.0,156
2024-09-30,202409,20855875,IF 20855875,562964900139.0,157
2024-09-30,202409,33416108,IF 33416108,556888834339.0,158
2024-09-30,202409,00000208,IF 00000208,554541060296.0,159
2024-09-30,202409,21198087,IF 21198087,551473118741.0,160
2024-09-30,202409,31546476,IF 31546476,549227680275.0,161
2024-09-30,202409,03017677,IF 03017677,543567440627.0,162
2024-09-30,202409,24795049,IF 24795049,540758503911.0,163
2024-09-30,202409,37442605,IF 37442605,534034148462.0,164
2024-09-30,202409,04962772,IF 04962772,533663794571.0,165
2024-09-30,202409,30723886,IF 30723886,531713073026.0,166
2024-09-30,202409,33021064,IF 33021064,531004267818.0,167
2024-09-30,202409,24933830,IF 24933830,522367258506.0,168
2024-09-30,202409,01023570,IF 01023570,520136464366.0,169
2024-09-30,202409,81607046,IF 81607046,518810972215.0,170
2024-09-30,202409,07202627,IF 07202627,518263325359.0,171
2024-09-30,202409,33868597,IF 33868597,515852807626.0,172
2024-09-30,202409,92934215,IF 92934215,505356276515.0,173
2024-09-30,202409,87795639,IF 87795639,505051736298.0,174
2024-09-30,202409,22610500,IF 22610500,496708456605.0,175
2024-09-30,202409,03459850,IF 03459850,495525298922.0,176
2024-09-30,202409,33667205,IF 33667205,489510508701.0,177
2024-09-30,202409,87733770,IF 87733770,486805960518.0,178
2024-09-30,202409,03566655,IF 03566655,484516848418.0,179
2024-09-30,202409,62063177,IF 62063177,484386622371.0,180
2024-09-30,202409,11285104,IF 11285104,482280162648.0,181
2024-09-30,202409,81723108,IF 81723108,480945201449.0,182
2024-09-30,202409,32588139,IF 32588139,480888558302.0,183
2024-09-30,202409,89468565,IF 89468565,480244007382.0,184
2024-09-30,202409,53505601,IF 53505601,471043237964.0,185
2024-09-30,202409,43818780,IF 43818780,455801927407.0,186
2024-09-30,202409,03320525,IF 03320525,453759806707.0,187
2024-09-30,202409,92555150,IF 92555150,444406782997.0,188
2024-09-30,202409,78632767,IF 78632767,439191857774.0,189
2024-09-30,202409,32983165,IF 32983165,433377382968.0,190
2024-09-30,202409,17351180,IF 17351180,430919722486.0,191
2024-09-30,202409,10663610,IF 10663610,430466863124.0,192
2024-09-30,202409,33136888,IF 33136888,430108661067.0,193
2024-09-30,202409,79052122,IF 79052122,422968978377.0,194
2024-09-30,202409,76543115,IF 76543115,414577583331.0,195
2024-09-30,202409,02015588,IF 02015588,414417378257.0,196
2024-09-30,202409,92796564,IF 92796564,411348596125.0,197
2024-09-30,202409,95594941,IF 95594941,410191375615.0,198
2024-09-30,202409,68900810,IF 68900810,407031041066.0,199
2024-09-30,202409,87853206,IF 87853206,406027888667.0,200
2024-09-30,202409,32467086,IF 32467086,405009799564.0,201
2024-09-30,202409,10348181,IF 10348181,397672226636.0,202
2024-09-30,202409,10264663,IF 10264663,394711937745.0,203
2024-09-30,202409,03502131,IF 03502131,393024373753.0,204
2024-09-30,202409,90497256,IF 90497256,390849895561.0,205
2024-09-30,202409,01634601,IF 01634601,388003918606.0,206
2024-09-30,202409,33603457,IF 33603457,387372428914.0,207
2024-09-30,202409,91159764,IF 91159764,387201754439.0,208
2024-09-30,202409,62169875,IF 62169875,385520991845.0,209
2024-09-30,202409,03532415,IF 03532415,383794229334.0,210
2024-09-30,202409,89990501,IF 89990501,379269637928.0,211
2024-09-30,202409,10371492,IF 10371492,377922266744.0,212
2024-09-30,202409,79457883,IF 79457883,373951660016.0,213
2024-09-30,202409,04452473,IF 04452473,373791800383.0,214
2024-09-30,202409,87733077,IF 87733077,371756060941.0,215
2024-09-30,202409,10736214,IF 10736214,368385986299.0,216
2024-09-30,202409,74064502,IF 74064502,367993933943.0,217
2024-09-30,202409,04323351,IF 04323351,366403318366.0,218
2024-09-30,202409,90729369,IF 90729369,363417392719.0,219
2024-09-30,202409,02843443,IF 02843443,357218817573.0,220
2024-09-30,202409,02282709,IF 02282709,355336320523.0,221
2024-09-30,202409,03584906,IF 03584906,351678032348.0,222
2024-09-30,202409,45437547,IF 45437547,350318923256.0,223
2024-09-30,202409,60850229,IF 60850229,349096358176.0,224
2024-09-30,202409,35571249,IF 35571249,347427812779.0,225
2024-09-30,202409,74828799,IF 74828799,343581820205.0,226
2024-09-30,202409,01658426,IF 01658426,338017811056.0,227
2024-09-30,202409,03609817,IF 03609817,337480503426.0,228
2024-09-30,202409,31804966,IF 31804966,337379761023.0,229
2024-09-30,202409,59118133,IF 59118133,333285877067.0,230
2024-09-30,202409,87781530,IF 87781530,325847050124.0,231
2024-09-30,202409,03042597,IF 03042597,321769149337.0,232
2024-09-30,202409,78840071,IF 78840071,319139762444.0,233
2024-09-30,202409,84974278,IF 84974278,313247289297.0,234
2024-09-30,202409,45246410,IF 45246410,312539526669.0,235
2024-09-30,202409,04388688,IF 04388688,311866874111.0,236
2024-09-30,202409,02885855,IF 02885855,309522591155.0,237
2024-09-30,202409,87510475,IF 87510475,307437405798.0,238
2024-09-30,202409,33022690,IF 33022690,305609434548.0,239
2024-09-30,202409,07656500,IF 07656500,304605135942.0,240
2024-09-30,202409,04670195,IF 04670195,301810359944.0,241
2024-09-30,202409,38372267,IF 38372267,298442357215.0,242
2024-09-30,202409,03793242,IF 03793242,298201800019.0,243
2024-09-30,202409,88099247,IF 88099247,296341180892.0,244
2024-09-30,202409,87900601,IF 87900601,292904350722.0,245
2024-09-30,202409,91669747,IF 91669747,289363079923.0,246
2024-09-30,202409,42873828,IF 42873828,284790853045.0,247
2024-09-30,202409,13884775,IF 13884775,283471826349.0,248
2024-09-30,202409,14796606,IF 14796606,282334223491.0,249
2024-09-30,202409,61033106,IF 61033106,277641161205.0,250
2024-09-30,202409,14568725,IF 14568725,274218741338.0,251
2024-09-30,202409,26549311,IF 26549311,270363110575.0,252
2024-09-30,202409,34270520,IF 34270520,268916558454.0,253
2024-09-30,202409,07206072,IF 07206072,267625397754.0,254
2024-09-30,202409,26178533,IF 26178533,263901478276.0,255
2024-09-30,202409,89049738,IF 89049738,262617702599.0,256
2024-09-30,202409,78907607,IF 78907607,262275841963.0,257
2024-09-30,202409,20520298,IF 20520298,261755086699.0,258
2024-09-30,202409,33737818,IF 33737818,261013498808.0,259
2024-09-30,202409,26408187,IF 26408187,259988584363.0,260
2024-09-30,202409,00184068,IF 00184068,258772075419.0,261
2024-09-30,202409,25683434,IF 25683434,257461170916.0,262
2024-09-30,202409,48795256,IF 48795256,253621406887.0,263
2024-09-30,202409,95424891,IF 95424891,252823313058.0,264
2024-09-30,202409,03358914,IF 03358914,251363329492.0,265
2024-09-30,202409,33311713,IF 33311713,246521032456.0,266
2024-09-30,202409,25798596,IF 25798596,246146085102.0,267
2024-09-30,202409,92816560,IF 92816560,241376348062.0,268
2024-09-30,202409,44469161,IF 44469161,239450194465.0,269
2024-09-30,202409,11476673,IF 11476673,237307256408.0,270
2024-09-30,202409,06332931,IF 06332931,236007564508.0,271
2024-09-30,202409,81014060,IF 81014060,233597525726.0,272
2024-09-30,202409,78858107,IF 78858107,233355377023.0,273
2024-09-30,202409,88471024,IF 88471024,232247092877.0,274
2024-09-30,202409,07679404,IF 07679404,232225562434.0,275
2024-09-30,202409,25387671,IF 25387671,230765019758.0,276
2024-09-30,202409,79063574,IF 79063574,230631875571.0,277
2024-09-30,202409,81367880,IF 81367880,230164322209.0,278
2024-09-30,202409,81206039,IF 81206039,228755416636.0,279
2024-09-30,202409,02466552,IF 02466552,226326870219.0,280
2024-09-30,202409,87067757,IF 87067757,223869402735.0,281
2024-09-30,202409,87784088,IF 87784088,223395226641.0,282
2024-09-30,202409,95213211,IF 95213211,222821329513.0,283
2024-09-30,202409,03323840,IF 03323840,220058298341.0,284
2024-09-30,202409,19307785,IF 19307785,219811416892.0,285
2024-09-30,202409,00971300,IF 00971300,219692358512.0,286
2024-09-30,202409,31880826,IF 31880826,219083857516.0,287
2024-09-30,202409,87900411,IF 87900411,218950742382.0,288
2024-09-30,202409,01736516,IF 01736516,217927896726.0,289
2024-09-30,202409,08075352,IF 08075352,217385571639.0,290
2024-09-30,202409,19468242,IF 19468242,217295418646.0,291
2024-09-30,202409,81192106,IF 81192106,214696620886.0,292
2024-09-30,202409,04632856,IF 04632856,214488098747.0,293
2024-09-30,202409,01604998,IF 01604998,211407471537.0,294
2024-09-30,202409,77984870,IF 77984870,209089775659.0,295
2024-09-30,202409,24313102,IF 24313102,208919108058.0,296
2024-09-30,202409,05582619,IF 05582619,208007525016.0,297
2024-09-30,202409,05888589,IF 05888589,206883857546.0,298
2024-09-30,202409,62931522,IF 62931522,206383552807.0,299
2024-09-30,202409,33466988,IF 33466988,205265525526.0,300
2024-09-30,202409,41180092,IF 41180092,204763448398.0,301
2024-09-30,202409,17343510,IF 17343510,202764212835.0,302
2024-09-30,202409,37880206,IF 37880206,202031611002.0,303
2024-09-30,202409,01852137,IF 01852137,199651815811.0,304
2024-09-30,202409,36272465,IF 36272465,198515724746.0,305
2024-09-30,202409,87780284,IF 87780284,198421092693.0,306
2024-09-30,202409,81011686,IF 81011686,197418856986.0,307
2024-09-30,202409,41697103,IF 41697103,196602880893.0,308
2024-09-30,202409,01039011,IF 01039011,195865474747.0,309
2024-09-30,202409,54401286,IF 54401286,194776231916.0,310
2024-09-30,202409,05241619,IF 05241619,194317499209.0,311
2024-09-30,202409,81115149,IF 81115149,193720120868.0,312
2024-09-30,202409,81016131,IF 81016131,193075933642.0,313
2024-09-30,202409,85291086,IF 85291086,192220272291.0,314
2024-09-30,202409,36900256,IF 36900256,191188074355.0,315
2024-09-30,202409,78825023,IF 78825023,190036747272.0,316
2024-09-30,202409,11703662,IF 11703662,189746656388.0,317
2024-09-30,202409,26563270,IF 26563270,187981652958.0,318
2024-09-30,202409,04247370,IF 04247370,185373111825.0,319
2024-09-30,202409,00517645,IF 00517645,184868780218.0,320
2024-09-30,202409,33709114,IF 33709114,183808022555.0,321
2024-09-30,202409,71698674,IF 71698674,181069586117.0,322
2024-09-30,202409,16668076,IF 16668076,180290659893.0,323
2024-09-30,202409,86829827,IF 86829827,180199849577.0,324
2024-09-30,202409,02335109,IF 02335109,178673580886.0,325
2024-09-30,202409,05392810,IF 05392810,177998849495.0,326
2024-09-30,202409,07512780,IF 07512780,175579784545.0,327
2024-09-30,202409,07599206,IF 07599206,174900155332.0,328
2024-09-30,202409,81054686,IF 81054686,172689124878.0,329
2024-09-30,202409,33851205,IF 33851205,172206671529.0,330
2024-09-30,202409,67960229,IF 67960229,170981907508.0,331
2024-09-30,202409,61809182,IF 61809182,170437102041.0,332
2024-09-30,202409,28145829,IF 28145829,169214358548.0,333
2024-09-30,202409,82937293,IF 82937293,168523941743.0,334
2024-09-30,202409,73750424,IF 73750424,167129646429.0,335
2024-09-30,202409,97406706,IF 97406706,166697784354.0,336
2024-09-30,202409,05276770,IF 05276770,166561113631.0,337
2024-09-30,202409,70038237,IF 70038237,166392116097.0,338
2024-09-30,202409,05231945,IF 05231945,166054496772.0,339
2024-09-30,202409,16779741,IF 16779741,165535948756.0,340
2024-09-30,202409,91884981,IF 91884981,165228694353.0,341
2024-09-30,202409,08044854,IF 08044854,165174422313.0,342
2024-09-30,202409,73443863,IF 73443863,163882582705.0,343
2024-09-30,202409,32474884,IF 32474884,163294357574.0,344
2024-09-30,202409,80959612,IF 80959612,163051534504.0,345
2024-09-30,202409,09605581,IF 09605581,162995124553.0,346
2024-09-30,202409,04350225,IF 04350225,161667440225.0,347
2024-09-30,202409,62318407,IF 62318407,160373482169.0,348
2024-09-30,202409,00966246,IF 00966246,160156924996.0,349
2024-09-30,202409,11275560,IF 11275560,159993904972.0,350
2024-09-30,202409,50585090,IF 50585090,158622583615.0,351
2024-09-30,202409,01060307,IF 01060307,158583780291.0,352
2024-09-30,202409,01727929,IF 01727929,158511907127.0,353
2024-09-30,202409,04836002,IF 04836002,157594049412.0,354
2024-09-30,202409,34148882,IF 34148882,155797001524.0,355
2024-09-30,202409,87779625,IF 87779625,155210379931.0,356
2024-09-30,202409,00106180,IF 00106180,154930140223.0,357
2024-09-30,202409,24048910,IF 24048910,154880318071.0,358
2024-09-30,202409,04814563,IF 04814563,154435739859.0,359
2024-09-30,202409,95163002,IF 95163002,154403171601.0,360
2024-09-30,202409,71297899,IF 71297899,153600143549.0,361
2024-09-30,202409,01638542,IF 01638542,152423626515.0,362
2024-09-30,202409,88530142,IF 88530142,152027439258.0,363
2024-09-30,202409,15111975,IF 15111975,150711234417.0,364
2024-09-30,202409,62285390,IF 62285390,149322365089.0,365
2024-09-30,202409,51014223,IF 51014223,149005733403.0,366
2024-09-30,202409,29650082,IF 29650082,148723566769.0,367
2024-09-30,202409,66463407,IF 66463407,148450767676.0,368
2024-09-30,202409,60114865,IF 60114865,146696470177.0,369
2024-09-30,202409,02446089,IF 02446089,146119691068.0,370
2024-09-30,202409,00556603,IF 00556603,143585479843.0,371
2024-09-30,202409,72257793,IF 72257793,142502945937.0,372
2024-09-30,202409,04529074,IF 04529074,140561076672.0,373
2024-09-30,202409,32223020,IF 32223020,140516152568.0,374
2024-09-30,202409,03326437,IF 03326437,139221370386.0,375
2024-09-30,202409,65229254,IF 65229254,138413497867.0,376
2024-09-30,202409,86564051,IF 86564051,137588330602.0,377
2024-09-30,202409,02318507,IF 02318507,137521488405.0,378
2024-09-30,202409,01389651,IF 01389651,136648001918.0,379
2024-09-30,202409,23903068,IF 23903068,134035742883.0,380
2024-09-30,202409,02910987,IF 02910987,133618175537.0,381
2024-09-30,202409,07441209,IF 07441209,132597193807.0,382
2024-09-30,202409,02819125,IF 02819125,129487898315.0,383
2024-09-30,202409,58497702,IF 58497702,127845843934.0,384
2024-09-30,202409,70116611,IF 70116611,127426932503.0,385
2024-09-30,202409,07026923,IF 07026923,126348615369.0,386
2024-09-30,202409,07122321,IF 07122321,126215531023.0,387
2024-09-30,202409,19540550,IF 19540550,125425419563.0,388
2024-09-30,202409,25395435,IF 25395435,125135201251.0,389
2024-09-30,202409,46570800,IF 46570800,124210065332.0,390
2024-09-30,202409,22656789,IF 22656789,124172433654.0,391
2024-09-30,202409,42272526,IF 42272526,121800818015.0,392
2024-09-30,202409,00997185,IF 00997185,120292950732.0,393
2024-09-30,202409,18189547,IF 18189547,119728687726.0,394
2024-09-30,202409,22724710,IF 22724710,119560807782.0,395
2024-09-30,202409,00694389,IF 00694389,119244306021.0,396
2024-09-30,202409,21866694,IF 21866694,117893962755.0,397
2024-09-30,202409,09313766,IF 09313766,117429529082.0,398
2024-09-30,202409,18539102,IF 18539102,117320655711.0,399
2024-09-30,202409,25021356,IF 25021356,117204917118.0,400
2024-09-30,202409,67096909,IF 67096909,116831977473.0,401
2024-09-30,202409,11907520,IF 11907520,116082714832.0,402
2024-09-30,202409,07268499,IF 07268499,115486465737.0,403
2024-09-30,202409,34265561,IF 34265561,114038400261.0,404
2024-09-30,202409,22760839,IF 22760839,114028268223.0,405
2024-09-30,202409,05863726,IF 05863726,113853229194.0,406
2024-09-30,202409,03222753,IF 03222753,113330513552.0,407
2024-09-30,202409,70937271,IF 70937271,112171399457.0,408
2024-09-30,202409,49389307,IF 49389307,111416120427.0,409
2024-09-30,202409,02641032,IF 02641032,110837599139.0,410
2024-09-30,202409,00795423,IF 00795423,110831227781.0,411
2024-09-30,202409,60518222,IF 60518222,110363780442.0,412
2024-09-30,202409,62418140,IF 62418140,110136084061.0,413
2024-09-30,202409,10311218,IF 10311218,109762444857.0,414
2024-09-30,202409,03645752,IF 03645752,109151227428.0,415
2024-09-30,202409,08624548,IF 08624548,108825137937.0,416
2024-09-30,202409,02670590,IF 02670590,108399320088.0,417
2024-09-30,202409,19449602,IF 19449602,107816489675.0,418
2024-09-30,202409,15357060,IF 15357060,107607774759.0,419
2024-09-30,202409,78483310,IF 78483310,107511537088.0,420
2024-09-30,202409,04876393,IF 04876393,106711693985.0,421
2024-09-30,202409,02732968,IF 02732968,106416068831.0,422
2024-09-30,202409,00315557,IF 00315557,106160886238.0,423
2024-09-30,202409,02641969,IF 02641969,105661343737.0,424
2024-09-30,202409,09512539,IF 09512539,105216772527.0,425
2024-09-30,202409,14388334,IF 14388334,104969302811.0,426
2024-09-30,202409,64237530,IF 64237530,104366986214.0,427
2024-09-30,202409,22753982,IF 22753982,104231602754.0,428
2024-09-30,202409,03847413,IF 03847413,102670641527.0,429
2024-09-30,202409,25606237,IF 25606237,102333283801.0,430
2024-09-30,202409,10262276,IF 10262276,102305651509.0,431
2024-09-30,202409,41931445,IF 41931445,101592124941.0,432
2024-09-30,202409,17887874,IF 17887874,101119672598.0,433
2024-09-30,202409,62237425,IF 62237425,99612495016.0,434
2024-09-30,202409,65654303,IF 65654303,99609021505.0,435
2024-09-30,202409,02682287,IF 02682287,99019021392.0,436
2024-09-30,202409,03065046,IF 03065046,98341686686.0,437
2024-09-30,202409,62421979,IF 62421979,98006449651.0,438
2024-09-30,202409,32430233,IF 32430233,97632739468.0,439
2024-09-30,202409,22177858,IF 22177858,97383908428.0,440
2024-09-30,202409,23949522,IF 23949522,97191907148.0,441
2024-09-30,202409,03965737,IF 03965737,97178245043.0,442
2024-09-30,202409,59869560,IF 59869560,96387739452.0,443
2024-09-30,202409,03461243,IF 03461243,96020311553.0,444
2024-09-30,202409,02934201,IF 02934201,96004289527.0,445
2024-09-30,202409,02090126,IF 02090126,95147361895.0,446
2024-09-30,202409,32402502,IF 32402502,95020136535.0,447
2024-09-30,202409,03047549,IF 03047549,94705662925.0,448
2024-09-30,202409,42040639,IF 42040639,94364018354.0,449
2024-09-30,202409,73647935,IF 73647935,94310477524.0,450
2024-09-30,202409,78865995,IF 78865995,93253942338.0,451
2024-09-30,202409,21670187,IF 21670187,93224559619.0,452
2024-09-30,202409,05979692,IF 05979692,92608116437.0,453
2024-09-30,202409,05351887,IF 05351887,92491550395.0,454
2024-09-30,202409,10520232,IF 10520232,91414388853.0,455
2024-09-30,202409,24799033,IF 24799033,90286868462.0,456
2024-09-30,202409,81292278,IF 81292278,89743918548.0,457
2024-09-30,202409,70241658,IF 70241658,89495460523.0,458
2024-09-30,202409,01760242,IF 01760242,89212665577.0,459
2024-09-30,202409,71419600,IF 71419600,88517419351.0,460
2024-09-30,202409,23511655,IF 23511655,88422733083.0,461
2024-09-30,202409,08742188,IF 08742188,87885440598.0,462
2024-09-30,202409,15011719,IF 15011719,87826975454.0,463
2024-09-30,202409,73113243,IF 73113243,87154092902.0,464
2024-09-30,202409,06031727,IF 06031727,86470036477.0,465
2024-09-30,202409,46955383,IF 46955383,85966598508.0,466
2024-09-30,202409,24830879,IF 24830879,84599534137.0,467
2024-09-30,202409,01637949,IF 01637949,83937180315.0,468
2024-09-30,202409,36588217,IF 36588217,83895294182.0,469
2024-09-30,202409,17359351,IF 17359351,83730437173.0,470
2024-09-30,202409,61182408,IF 61182408,83608841717.0,471
2024-09-30,202409,25387655,IF 25387655,83559590746.0,472
2024-09-30,202409,02448310,IF 02448310,82543773268.0,473
2024-09-30,202409,46518205,IF 46518205,82454904859.0,474
2024-09-30,202409,07925729,IF 07925729,82147463156.0,475
2024-09-30,202409,04484490,IF 04484490,82102395351.0,476
2024-09-30,202409,25536764,IF 25536764,81945595522.0,477
2024-09-30,202409,78862083,IF 78862083,81678702318.0,478
2024-09-30,202409,08560508,IF 08560508,81630507639.0,479
2024-09-30,202409,36583700,IF 36583700,81394276497.0,480
2024-09-30,202409,06139650,IF 06139650,80971346493.0,481
2024-09-30,202409,01286361,IF 01286361,80902343078.0,482
2024-09-30,202409,02923389,IF 02923389,80536642851.0,483
2024-09-30,202409,41669227,IF 41669227,80457071927.0,484
2024-09-30,202409,19869338,IF 19869338,80219143421.0,485
2024-09-30,202409,02935307,IF 02935307,80122775028.0,486
2024-09-30,202409,26178111,IF 26178111,79811907626.0,487
2024-09-30,202409,69346856,IF 69346856,79601173125.0,488
2024-09-30,202409,33644196,IF 33644196,79583784001.0,489
2024-09-30,202409,39908427,IF 39908427,79207715077.0,490
2024-09-30,202409,05277312,IF 05277312,78956408911.0,491
2024-09-30,202409,53935029,IF 53935029,78939481212.0,492
2024-09-30,202409,40571694,IF 40571694,78403110692.0,493
2024-09-30,202409,06126780,IF 06126780,78348036963.0,494
2024-09-30,202409,38588174,IF 38588174,77935882214.0,495
2024-09-30,202409,02173447,IF 02173447,77042289589.0,496
2024-09-30,202409,66398496,IF 66398496,76328807813.0,497
2024-09-30,202409,00259231,IF 00259231,76242728019.0,498
2024-09-30,202409,07789195,IF 07789195,75825451153.0,499
2024-09-30,202409,66788142,IF 66788142,75382054349.0,500
2024-09-30,202409,01667766,IF 01667766,74835546145.0,501
2024-09-30,202409,10218474,IF 10218474,74816694268.0,502
2024-09-30,202409,34590184,IF 34590184,74534022556.0,503
2024-09-30,202409,33884941,IF 33884941,74406473767.0,504
2024-09-30,202409,11271860,IF 11271860,74043751826.0,505
2024-09-30,202409,01739375,IF 01739375,73972217725.0,506
2024-09-30,202409,32778350,IF 32778350,73630097932.0,507
2024-09-30,202409,13203354,IF 13203354,72971889897.0,508
2024-09-30,202409,05940203,IF 05940203,72360899214.0,509
2024-09-30,202409,01259518,IF 01259518,72136911457.0,510
2024-09-30,202409,08718431,IF 08718431,71883129581.0,511
2024-09-30,202409,26264220,IF 26264220,71853732072.0,512
2024-09-30,202409,05861932,IF 05861932,71596831088.0,513
2024-09-30,202409,25387713,IF 25387713,71262092123.0,514
2024-09-30,202409,20018183,IF 20018183,70854272774.0,515
2024-09-30,202409,31895683,IF 31895683,69972504444.0,516
2024-09-30,202409,62895230,IF 62895230,69694844707.0,517
2024-09-30,202409,36658769,IF 36658769,69396726352.0,518
2024-09-30,202409,86389236,IF 86389236,68883690657.0,519
2024-09-30,202409,00991143,IF 00991143,68654962272.0,520
2024-09-30,202409,07469260,IF 07469260,68224810205.0,521
2024-09-30,202409,01152097,IF 01152097,67847489558.0,522
2024-09-30,202409,05676026,IF 05676026,66934596284.0,523
2024-09-30,202409,06174009,IF 06174009,66221134414.0,524
2024-09-30,202409,32062580,IF 32062580,66139112003.0,525
2024-09-30,202409,26555235,IF 26555235,66107414009.0,526
2024-09-30,202409,01009908,IF 01009908,66094844911.0,527
2024-09-30,202409,80959638,IF 80959638,66069709835.0,528
2024-09-30,202409,04013172,IF 04013172,66041126446.0,529
2024-09-30,202409,10690848,IF 10690848,65465391381.0,530
2024-09-30,202409,05158093,IF 05158093,64758432993.0,531
2024-09-30,202409,83315408,IF 83315408,64562817896.0,532
2024-09-30,202409,71238232,IF 71238232,64180178717.0,533
2024-09-30,202409,71243034,IF 71243034,63506087143.0,534
2024-09-30,202409,71392047,IF 71392047,63346640746.0,535
2024-09-30,202409,29162769,IF 29162769,62963879933.0,536
2024-09-30,202409,03046391,IF 03046391,62921957372.0,537
2024-09-30,202409,00968602,IF 00968602,62880889079.0,538
2024-09-30,202409,09403026,IF 09403026,61668188936.0,539
2024-09-30,202409,41707258,IF 41707258,61309359611.0,540
2024-09-30,202409,59158642,IF 59158642,61306960396.0,541
2024-09-30,202409,73422792,IF 73422792,61194879271.0,542
2024-09-30,202409,05036532,IF 05036532,61155939097.0,543
2024-09-30,202409,09590601,IF 09590601,61134302624.0,544
2024-09-30,202409,76461557,IF 76461557,60822598517.0,545
2024-09-30,202409,48805820,IF 48805820,58986495095.0,546
2024-09-30,202409,13059145,IF 13059145,58864710938.0,547
2024-09-30,202409,28080769,IF 28080769,58818548263.0,548
2024-09-30,202409,58229246,IF 58229246,58779262756.0,549
2024-09-30,202409,03877288,IF 03877288,57844383218.0,550
2024-09-30,202409,01559914,IF 01559914,56953368007.0,551
2024-09-30,202409,07318874,IF 07318874,56941773506.0,552
2024-09-30,202409,03612764,IF 03612764,56934584895.0,553
2024-09-30,202409,05220243,IF 05220243,56843829558.0,554
2024-09-30,202409,25420696,IF 25420696,56540891492.0,555
2024-09-30,202409,18966739,IF 18966739,56436006751.0,556
2024-09-30,202409,25528753,IF 25528753,56399362059.0,557
2024-09-30,202409,05389174,IF 05389174,55835269027.0,558
2024-09-30,202409,02144899,IF 02144899,55468044528.0,559
2024-09-30,202409,62816426,IF 62816426,54856083864.0,560
2024-09-30,202409,07946451,IF 07946451,54656238586.0,561
2024-09-30,202409,01705236,IF 01705236,54424182363.0,562
2024-09-30,202409,07252614,IF 07252614,54301499598.0,563
2024-09-30,202409,42584318,IF 42584318,54185373193.0,564
2024-09-30,202409,13140088,IF 13140088,54105305105.0,565
2024-09-30,202409,10506341,IF 10506341,53812409604.0,566
2024-09-30,202409,22121209,IF 22121209,53764889656.0,567
2024-09-30,202409,46642294,IF 46642294,53496022084.0,568
2024-09-30,202409,04663561,IF 04663561,53273175968.0,569
2024-09-30,202409,25683475,IF 25683475,53224313419.0,570
2024-09-30,202409,07502031,IF 07502031,53116641092.0,571
2024-09-30,202409,09089356,IF 09089356,53102014601.0,572
2024-09-30,202409,01722480,IF 01722480,53075141731.0,573
2024-09-30,202409,65697260,IF 65697260,53035956401.0,574
2024-09-30,202409,21661202,IF 21661202,52500439473.0,575
2024-09-30,202409,33040601,IF 33040601,52103172835.0,576
2024-09-30,202409,05247312,IF 05247312,52077354613.0,577
2024-09-30,202409,32219232,IF 32219232,52034101677.0,578
2024-09-30,202409,73398646,IF 73398646,51667272756.0,579
2024-09-30,202409,16581207,IF 16581207,51447519189.0,580
2024-09-30,202409,27652684,IF 27652684,51253888964.0,581
2024-09-30,202409,57647653,IF 57647653,50503803812.0,582
2024-09-30,202409,26014175,IF 26014175,50346124935.0,583
2024-09-30,202409,03502968,IF 03502968,50128364133.0,584
2024-09-30,202409,09274232,IF 09274232,50084179541.0,585
2024-09-30,202409,01703620,IF 01703620,49808440101.0,586
2024-09-30,202409,02931668,IF 02931668,49204215425.0,587
2024-09-30,202409,04261151,IF 04261151,49066926648.0,588
2024-09-30,202409,10868663,IF 10868663,48518256671.0,589
2024-09-30,202409,08253539,IF 08253539,48141039916.0,590
2024-09-30,202409,37255049,IF 37255049,47886472497.0,591
2024-09-30,202409,25353939,IF 25353939,47850008034.0,592
2024-09-30,202409,02057584,IF 02057584,47404350482.0,593
2024-09-30,202409,00869687,IF 00869687,46975681556.0,594
2024-09-30,202409,02766672,IF 02766672,46338564907.0,595
2024-09-30,202409,39544456,IF 39544456,46310197076.0,596
2024-09-30,202409,04445917,IF 04445917,46260304653.0,597
2024-09-30,202409,37079720,IF 37079720,46206220197.0,598
2024-09-30,202409,07465539,IF 07465539,46121476248.0,599
2024-09-30,202409,97259253,IF 97259253,45796728459.0,600
2024-09-30,202409,22749014,IF 22749014,45795218272.0,601
2024-09-30,202409,05192316,IF 05192316,45375299083.0,602
2024-09-30,202409,02587492,IF 02587492,44749118196.0,603
2024-09-30,202409,27214112,IF 27214112,44659571941.0,604
2024-09-30,202409,43774196,IF 43774196,44443784352.0,605
2024-09-30,202409,09473806,IF 09473806,44303125508.0,606
2024-09-30,202409,21018182,IF 21018182,43846785256.0,607
2024-09-30,202409,00429890,IF 00429890,43842732661.0,608
2024-09-30,202409,65239402,IF 65239402,43741154513.0,609
2024-09-30,202409,78626983,IF 78626983,43699328706.0,610
2024-09-30,202409,62287735,IF 62287735,43586707719.0,611
2024-09-30,202409,37511258,IF 37511258,43235483588.0,612
2024-09-30,202409,65913436,IF 65913436,43160824585.0,613
2024-09-30,202409,01572667,IF 01572667,43066065102.0,614
2024-09-30,202409,14511781,IF 14511781,41989614092.0,615
2024-09-30,202409,03412878,IF 03412878,41803607058.0,616
2024-09-30,202409,17361536,IF 17361536,41772527133.0,617
2024-09-30,202409,07412987,IF 07412987,41704977144.0,618
2024-09-30,202409,71237184,IF 71237184,41614679218.0,619
2024-09-30,202409,37241230,IF 37241230,41245339914.0,620
2024-09-30,202409,34169557,IF 34169557,41230374696.0,621
2024-09-30,202409,71154256,IF 71154256,41061435444.0,622
2024-09-30,202409,08422119,IF 08422119,41048810619.0,623
2024-09-30,202409,30723871,IF 30723871,40850453824.0,624
2024-09-30,202409,04490531,IF 04490531,40703279005.0,625
2024-09-30,202409,10398952,IF 10398952,40698813704.0,626
2024-09-30,202409,45879000,IF 45879000,40685541992.0,627
2024-09-30,202409,82096447,IF 82096447,40676226611.0,628
2024-09-30,202409,33615055,IF 33615055,40655875591.0,629
2024-09-30,202409,06040559,IF 06040559,40527958982.0,630
2024-09-30,202409,08795285,IF 08795285,40430084007.0,631
2024-09-30,202409,04181542,IF 04181542,40243992037.0,632
2024-09-30,202409,01608685,IF 01608685,40161325716.0,633
2024-09-30,202409,02201501,IF 02201501,40055117818.0,634
2024-09-30,202409,62109566,IF 62109566,39936052849.0,635
2024-09-30,202409,43599047,IF 43599047,39538146009.0,636
2024-09-30,202409,82527557,IF 82527557,39536064194.0,637
2024-09-30,202409,03419786,IF 03419786,39474333384.0,638
2024-09-30,202409,14913919,IF 14913919,39381665251.0,639
2024-09-30,202409,07215632,IF 07215632,39285845443.0,640
2024-09-30,202409,71154876,IF 71154876,39104388153.0,641
2024-09-30,202409,08055016,IF 08055016,39001683312.0,642
2024-09-30,202409,02844024,IF 02844024,38946152537.0,643
2024-09-30,202409,71163315,IF 71163315,38713351746.0,644
2024-09-30,202409,78834975,IF 78834975,38584926082.0,645
2024-09-30,202409,04237413,IF 04237413,38378535248.0,646
2024-09-30,202409,03427097,IF 03427097,38235116783.0,647
2024-09-30,202409,33579731,IF 33579731,38097066436.0,648
2024-09-30,202409,41931221,IF 41931221,37763332478.0,649
2024-09-30,202409,10319386,IF 10319386,37565601979.0,650
2024-09-30,202409,01692448,IF 01692448,37201100199.0,651
2024-09-30,202409,03881423,IF 03881423,37003959929.0,652
2024-09-30,202409,03269540,IF 03269540,36818485894.0,653
2024-09-30,202409,05222094,IF 05222094,36745492281.0,654
2024-09-30,202409,03519240,IF 03519240,36466785205.0,655
2024-09-30,202409,04355489,IF 04355489,36227772714.0,656
2024-09-30,202409,18587586,IF 18587586,36199338143.0,657
2024-09-30,202409,04406371,IF 04406371,36066057315.0,658
2024-09-30,202409,82133182,IF 82133182,35938079236.0,659
2024-09-30,202409,64276058,IF 64276058,35762356807.0,660
2024-09-30,202409,78157146,IF 78157146,35678174282.0,661
2024-09-30,202409,03033469,IF 03033469,35671685007.0,662
2024-09-30,202409,17079937,IF 17079937,35587357428.0,663
2024-09-30,202409,70431630,IF 70431630,35227987639.0,664
2024-09-30,202409,71207740,IF 71207740,35219590013.0,665
2024-09-30,202409,01848322,IF 01848322,35197280278.0,666
2024-09-30,202409,33254319,IF 33254319,35028054956.0,667
2024-09-30,202409,71441406,IF 71441406,34531591826.0,668
2024-09-30,202409,21797311,IF 21797311,34442095038.0,669
2024-09-30,202409,08488377,IF 08488377,34093022876.0,670
2024-09-30,202409,34991938,IF 34991938,34047409451.0,671
2024-09-30,202409,00122327,IF 00122327,33910013951.0,672
2024-09-30,202409,30822936,IF 30822936,33698180602.0,673
2024-09-30,202409,03485130,IF 03485130,33611041559.0,674
2024-09-30,202409,82065285,IF 82065285,33541176548.0,675
2024-09-30,202409,36321990,IF 36321990,33487009957.0,676
2024-09-30,202409,07097064,IF 07097064,33328954359.0,677
2024-09-30,202409,02000895,IF 02000895,33307946585.0,678
2024-09-30,202409,25743311,IF 25743311,33218662554.0,679
2024-09-30,202409,71146450,IF 71146450,33158024975.0,680
2024-09-30,202409,34337707,IF 34337707,32713381182.0,681
2024-09-30,202409,36113876,IF 36113876,32356540652.0,682
2024-09-30,202409,05269976,IF 05269976,32287528655.0,683
2024-09-30,202409,41538335,IF 41538335,31913400963.0,684
2024-09-30,202409,41255225,IF 41255225,31462527409.0,685
2024-09-30,202409,01073966,IF 01073966,31446131299.0,686
2024-09-30,202409,05494591,IF 05494591,31413524835.0,687
2024-09-30,202409,03428338,IF 03428338,31404603306.0,688
2024-09-30,202409,00803287,IF 00803287,31394079149.0,689
2024-09-30,202409,02493000,IF 02493000,31148382032.0,690
2024-09-30,202409,94243839,IF 94243839,31078130639.0,691
2024-09-30,202409,02405189,IF 02405189,30953577589.0,692
2024-09-30,202409,04379829,IF 04379829,30946590424.0,693
2024-09-30,202409,01526924,IF 01526924,30922784248.0,694
2024-09-30,202409,69720910,IF 69720910,30883640395.0,695
2024-09-30,202409,00411939,IF 00411939,30613345485.0,696
2024-09-30,202409,62673470,IF 62673470,30522372678.0,697
2024-09-30,202409,02904125,IF 02904125,30206972874.0,698
2024-09-30,202409,14388516,IF 14388516,30044257128.0,699
2024-09-30,202409,08071414,IF 08071414,29965449857.0,700
2024-09-30,202409,07512441,IF 07512441,29931666932.0,701
2024-09-30,202409,11581339,IF 11581339,29828095168.0,702
2024-09-30,202409,01155801,IF 01155801,29756489297.0,703
2024-09-30,202409,03183937,IF 03183937,29708596054.0,704
2024-09-30,202409,00075847,IF 00075847,29607726232.0,705
2024-09-30,202409,25404542,IF 25404542,29593209757.0,706
2024-09-30,202409,37631058,IF 37631058,29564594716.0,707
2024-09-30,202409,42054886,IF 42054886,29383067002.0,708
2024-09-30,202409,10143743,IF 10143743,29313492425.0,709
2024-09-30,202409,05856736,IF 05856736,29300039227.0,710
2024-09-30,202409,04565791,IF 04565791,29279404717.0,711
2024-09-30,202409,74114042,IF 74114042,28633563316.0,712
2024-09-30,202409,31749596,IF 31749596,28406583975.0,713
2024-09-30,202409,28581308,IF 28581308,28348479573.0,714
2024-09-30,202409,94433109,IF 94433109,28310209873.0,715
2024-09-30,202409,03918382,IF 03918382,28194289483.0,716
2024-09-30,202409,97489280,IF 97489280,28047325568.0,717
2024-09-30,202409,01439107,IF 01439107,27997511757.0,718
2024-09-30,202409,01667352,IF 01667352,27948133946.0,719
2024-09-30,202409,42880617,IF 42880617,27766061327.0,720
2024-09-30,202409,01644264,IF 01644264,27669807811.0,721
2024-09-30,202409,33862244,IF 33862244,27641100289.0,722
2024-09-30,202409,16721078,IF 16721078,27521430578.0,723
2024-09-30,202409,71432926,IF 71432926,27438995944.0,724
2024-09-30,202409,54190525,IF 54190525,27317318006.0,725
2024-09-30,202409,39343350,IF 39343350,27315988101.0,726
2024-09-30,202409,66259110,IF 66259110,27045954453.0,727
2024-09-30,202409,53623781,IF 53623781,26932457353.0,728
2024-09-30,202409,34711571,IF 34711571,26893769899.0,729
2024-09-30,202409,02282165,IF 02282165,26821668799.0,730
2024-09-30,202409,18282093,IF 18282093,26807166588.0,731
2024-09-30,202409,10143499,IF 10143499,26706796058.0,732
2024-09-30,202409,33775974,IF 33775974,26435756312.0,733
2024-09-30,202409,30798783,IF 30798783,26392605448.0,734
2024-09-30,202409,76059997,IF 76059997,26217024855.0,735
2024-09-30,202409,00066670,IF 00066670,26201287634.0,736
2024-09-30,202409,02876918,IF 02876918,25967929434.0,737
2024-09-30,202409,20308187,IF 20308187,25954810782.0,738
2024-09-30,202409,86791837,IF 86791837,25945892634.0,739
2024-09-30,202409,07194313,IF 07194313,25900324967.0,740
2024-09-30,202409,61384004,IF 61384004,25842469533.0,741
2024-09-30,202409,09343038,IF 09343038,25695557142.0,742
2024-09-30,202409,11760553,IF 11760553,25612899374.0,743
2024-09-30,202409,37076205,IF 37076205,25495772879.0,744
2024-09-30,202409,09552111,IF 09552111,25284277351.0,745
2024-09-30,202409,04120633,IF 04120633,25270619435.0,746
2024-09-30,202409,00329598,IF 00329598,25212542186.0,747
2024-09-30,202409,06910457,IF 06910457,24914524072.0,748
2024-09-30,202409,05439425,IF 05439425,24875956787.0,749
2024-09-30,202409,00952415,IF 00952415,24704829364.0,750
2024-09-30,202409,13728156,IF 13728156,24383867466.0,751
2024-09-30,202409,10314753,IF 10314753,24360647054.0,752
2024-09-30,202409,04079285,IF 04079285,24249858284.0,753
2024-09-30,202409,32206435,IF 32206435,24245597716.0,754
2024-09-30,202409,09554480,IF 09554480,24091917407.0,755
2024-09-30,202409,03816413,IF 03816413,24052306692.0,756
2024-09-30,202409,25363615,IF 25363615,23837979926.0,757
2024-09-30,202409,01609345,IF 01609345,23371965139.0,758
2024-09-30,202409,62178421,IF 62178421,23010742537.0,759
2024-09-30,202409,09515813,IF 09515813,22776417701.0,760
2024-09-30,202409,17453575,IF 17453575,22738752164.0,761
2024-09-30,202409,50489148,IF 50489148,22669115027.0,762
2024-09-30,202409,06284531,IF 06284531,22663802383.0,763
2024-09-30,202409,05463934,IF 05463934,22577770159.0,764
2024-09-30,202409,79086997,IF 79086997,22537334666.0,765
2024-09-30,202409,37122487,IF 37122487,22484386922.0,766
2024-09-30,202409,61855045,IF 61855045,22392063212.0,767
2024-09-30,202409,35523352,IF 35523352,22287336231.0,768
2024-09-30,202409,05425526,IF 05425526,22252106321.0,769
2024-09-30,202409,03015152,IF 03015152,22059149801.0,770
2024-09-30,202409,00707903,IF 00707903,22031993378.0,771
2024-09-30,202409,09437293,IF 09437293,21780196421.0,772
2024-09-30,202409,42887133,IF 42887133,21732801422.0,773
2024-09-30,202409,14046512,IF 14046512,21576777283.0,774
2024-09-30,202409,24431221,IF 24431221,21360383318.0,775
2024-09-30,202409,68512748,IF 68512748,21304987887.0,776
2024-09-30,202409,02382755,IF 02382755,21227579579.0,777
2024-09-30,202409,53236808,IF 53236808,21226486678.0,778
2024-09-30,202409,07070495,IF 07070495,21192133714.0,779
2024-09-30,202409,05241145,IF 05241145,21042913748.0,780
2024-09-30,202409,71230338,IF 71230338,20946774522.0,781
2024-09-30,202409,02338666,IF 02338666,20772028459.0,782
2024-09-30,202409,38316293,IF 38316293,20604795011.0,783
2024-09-30,202409,04174720,IF 04174720,20584960578.0,784
2024-09-30,202409,86585049,IF 86585049,20398070722.0,785
2024-09-30,202409,00162760,IF 00162760,20087616865.0,786
2024-09-30,202409,01657678,IF 01657678,20083753914.0,787
2024-09-30,202409,09576849,IF 09576849,19791961711.0,788
2024-09-30,202409,37554441,IF 37554441,19658543325.0,789
2024-09-30,202409,33222241,IF 33222241,19562785882.0,790
2024-09-30,202409,03384738,IF 03384738,19555201905.0,791
2024-09-30,202409,89960090,IF 89960090,19109911706.0,792
2024-09-30,202409,02663426,IF 02663426,18887229071.0,793
2024-09-30,202409,49173791,IF 49173791,18879420126.0,794
2024-09-30,202409,39696805,IF 39696805,18848261504.0,795
2024-09-30,202409,05070112,IF 05070112,18830046802.0,796
2024-09-30,202409,13370835,IF 13370835,18758700666.0,797
2024-09-30,202409,84156470,IF 84156470,18585678356.0,798
2024-09-30,202409,41498340,IF 41498340,18227324065.0,799
2024-09-30,202409,40768766,IF 40768766,18153495951.0,800
2024-09-30,202409,71506513,IF 71506513,17986637217.0,801
2024-09-30,202409,61820817,IF 61820817,17841698647.0,802
2024-09-30,202409,00204963,IF 00204963,17787847845.0,803
2024-09-30,202409,73326449,IF 73326449,17693393242.0,804
2024-09-30,202409,03985375,IF 03985375,17494800724.0,805
2024-09-30,202409,81706616,IF 81706616,17445521944.0,806
2024-09-30,202409,02232383,IF 02232383,17418387889.0,807
2024-09-30,202409,28156057,IF 28156057,17412254996.0,808
2024-09-30,202409,59281253,IF 59281253,17319153281.0,809
2024-09-30,202409,44189447,IF 44189447,17009664962.0,810
2024-09-30,202409,13486793,IF 13486793,16737482357.0,811
2024-09-30,202409,20443996,IF 20443996,16617577166.0,812
2024-09-30,202409,04463602,IF 04463602,16529893829.0,813
2024-09-30,202409,06249129,IF 06249129,16454953541.0,814
2024-09-30,202409,00804046,IF 00804046,16425324256.0,815
2024-09-30,202409,07958405,IF 07958405,16243249988.0,816
2024-09-30,202409,93026847,IF 93026847,16194764124.0,817
2024-09-30,202409,00698609,IF 00698609,15983830475.0,818
2024-09-30,202409,46277273,IF 46277273,15643721074.0,819
2024-09-30,202409,52046299,IF 52046299,15567785876.0,820
2024-09-30,202409,05938780,IF 05938780,15242558413.0,821
2024-09-30,202409,07509426,IF 07509426,15238396682.0,822
2024-09-30,202409,05203605,IF 05203605,15036548851.0,823
2024-09-30,202409,71884498,IF 71884498,14959833096.0,824
2024-09-30,202409,02448839,IF 02448839,14855072044.0,825
2024-09-30,202409,07946216,IF 07946216,14833155257.0,826
2024-09-30,202409,12384953,IF 12384953,14829901075.0,827
2024-09-30,202409,33171211,IF 33171211,14748600195.0,828
2024-09-30,202409,09424988,IF 09424988,14739299255.0,829
2024-09-30,202409,45691128,IF 45691128,14730120708.0,830
2024-09-30,202409,28811341,IF 28811341,14706501838.0,831
2024-09-30,202409,35210410,IF 35210410,14527062999.0,832
2024-09-30,202409,04572960,IF 04572960,14519473742.0,833
2024-09-30,202409,47965438,IF 47965438,14433459027.0,834
2024-09-30,202409,17354911,IF 17354911,14380372568.0,835
2024-09-30,202409,49241570,IF 49241570,14328075772.0,836
2024-09-30,202409,50735161,IF 50735161,14317450385.0,837
2024-09-30,202409,02562412,IF 02562412,14170270825.0,838
2024-09-30,202409,40473435,IF 40473435,14147995928.0,839
2024-09-30,202409,05410056,IF 05410056,14095351788.0,840
2024-09-30,202409,06324872,IF 06324872,14035206078.0,841
2024-09-30,202409,02347114,IF 02347114,13871444285.0,842
2024-09-30,202409,24610065,IF 24610065,13777699458.0,843
2024-09-30,202409,12599971,IF 12599971,13747911344.0,844
2024-09-30,202409,03212823,IF 03212823,13720912774.0,845
2024-09-30,202409,64480833,IF 64480833,13638749722.0,846
2024-09-30,202409,23623636,IF 23623636,13599616134.0,847
2024-09-30,202409,61747085,IF 61747085,13538324621.0,848
2024-09-30,202409,05597773,IF 05597773,13431586865.0,849
2024-09-30,202409,04913129,IF 04913129,13395854917.0,850
2024-09-30,202409,33630661,IF 33630661,13340040003.0,851
2024-09-30,202409,11351086,IF 11351086,13316504265.0,852
2024-09-30,202409,04833655,IF 04833655,12923296275.0,853
2024-09-30,202409,20757199,IF 20757199,12557119347.0,854
2024-09-30,202409,66402207,IF 66402207,12478919493.0,855
2024-09-30,202409,04751713,IF 04751713,12430226244.0,856
2024-09-30,202409,44373041,IF 44373041,12418833864.0,857
2024-09-30,202409,80271455,IF 80271455,12400308828.0,858
2024-09-30,202409,34829992,IF 34829992,12361229288.0,859
2024-09-30,202409,07652226,IF 07652226,12283895687.0,860
2024-09-30,202409,58290800,IF 58290800,12224860824.0,861
2024-09-30,202409,12815827,IF 12815827,12203486617.0,862
2024-09-30,202409,05477038,IF 05477038,12152499329.0,863
2024-09-30,202409,29759316,IF 29759316,12135161917.0,864
2024-09-30,202409,83836114,IF 83836114,12044018132.0,865
2024-09-30,202409,15163587,IF 15163587,12039991889.0,866
2024-09-30,202409,31680151,IF 31680151,12006545405.0,867
2024-09-30,202409,02137018,IF 02137018,11999493622.0,868
2024-09-30,202409,02794761,IF 02794761,11961369186.0,869
2024-09-30,202409,02254376,IF 02254376,11909226737.0,870
2024-09-30,202409,13935893,IF 13935893,11779735563.0,871
2024-09-30,202409,07437241,IF 07437241,11772513888.0,872
2024-09-30,202409,92856905,IF 92856905,11720696539.0,873
2024-09-30,202409,43394419,IF 43394419,11694081392.0,874
2024-09-30,202409,26225776,IF 26225776,11619486519.0,875
2024-09-30,202409,07138049,IF 07138049,11617574841.0,876
2024-09-30,202409,13293225,IF 13293225,11572281211.0,877
2024-09-30,202409,13776742,IF 13776742,11527311259.0,878
2024-09-30,202409,04525997,IF 04525997,11443378751.0,879
2024-09-30,202409,01330295,IF 01330295,11440147487.0,880
2024-09-30,202409,05076239,IF 05076239,11439910385.0,881
2024-09-30,202409,26526166,IF 26526166,11376002051.0,882
2024-09-30,202409,05503849,IF 05503849,11302090218.0,883
2024-09-30,202409,03620772,IF 03620772,11277322643.0,884
2024-09-30,202409,70119680,IF 70119680,11257881867.0,885
2024-09-30,202409,03130170,IF 03130170,11084493049.0,886
2024-09-30,202409,11836226,IF 11836226,11078889711.0,887
2024-09-30,202409,23114447,IF 23114447,11053266917.0,888
2024-09-30,202409,43488782,IF 43488782,10944578216.0,889
2024-09-30,202409,08030602,IF 08030602,10940584024.0,890
2024-09-30,202409,02528151,IF 02528151,10896895138.0,891
2024-09-30,202409,04715685,IF 04715685,10861636647.0,892
2024-09-30,202409,19875244,IF 19875244,10848258539.0,893
2024-09-30,202409,45283173,IF 45283173,10654611307.0,894
2024-09-30,202409,04894460,IF 04894460,10651374761.0,895
2024-09-30,202409,18810553,IF 18810553,10596715369.0,896
2024-09-30,202409,05956581,IF 05956581,10584190444.0,897
2024-09-30,202409,03603683,IF 03603683,10563905369.0,898
2024-09-30,202409,25238191,IF 25238191,10541971191.0,899
2024-09-30,202409,28683892,IF 28683892,10535203358.0,900
2024-09-30,202409,13966572,IF 13966572,10519639726.0,901
2024-09-30,202409,09463721,IF 09463721,10468769383.0,902
2024-09-30,202409,09330158,IF 09330158,10453043681.0,903
2024-09-30,202409,04257795,IF 04257795,10420348811.0,904
2024-09-30,202409,44401800,IF 44401800,10418614611.0,905
2024-09-30,202409,33042151,IF 33042151,10387681202.0,906
2024-09-30,202409,03000142,IF 03000142,10376106049.0,907
2024-09-30,202409,02309070,IF 02309070,10233335655.0,908
2024-09-30,202409,30765018,IF 30765018,10179965894.0,909
2024-09-30,202409,10175348,IF 10175348,10054583175.0,910
2024-09-30,202409,01635462,IF 01635462,10043168269.0,911
2024-09-30,202409,03862898,IF 03862898,9994708826.0,912
2024-09-30,202409,04230630,IF 04230630,9955697242.0,913
2024-09-30,202409,32648370,IF 32648370,9701203014.0,914
2024-09-30,202409,09105360,IF 09105360,9665297543.0,915
2024-09-30,202409,02833202,IF 02833202,9579453345.0,916
2024-09-30,202409,51489318,IF 51489318,9558033635.0,917
2024-09-30,202409,01374196,IF 01374196,9372120346.0,918
2024-09-30,202409,03848103,IF 03848103,9368237819.0,919
2024-09-30,202409,08041950,IF 08041950,9311485061.0,920
2024-09-30,202409,73622748,IF 73622748,9298468137.0,921
2024-09-30,202409,38224857,IF 38224857,9258155492.0,922
2024-09-30,202409,17315359,IF 17315359,9104717093.0,923
2024-09-30,202409,39519944,IF 39519944,9064504774.0,924
2024-09-30,202409,02924977,IF 02924977,8966422463.0,925
2024-09-30,202409,62562012,IF 62562012,8947707491.0,926
2024-09-30,202409,64739121,IF 64739121,8875174281.0,927
2024-09-30,202409,01709266,IF 01709266,8874004686.0,928
2024-09-30,202409,36864992,IF 36864992,8711655472.0,929
2024-09-30,202409,05883884,IF 05883884,8664402654.0,930
2024-09-30,202409,33924028,IF 33924028,8643932738.0,931
2024-09-30,202409,18945670,IF 18945670,8617279947.0,932
2024-09-30,202409,09579249,IF 09579249,8440378978.0,933
2024-09-30,202409,05667301,IF 05667301,8432131647.0,934
2024-09-30,202409,22575466,IF 22575466,8401202958.0,935
2024-09-30,202409,48176336,IF 48176336,8353602893.0,936
2024-09-30,202409,35136120,IF 35136120,8322092095.0,937
2024-09-30,202409,92935741,IF 92935741,8233519545.0,938
2024-09-30,202409,04985665,IF 04985665,8169500634.0,939
2024-09-30,202409,54403563,IF 54403563,7982992910.0,940
2024-09-30,202409,02217068,IF 02217068,7971907814.0,941
2024-09-30,202409,74248949,IF 74248949,7850426428.0,942
2024-09-30,202409,33850686,IF 33850686,7842457287.0,943
2024-09-30,202409,03662047,IF 03662047,7786943309.0,944
2024-09-30,202409,07669921,IF 07669921,7774472797.0,945
2024-09-30,202409,03732359,IF 03732359,7723258981.0,946
2024-09-30,202409,28650236,IF 28650236,7714221225.0,947
2024-09-30,202409,02447120,IF 02447120,7651187793.0,948
2024-09-30,202409,00806535,IF 00806535,7594710916.0,949
2024-09-30,202409,37715993,IF 37715993,7590081136.0,950
2024-09-30,202409,16695922,IF 16695922,7526901775.0,951
2024-09-30,202409,89280960,IF 89280960,7526565068.0,952
2024-09-30,202409,57839805,IF 57839805,7482884878.0,953
2024-09-30,202409,04307598,IF 04307598,7479743434.0,954
2024-09-30,202409,66262643,IF 66262643,7475515702.0,955
2024-09-30,202409,13178690,IF 13178690,7432137852.0,956
2024-09-30,202409,03102185,IF 03102185,7411410658.0,957
2024-09-30,202409,12392983,IF 12392983,7369701414.0,958
2024-09-30,202409,19402130,IF 19402130,7294941927.0,959
2024-09-30,202409,10209619,IF 10209619,7286390230.0,960
2024-09-30,202409,34471744,IF 34471744,7230603973.0,961
2024-09-30,202409,27171974,IF 27171974,7121295466.0,962
2024-09-30,202409,47074323,IF 47074323,7109084421.0,963
2024-09-30,202409,07299480,IF 07299480,7077666097.0,964
2024-09-30,202409,11969853,IF 11969853,6929278410.0,965
2024-09-30,202409,71336432,IF 71336432,6909385401.0,966
2024-09-30,202409,07494300,IF 07494300,6815949423.0,967
2024-09-30,202409,74244344,IF 74244344,6742102487.0,968
2024-09-30,202409,35084163,IF 35084163,6688760671.0,969
2024-09-30,202409,03139644,IF 03139644,6680896818.0,970
2024-09-30,202409,19962468,IF 19962468,6646715447.0,971
2024-09-30,202409,05545390,IF 05545390,6634593832.0,972
2024-09-30,202409,36947229,IF 36947229,6577681935.0,973
2024-09-30,202409,42934794,IF 42934794,6563524473.0,974
2024-09-30,202409,58158387,IF 58158387,6549614151.0,975
2024-09-30,202409,10769660,IF 10769660,6517516561.0,976
2024-09-30,202409,00068987,IF 00068987,6511168750.0,977
2024-09-30,202409,27084098,IF 27084098,6507635056.0,978
2024-09-30,202409,68228006,IF 68228006,6480865673.0,979
2024-09-30,202409,08673569,IF 08673569,6445653894.0,980
2024-09-30,202409,02197569,IF 02197569,6441100367.0,981
2024-09-30,202409,02093154,IF 02093154,6337298655.0,982
2024-09-30,202409,60872983,IF 60872983,6329411568.0,983
2024-09-30,202409,11970623,IF 11970623,6292567088.0,984
2024-09-30,202409,32997490,IF 32997490,6276012725.0,985
2024-09-30,202409,07747410,IF 07747410,6238868947.0,986
2024-09-30,202409,21332862,IF 21332862,6196674959.0,987
2024-09-30,202409,02992317,IF 02992317,6191586555.0,988
2024-09-30,202409,35470647,IF 35470647,6184008298.0,989
2024-09-30,202409,32615247,IF 32615247,6145485898.0,990
2024-09-30,202409,33817677,IF 33817677,6119965747.0,991
2024-09-30,202409,11758741,IF 11758741,6057821102.0,992
2024-09-30,202409,05474540,IF 05474540,5988987886.0,993
2024-09-30,202409,26960328,IF 26960328,5888564431.0,994
2024-09-30,202409,11495073,IF 11495073,5885073003.0,995
2024-09-30,202409,41805003,IF 41805003,5868959944.0,996
2024-09-30,202409,20961629,IF 20961629,5866630952.0,997
2024-09-30,202409,12481100,IF 12481100,5789722573.0,998
2024-09-30,202409,67030395,IF 67030395,5781276887.0,999
2024-09-30,202409,12473687,IF 12473687,5776919462.0,1000
2024-09-30,202409,17312083,IF 17312083,5753358984.0,1001
2024-09-30,202409,08609934,IF 08609934,5696581208.0,1002
2024-09-30,202409,05983995,IF 05983995,5594286856.0,1003
2024-09-30,202409,01187961,IF 01187961,5554409909.0,1004
2024-09-30,202409,26191078,IF 26191078,5481771345.0,1005
2024-09-30,202409,24074692,IF 24074692,5468517006.0,1006
2024-09-30,202409,40654622,IF 40654622,5445588845.0,1007
2024-09-30,202409,51010858,IF 51010858,5325007188.0,1008
2024-09-30,202409,02853045,IF 02853045,5260729081.0,1009
2024-09-30,202409,08143326,IF 08143326,5247717876.0,1010
2024-09-30,202409,35810871,IF 35810871,5243453798.0,1011
2024-09-30,202409,00714671,IF 00714671,5233543462.0,1012
2024-09-30,202409,03575699,IF 03575699,5146985047.0,1013
2024-09-30,202409,30507541,IF 30507541,5123856967.0,1014
2024-09-30,202409,62795257,IF 62795257,5119812179.0,1015
2024-09-30,202409,09033698,IF 09033698,5090423475.0,1016
2024-09-30,202409,17192451,IF 17192451,5086064255.0,1017
2024-09-30,202409,18520834,IF 18520834,5077086572.0,1018
2024-09-30,202409,92764489,IF 92764489,5066754427.0,1019
2024-09-30,202409,45756448,IF 45756448,4984203883.0,1020
2024-09-30,202409,33959738,IF 33959738,4983225414.0,1021
2024-09-30,202409,71677850,IF 71677850,4925459657.0,1022
2024-09-30,202409,27970567,IF 27970567,4915381986.0,1023
2024-09-30,202409,33588252,IF 33588252,4858452141.0,1024
2024-09-30,202409,01330387,IF 01330387,4844195924.0,1025
2024-09-30,202409,09512542,IF 09512542,4833126168.0,1026
2024-09-30,202409,03612679,IF 03612679,4829350832.0,1027
2024-09-30,202409,11406965,IF 11406965,4795957191.0,1028
2024-09-30,202409,33370115,IF 33370115,4779302398.0,1029
2024-09-30,202409,61190658,IF 61190658,4766022431.0,1030
2024-09-30,202409,11414839,IF 11414839,4748940975.0,1031
2024-09-30,202409,40083667,IF 40083667,4747012948.0,1032
2024-09-30,202409,08844074,IF 08844074,4635469717.0,1033
2024-09-30,202409,01864151,IF 01864151,4635162854.0,1034
2024-09-30,202409,04306351,IF 04306351,4602673375.0,1035
2024-09-30,202409,63062749,IF 63062749,4575339901.0,1036
2024-09-30,202409,08257293,IF 08257293,4539163695.0,1037
2024-09-30,202409,09004796,IF 09004796,4428844914.0,1038
2024-09-30,202409,83325811,IF 83325811,4405909518.0,1039
2024-09-30,202409,13720915,IF 13720915,4402907943.0,1040
2024-09-30,202409,05816451,IF 05816451,4353026455.0,1041
2024-09-30,202409,92858380,IF 92858380,4314835273.0,1042
2024-09-30,202409,06339468,IF 06339468,4286695553.0,1043
2024-09-30,202409,02024442,IF 02024442,4270886075.0,1044
2024-09-30,202409,39993186,IF 39993186,4262840867.0,1045
2024-09-30,202409,41753500,IF 41753500,4235995038.0,1046
2024-09-30,202409,07799277,IF 07799277,4195944876.0,1047
2024-09-30,202409,05211129,IF 05211129,4161685530.0,1048
2024-09-30,202409,17819084,IF 17819084,4160312318.0,1049
2024-09-30,202409,04694278,IF 04694278,4134787507.0,1050
2024-09-30,202409,32708748,IF 32708748,4112954514.0,1051
2024-09-30,202409,68757681,IF 68757681,4103311998.0,1052
2024-09-30,202409,40276692,IF 40276692,4068063525.0,1053
2024-09-30,202409,03973814,IF 03973814,4005272699.0,1054
2024-09-30,202409,00250699,IF 00250699,3949299689.0,1055
2024-09-30,202409,53776852,IF 53776852,3944877153.0,1056
2024-09-30,202409,71418784,IF 71418784,3849377024.0,1057
2024-09-30,202409,33886862,IF 33886862,3803957966.0,1058
2024-09-30,202409,62284385,IF 62284385,3786950034.0,1059
2024-09-30,202409,11491029,IF 11491029,3729041346.0,1060
2024-09-30,202409,12272183,IF 12272183,3721745178.0,1061
2024-09-30,202409,18188384,IF 18188384,3721435692.0,1062
2024-09-30,202409,92875780,IF 92875780,3719066763.0,1063
2024-09-30,202409,40303299,IF 40303299,3635678714.0,1064
2024-09-30,202409,02480577,IF 02480577,3623907336.0,1065
2024-09-30,202409,39587424,IF 39587424,3576178503.0,1066
2024-09-30,202409,02883398,IF 02883398,3548461125.0,1067
2024-09-30,202409,01205736,IF 01205736,3516627097.0,1068
2024-09-30,202409,01062439,IF 01062439,3494492754.0,1069
2024-09-30,202409,39738065,IF 39738065,3477372446.0,1070
2024-09-30,202409,18140913,IF 18140913,3419001487.0,1071
2024-09-30,202409,88325113,IF 88325113,3407304308.0,1072
2024-09-30,202409,07853842,IF 07853842,3396310869.0,1073
2024-09-30,202409,53720128,IF 53720128,3367786370.0,1074
2024-09-30,202409,40475846,IF 40475846,3354743211.0,1075
2024-09-30,202409,44128548,IF 44128548,3339996879.0,1076
2024-09-30,202409,35274306,IF 35274306,3313768009.0,1077
2024-09-30,202409,37470405,IF 37470405,3294598334.0,1078
2024-09-30,202409,02285107,IF 02285107,3291611805.0,1079
2024-09-30,202409,02072790,IF 02072790,3272293811.0,1080
2024-09-30,202409,05491616,IF 05491616,3256567048.0,1081
2024-09-30,202409,72128440,IF 72128440,3224600674.0,1082
2024-09-30,202409,46241852,IF 46241852,3166669849.0,1083
2024-09-30,202409,48718183,IF 48718183,3145562295.0,1084
2024-09-30,202409,44746352,IF 44746352,3096586036.0,1085
2024-09-30,202409,40434681,IF 40434681,3084624881.0,1086
2024-09-30,202409,40429946,IF 40429946,3079620097.0,1087
2024-09-30,202409,16564240,IF 16564240,3047806395.0,1088
2024-09-30,202409,73092827,IF 73092827,3029085366.0,1089
2024-09-30,202409,07554076,IF 07554076,3008161343.0,1090
2024-09-30,202409,08240446,IF 08240446,2971820615.0,1091
2024-09-30,202409,04414354,IF 04414354,2960839709.0,1092
2024-09-30,202409,03750034,IF 03750034,2909011472.0,1093
2024-09-30,202409,45745537,IF 45745537,2899163287.0,1094
2024-09-30,202409,04321309,IF 04321309,2892496736.0,1095
2024-09-30,202409,57563728,IF 57563728,2868168889.0,1096
2024-09-30,202409,37134759,IF 37134759,2845285565.0,1097
2024-09-30,202409,51342763,IF 51342763,2816958464.0,1098
2024-09-30,202409,38429045,IF 38429045,2759890161.0,1099
2024-09-30,202409,67341487,IF 67341487,2754476849.0,1100
2024-09-30,202409,23241540,IF 23241540,2734047729.0,1101
2024-09-30,202409,67915868,IF 67915868,2713514387.0,1102
2024-09-30,202409,03535065,IF 03535065,2702461791.0,1103
2024-09-30,202409,44705774,IF 44705774,2701465192.0,1104
2024-09-30,202409,16683062,IF 16683062,2659862089.0,1105
2024-09-30,202409,16944141,IF 16944141,2658281792.0,1106
2024-09-30,202409,45220646,IF 45220646,2634270497.0,1107
2024-09-30,202409,17364795,IF 17364795,2598626613.0,1108
2024-09-30,202409,07714057,IF 07714057,2550263312.0,1109
2024-09-30,202409,03634239,IF 03634239,2529497913.0,1110
2024-09-30,202409,69720894,IF 69720894,2517824726.0,1111
2024-09-30,202409,04853988,IF 04853988,2504250941.0,1112
2024-09-30,202409,07320890,IF 07320890,2487607866.0,1113
2024-09-30,202409,02927433,IF 02927433,2448486511.0,1114
2024-09-30,202409,48430050,IF 48430050,2448396518.0,1115
2024-09-30,202409,05040680,IF 05040680,2346380952.0,1116
2024-09-30,202409,04791645,IF 04791645,2341830267.0,1117
2024-09-30,202409,04831810,IF 04831810,2331712327.0,1118
2024-09-30,202409,36452762,IF 36452762,2323242184.0,1119
2024-09-30,202409,43182278,IF 43182278,2317396176.0,1120
2024-09-30,202409,53846242,IF 53846242,2283265228.0,1121
2024-09-30,202409,20062766,IF 20062766,2255831053.0,1122
2024-09-30,202409,00694877,IF 00694877,2235281274.0,1123
2024-09-30,202409,34088029,IF 34088029,2224881462.0,1124
2024-09-30,202409,17314501,IF 17314501,2187400506.0,1125
2024-09-30,202409,39664698,IF 39664698,2174775388.0,1126
2024-09-30,202409,05548335,IF 05548335,2170264209.0,1127
2024-09-30,202409,54335401,IF 54335401,2169216355.0,1128
2024-09-30,202409,17352220,IF 17352220,2168369095.0,1129
2024-09-30,202409,15173776,IF 15173776,2130245131.0,1130
2024-09-30,202409,58022195,IF 58022195,2120421484.0,1131
2024-09-30,202409,62928320,IF 62928320,2108714563.0,1132
2024-09-30,202409,53505681,IF 53505681,2106426868.0,1133
2024-09-30,202409,48703388,IF 48703388,2092490375.0,1134
2024-09-30,202409,00946465,IF 00946465,2063492895.0,1135
2024-09-30,202409,34265629,IF 34265629,2049878077.0,1136
2024-09-30,202409,01788147,IF 01788147,2041724301.0,1137
2024-09-30,202409,62090873,IF 62090873,2040265490.0,1138
2024-09-30,202409,32192325,IF 32192325,2019712776.0,1139
2024-09-30,202409,04998845,IF 04998845,2003068646.0,1140
2024-09-30,202409,07397614,IF 07397614,1999115977.0,1141
2024-09-30,202409,30944783,IF 30944783,1983323816.0,1142
2024-09-30,202409,36586946,IF 36586946,1980413455.0,1143
2024-09-30,202409,43730498,IF 43730498,1962682526.0,1144
2024-09-30,202409,02929977,IF 02929977,1958890383.0,1145
2024-09-30,202409,01582158,IF 01582158,1941922482.0,1146
2024-09-30,202409,44527444,IF 44527444,1940063158.0,1147
2024-09-30,202409,68969625,IF 68969625,1924846443.0,1148
2024-09-30,202409,17508380,IF 17508380,1919974671.0,1149
2024-09-30,202409,21040668,IF 21040668,1914246244.0,1150
2024-09-30,202409,53184438,IF 53184438,1903164018.0,1151
2024-09-30,202409,17312661,IF 17312661,1872607463.0,1152
2024-09-30,202409,22639377,IF 22639377,1851810553.0,1153
2024-09-30,202409,18310649,IF 18310649,1839571957.0,1154
2024-09-30,202409,59620708,IF 59620708,1832640785.0,1155
2024-09-30,202409,01235921,IF 01235921,1824298515.0,1156
2024-09-30,202409,02083914,IF 02083914,1813544039.0,1157
2024-09-30,202409,32422628,IF 32422628,1794356064.0,1158
2024-09-30,202409,30980539,IF 30980539,1789690096.0,1159
2024-09-30,202409,17502881,IF 17502881,1761416676.0,1160
2024-09-30,202409,07631026,IF 07631026,1757485781.0,1161
2024-09-30,202409,02179673,IF 02179673,1743977748.0,1162
2024-09-30,202409,35551187,IF 35551187,1722675672.0,1163
2024-09-30,202409,60394079,IF 60394079,1718987611.0,1164
2024-09-30,202409,05097757,IF 05097757,1713747065.0,1165
2024-09-30,202409,46403683,IF 46403683,1705202878.0,1166
2024-09-30,202409,57440521,IF 57440521,1696084897.0,1167
2024-09-30,202409,04886317,IF 04886317,1691915894.0,1168
2024-09-30,202409,04249235,IF 04249235,1689911334.0,1169
2024-09-30,202409,02588819,IF 02588819,1682197213.0,1170
2024-09-30,202409,53263331,IF 53263331,1680099025.0,1171
2024-09-30,202409,06975532,IF 06975532,1672977115.0,1172
2024-09-30,202409,03317692,IF 03317692,1648015651.0,1173
2024-09-30,202409,18846364,IF 18846364,1643527693.0,1174
2024-09-30,202409,26758433,IF 26758433,1639312565.0,1175
2024-09-30,202409,28979546,IF 28979546,1634276364.0,1176
2024-09-30,202409,73631483,IF 73631483,1623930418.0,1177
2024-09-30,202409,01699652,IF 01699652,1622738292.0,1178
2024-09-30,202409,02814832,IF 02814832,1621472866.0,1179
2024-09-30,202409,32074986,IF 32074986,1602364836.0,1180
2024-09-30,202409,92675578,IF 92675578,1593427942.0,1181
2024-09-30,202409,62280490,IF 62280490,1592229413.0,1182
2024-09-30,202409,12651789,IF 12651789,1579990294.0,1183
2024-09-30,202409,02115870,IF 02115870,1572179792.0,1184
2024-09-30,202409,30949267,IF 30949267,1565472816.0,1185
2024-09-30,202409,08030215,IF 08030215,1522063198.0,1186
2024-09-30,202409,39321657,IF 39321657,1514065483.0,1187
2024-09-30,202409,18684408,IF 18684408,1510140319.0,1188
2024-09-30,202409,04649337,IF 04649337,1509630098.0,1189
2024-09-30,202409,44292580,IF 44292580,1499179665.0,1190
2024-09-30,202409,02031139,IF 02031139,1497720636.0,1191
2024-09-30,202409,27842177,IF 27842177,1490654455.0,1192
2024-09-30,202409,03844699,IF 03844699,1479554016.0,1193
2024-09-30,202409,02671743,IF 02671743,1460965488.0,1194
2024-09-30,202409,42047025,IF 42047025,1459845289.0,1195
2024-09-30,202409,72600026,IF 72600026,1457761411.0,1196
2024-09-30,202409,49654502,IF 49654502,1445458054.0,1197
2024-09-30,202409,29341260,IF 29341260,1443576645.0,1198
2024-09-30,202409,57545436,IF 57545436,1438365025.0,1199
2024-09-30,202409,20833976,IF 20833976,1436489588.0,1200
2024-09-30,202409,39669186,IF 39669186,1430615547.0,1201
2024-09-30,202409,03639902,IF 03639902,1421602852.0,1202
2024-09-30,202409,33894445,IF 33894445,1418620505.0,1203
2024-09-30,202409,37229413,IF 37229413,1417620924.0,1204
2024-09-30,202409,41791005,IF 41791005,1416001083.0,1205
2024-09-30,202409,53146221,IF 53146221,1415636975.0,1206
2024-09-30,202409,24537861,IF 24537861,1408999408.0,1207
2024-09-30,202409,01288797,IF 01288797,1400580222.0,1208
2024-09-30,202409,20622809,IF 20622809,1398588776.0,1209
2024-09-30,202409,42066258,IF 42066258,1394616109.0,1210
2024-09-30,202409,27302181,IF 27302181,1387790807.0,1211
2024-09-30,202409,03941182,IF 03941182,1374086138.0,1212
2024-09-30,202409,02232228,IF 02232228,1367460792.0,1213
2024-09-30,202409,53841911,IF 53841911,1351353191.0,1214
2024-09-30,202409,16651002,IF 16651002,1335312938.0,1215
2024-09-30,202409,00991739,IF 00991739,1311624028.0,1216
2024-09-30,202409,00460065,IF 00460065,1309543799.0,1217
2024-09-30,202409,05684234,IF 05684234,1306475923.0,1218
2024-09-30,202409,64293582,IF 64293582,1294553291.0,1219
2024-09-30,202409,47631123,IF 47631123,1286500535.0,1220
2024-09-30,202409,45331622,IF 45331622,1261375917.0,1221
2024-09-30,202409,02685483,IF 02685483,1255880481.0,1222
2024-09-30,202409,43050917,IF 43050917,1233762189.0,1223
2024-09-30,202409,43167610,IF 43167610,1223821805.0,1224
2024-09-30,202409,49555647,IF 49555647,1215282755.0,1225
2024-09-30,202409,33735192,IF 33735192,1214530835.0,1226
2024-09-30,202409,59305565,IF 59305565,1203922569.0,1227
2024-09-30,202409,40353377,IF 40353377,1199859003.0,1228
2024-09-30,202409,48755901,IF 48755901,1175142538.0,1229
2024-09-30,202409,71965313,IF 71965313,1159417032.0,1230
2024-09-30,202409,40867163,IF 40867163,1158397622.0,1231
2024-09-30,202409,33851064,IF 33851064,1153698349.0,1232
2024-09-30,202409,57038408,IF 57038408,1140693075.0,1233
2024-09-30,202409,47593544,IF 47593544,1140448856.0,1234
2024-09-30,202409,49091119,IF 49091119,1134660218.0,1235
2024-09-30,202409,47196084,IF 47196084,1131130529.0,1236
2024-09-30,202409,10853017,IF 10853017,1111684473.0,1237
2024-09-30,202409,11165756,IF 11165756,1100744202.0,1238
2024-09-30,202409,04608925,IF 04608925,1090133121.0,1239
2024-09-30,202409,18394228,IF 18394228,1057621999.0,1240
2024-09-30,202409,52623311,IF 52623311,1037559079.0,1241
2024-09-30,202409,35479592,IF 35479592,1035639804.0,1242
2024-09-30,202409,49204605,IF 49204605,1030347888.0,1243
2024-09-30,202409,04316357,IF 04316357,1029947303.0,1244
2024-09-30,202409,20251847,IF 20251847,1024236025.0,1245
2024-09-30,202409,40269467,IF 40269467,1011321285.0,1246
2024-09-30,202409,02904138,IF 02904138,1009057980.0,1247
2024-09-30,202409,54733010,IF 54733010,1007341202.0,1248
2024-09-30,202409,73302408,IF 73302408,1004545143.0,1249
2024-09-30,202409,35534511,IF 35534511,987845865.0,1250
2024-09-30,202409,06078926,IF 06078926,986822780.0,1251
2024-09-30,202409,03311443,IF 03311443,975060800.0,1252
2024-09-30,202409,02104058,IF 02104058,954510926.0,1253
2024-09-30,202409,06132348,IF 06132348,949703062.0,1254
2024-09-30,202409,04804353,IF 04804353,936136643.0,1255
2024-09-30,202409,05746715,IF 05746715,927591112.0,1256
2024-09-30,202409,40333582,IF 40333582,926328361.0,1257
2024-09-30,202409,14190547,IF 14190547,911900959.0,1258
2024-09-30,202409,71384697,IF 71384697,910157091.0,1259
2024-09-30,202409,08482873,IF 08482873,902886227.0,1260
2024-09-30,202409,09488496,IF 09488496,900018391.0,1261
2024-09-30,202409,57259525,IF 57259525,892342773.0,1262
2024-09-30,202409,49947715,IF 49947715,889788395.0,1263
2024-09-30,202409,92825397,IF 92825397,888177222.0,1264
2024-09-30,202409,00778858,IF 00778858,886834571.0,1265
2024-09-30,202409,43268960,IF 43268960,884438802.0,1266
2024-09-30,202409,34666362,IF 34666362,877328161.0,1267
2024-09-30,202409,51212088,IF 51212088,876444327.0,1268
2024-09-30,202409,57598120,IF 57598120,873192425.0,1269
2024-09-30,202409,07693858,IF 07693858,870750466.0,1270
2024-09-30,202409,52935442,IF 52935442,870236353.0,1271
2024-09-30,202409,28145589,IF 28145589,865301839.0,1272
2024-09-30,202409,02276653,IF 02276653,863831455.0,1273
2024-09-30,202409,87963450,IF 87963450,856227309.0,1274
2024-09-30,202409,00731320,IF 00731320,853111787.0,1275
2024-09-30,202409,74220948,IF 74220948,852570375.0,1276
2024-09-30,202409,44650156,IF 44650156,848280055.0,1277
2024-09-30,202409,42100982,IF 42100982,843726951.0,1278
2024-09-30,202409,45045671,IF 45045671,833762447.0,1279
2024-09-30,202409,38593706,IF 38593706,831465558.0,1280
2024-09-30,202409,04062902,IF 04062902,824513811.0,1281
2024-09-30,202409,05841967,IF 05841967,823396441.0,1282
2024-09-30,202409,35977097,IF 35977097,818115075.0,1283
2024-09-30,202409,13673855,IF 13673855,817412506.0,1284
2024-09-30,202409,96409263,IF 96409263,817284045.0,1285
2024-09-30,202409,08430732,IF 08430732,807421655.0,1286
2024-09-30,202409,92236777,IF 92236777,777394563.0,1287
2024-09-30,202409,13660104,IF 13660104,776270428.0,1288
2024-09-30,202409,44728700,IF 44728700,769380482.0,1289
2024-09-30,202409,37763847,IF 37763847,766591278.0,1290
2024-09-30,202409,45457891,IF 45457891,765588985.0,1291
2024-09-30,202409,48140925,IF 48140925,754471417.0,1292
2024-09-30,202409,06373777,IF 06373777,741109588.0,1293
2024-09-30,202409,41219353,IF 41219353,726199458.0,1294
2024-09-30,202409,00512839,IF 00512839,720377926.0,1295
2024-09-30,202409,50579044,IF 50579044,717147121.0,1296
2024-09-30,202409,10808037,IF 10808037,714616518.0,1297
2024-09-30,202409,46026562,IF 46026562,705622595.0,1298
2024-09-30,202409,17607375,IF 17607375,696814567.0,1299
2024-09-30,202409,45860531,IF 45860531,691762382.0,1300
2024-09-30,202409,33890605,IF 33890605,686293397.0,1301
2024-09-30,202409,48172860,IF 48172860,682844238.0,1302
2024-09-30,202409,00913314,IF 00913314,680545307.0,1303
2024-09-30,202409,06077760,IF 06077760,679880203.0,1304
2024-09-30,202409,21995256,IF 21995256,678141312.0,1305
2024-09-30,202409,15482499,IF 15482499,678010493.0,1306
2024-09-30,202409,00141155,IF 00141155,659008386.0,1307
2024-09-30,202409,43446335,IF 43446335,650244682.0,1308
2024-09-30,202409,64835226,IF 64835226,629817957.0,1309
2024-09-30,202409,04684647,IF 04684647,625944441.0,1310
2024-09-30,202409,05419025,IF 05419025,617809829.0,1311
2024-09-30,202409,03422007,IF 03422007,617402844.0,1312
2024-09-30,202409,53932869,IF 53932869,612893214.0,1313
2024-09-30,202409,05969937,IF 05969937,610211977.0,1314
2024-09-30,202409,91018408,IF 91018408,606224374.0,1315
2024-09-30,202409,48584954,IF 48584954,602289236.0,1316
2024-09-30,202409,19495266,IF 19495266,598387559.0,1317
2024-09-30,202409,42622791,IF 42622791,589702668.0,1318
2024-09-30,202409,20155248,IF 20155248,588424447.0,1319
2024-09-30,202409,48529228,IF 48529228,587340449.0,1320
2024-09-30,202409,76621457,IF 76621457,586840327.0,1321
2024-09-30,202409,01504952,IF 01504952,582903474.0,1322
2024-09-30,202409,17441197,IF 17441197,581553613.0,1323
2024-09-30,202409,08850613,IF 08850613,577000131.0,1324
2024-09-30,202409,55319370,IF 55319370,573884484.0,1325
2024-09-30,202409,00999403,IF 00999403,568379766.0,1326
2024-09-30,202409,53800488,IF 53800488,560277903.0,1327
2024-09-30,202409,15489568,IF 15489568,559350062.0,1328
2024-09-30,202409,18287740,IF 18287740,559101735.0,1329
2024-09-30,202409,46505612,IF 46505612,558053815.0,1330
2024-09-30,202409,08323197,IF 08323197,555760575.0,1331
2024-09-30,202409,67031757,IF 67031757,552303711.0,1332
2024-09-30,202409,02541707,IF 02541707,551182343.0,1333
2024-09-30,202409,88952130,IF 88952130,548726953.0,1334
2024-09-30,202409,19086249,IF 19086249,544237014.0,1335
2024-09-30,202409,17904906,IF 17904906,530435341.0,1336
2024-09-30,202409,12063256,IF 12063256,530299591.0,1337
2024-09-30,202409,44223196,IF 44223196,526931251.0,1338
2024-09-30,202409,37678915,IF 37678915,526051889.0,1339
2024-09-30,202409,42963742,IF 42963742,523311548.0,1340
2024-09-30,202409,44077014,IF 44077014,518419321.0,1341
2024-09-30,202409,50286774,IF 50286774,517255701.0,1342
2024-09-30,202409,94968518,IF 94968518,511557006.0,1343
2024-09-30,202409,65645137,IF 65645137,509954564.0,1344
2024-09-30,202409,62237649,IF 62237649,505298061.0,1345
2024-09-30,202409,57996878,IF 57996878,500807568.0,1346
2024-09-30,202409,48528314,IF 48528314,498707168.0,1347
2024-09-30,202409,03990888,IF 03990888,498105772.0,1348
2024-09-30,202409,54647259,IF 54647259,495142733.0,1349
2024-09-30,202409,51118718,IF 51118718,488641128.0,1350
2024-09-30,202409,05740092,IF 05740092,479724852.0,1351
2024-09-30,202409,30304919,IF 30304919,467728764.0,1352
2024-09-30,202409,51834986,IF 51834986,466211686.0,1353
2024-09-30,202409,72952138,IF 72952138,459568369.0,1354
2024-09-30,202409,02230138,IF 02230138,440531056.0,1355
2024-09-30,202409,30586895,IF 30586895,439046151.0,1356
2024-09-30,202409,48721937,IF 48721937,438516701.0,1357
2024-09-30,202409,39676772,IF 39676772,435724858.0,1358
2024-09-30,202409,44683140,IF 44683140,435384493.0,1359
2024-09-30,202409,44478623,IF 44478623,434667031.0,1360
2024-09-30,202409,38129006,IF 38129006,412879814.0,1361
2024-09-30,202409,37414009,IF 37414009,412348949.0,1362
2024-09-30,202409,30183111,IF 30183111,405723544.0,1363
2024-09-30,202409,44019481,IF 44019481,405707103.0,1364
2024-09-30,202409,34747388,IF 34747388,403337776.0,1365
2024-09-30,202409,49889190,IF 49889190,401279551.0,1366
2024-09-30,202409,05442029,IF 05442029,399718319.0,1367
2024-09-30,202409,05747018,IF 05747018,398079272.0,1368
2024-09-30,202409,76641497,IF 76641497,396535259.0,1369
2024-09-30,202409,09210106,IF 09210106,394822043.0,1370
2024-09-30,202409,51556307,IF 51556307,393712161.0,1371
2024-09-30,202409,25674235,IF 25674235,392707592.0,1372
2024-09-30,202409,31746993,IF 31746993,391272522.0,1373
2024-09-30,202409,10749264,IF 10749264,389438622.0,1374
2024-09-30,202409,17411307,IF 17411307,387370684.0,1375
2024-09-30,202409,73279093,IF 73279093,387082683.0,1376
2024-09-30,202409,44471172,IF 44471172,385771706.0,1377
2024-09-30,202409,34139916,IF 34139916,376260434.0,1378
2024-09-30,202409,21130869,IF 21130869,374806309.0,1379
2024-09-30,202409,33132044,IF 33132044,371780176.0,1380
2024-09-30,202409,01997612,IF 01997612,368432585.0,1381
2024-09-30,202409,02275781,IF 02275781,365896076.0,1382
2024-09-30,202409,01551820,IF 01551820,361690479.0,1383
2024-09-30,202409,47227569,IF 47227569,357038636.0,1384
2024-09-30,202409,45068632,IF 45068632,355532209.0,1385
2024-09-30,202409,90278987,IF 90278987,354568067.0,1386
2024-09-30,202409,26615279,IF 26615279,353412658.0,1387
2024-09-30,202409,00548980,IF 00548980,351408498.0,1388
2024-09-30,202409,42259084,IF 42259084,350796857.0,1389
2024-09-30,202409,51414521,IF 51414521,347668893.0,1390
2024-09-30,202409,28885036,IF 28885036,346471493.0,1391
2024-09-30,202409,52690487,IF 52690487,338787881.0,1392
2024-09-30,202409,49288113,IF 49288113,337006543.0,1393
2024-09-30,202409,15227994,IF 15227994,336440981.0,1394
2024-09-30,202409,34254279,IF 34254279,335993085.0,1395
2024-09-30,202409,38146949,IF 38146949,334022246.0,1396
2024-09-30,202409,01107759,IF 01107759,332580339.0,1397
2024-09-30,202409,48552108,IF 48552108,326576177.0,1398
2024-09-30,202409,09128022,IF 09128022,326187152.0,1399
2024-09-30,202409,03674133,IF 03674133,319576152.0,1400
2024-09-30,202409,46743997,IF 46743997,314903658.0,1401
2024-09-30,202409,21597133,IF 21597133,309150727.0,1402
2024-09-30,202409,97447304,IF 97447304,306547664.0,1403
2024-09-30,202409,49931906,IF 49931906,305850565.0,1404
2024-09-30,202409,48756121,IF 48756121,305774886.0,1405
2024-09-30,202409,37526080,IF 37526080,300131096.0,1406
2024-09-30,202409,39416705,IF 39416705,299197955.0,1407
2024-09-30,202409,07651495,IF 07651495,295435403.0,1408
2024-09-30,202409,53385390,IF 53385390,294906161.0,1409
2024-09-30,202409,62605290,IF 62605290,291514837.0,1410
2024-09-30,202409,47944277,IF 47944277,289822135.0,1411
2024-09-30,202409,02192115,IF 02192115,281426888.0,1412
2024-09-30,202409,05331882,IF 05331882,276141216.0,1413
2024-09-30,202409,67600379,IF 67600379,274380558.0,1414
2024-09-30,202409,00336036,IF 00336036,269224109.0,1415
2024-09-30,202409,45597546,IF 45597546,267569261.0,1416
2024-09-30,202409,42445122,IF 42445122,264535756.0,1417
2024-09-30,202409,28762249,IF 28762249,257958194.0,1418
2024-09-30,202409,05658367,IF 05658367,257692271.0,1419
2024-09-30,202409,42723848,IF 42723848,256578856.0,1420
2024-09-30,202409,02910387,IF 02910387,253733115.0,1421
2024-09-30,202409,20158571,IF 20158571,253251341.0,1422
2024-09-30,202409,18145784,IF 18145784,250241059.0,1423
2024-09-30,202409,17635177,IF 17635177,249307831.0,1424
2024-09-30,202409,04849745,IF 04849745,248658288.0,1425
2024-09-30,202409,15213150,IF 15213150,244143310.0,1426
2024-09-30,202409,25280945,IF 25280945,238044562.0,1427
2024-09-30,202409,07945233,IF 07945233,234971428.0,1428
2024-09-30,202409,41592532,IF 41592532,229220494.0,1429
2024-09-30,202409,07327045,IF 07327045,228164169.0,1430
2024-09-30,202409,43438662,IF 43438662,225613043.0,1431
2024-09-30,202409,02850075,IF 02850075,225530313.0,1432
2024-09-30,202409,39431423,IF 39431423,225319094.0,1433
2024-09-30,202409,47215387,IF 47215387,224293585.0,1434
2024-09-30,202409,50946592,IF 50946592,220753804.0,1435
2024-09-30,202409,44353942,IF 44353942,218868014.0,1436
2024-09-30,202409,68742204,IF 68742204,218744806.0,1437
2024-09-30,202409,40112555,IF 40112555,218472413.0,1438
2024-09-30,202409,34190991,IF 34190991,216477804.0,1439
2024-09-30,202409,27348513,IF 27348513,213598152.0,1440
2024-09-30,202409,88183173,IF 88183173,211249861.0,1441
2024-09-30,202409,49933388,IF 49933388,205723512.0,1442
2024-09-30,202409,55428859,IF 55428859,204199087.0,1443
2024-09-30,202409,08931800,IF 08931800,204043514.0,1444
2024-09-30,202409,03058464,IF 03058464,200487020.0,1445
2024-09-30,202409,00881829,IF 00881829,198470066.0,1446
2024-09-30,202409,00129753,IF 00129753,196989546.0,1447
2024-09-30,202409,77162881,IF 77162881,196605413.0,1448
2024-09-30,202409,07253654,IF 07253654,196180780.0,1449
2024-09-30,202409,11356599,IF 11356599,194531131.0,1450
2024-09-30,202409,05591437,IF 05591437,192792284.0,1451
2024-09-30,202409,35911258,IF 35911258,192757544.0,1452
2024-09-30,202409,05289612,IF 05289612,191045559.0,1453
2024-09-30,202409,19324634,IF 19324634,190645384.0,1454
2024-09-30,202409,02738981,IF 02738981,188165338.0,1455
2024-09-30,202409,04152107,IF 04152107,187969122.0,1456
2024-09-30,202409,88043187,IF 88043187,187296014.0,1457
2024-09-30,202409,44815065,IF 44815065,186289288.0,1458
2024-09-30,202409,45716916,IF 45716916,184917054.0,1459
2024-09-30,202409,06942423,IF 06942423,178166648.0,1460
2024-09-30,202409,35340796,IF 35340796,177975529.0,1461
2024-09-30,202409,15122605,IF 15122605,176392961.0,1462
2024-09-30,202409,37800856,IF 37800856,171889032.0,1463
2024-09-30,202409,68314921,IF 68314921,170514347.0,1464
2024-09-30,202409,20269566,IF 20269566,167237243.0,1465
2024-09-30,202409,48751854,IF 48751854,167034488.0,1466
2024-09-30,202409,72556996,IF 72556996,166069653.0,1467
2024-09-30,202409,52137361,IF 52137361,165018218.0,1468
2024-09-30,202409,46130566,IF 46130566,163732111.0,1469
2024-09-30,202409,44782130,IF 44782130,163447832.0,1470
2024-09-30,202409,51118615,IF 51118615,162007435.0,1471
2024-09-30,202409,42107706,IF 42107706,158539086.0,1472
2024-09-30,202409,48632754,IF 48632754,158392507.0,1473
2024-09-30,202409,01301541,IF 01301541,157677318.0,1474
2024-09-30,202409,50053267,IF 50053267,157373105.0,1475
2024-09-30,202409,16854999,IF 16854999,156113861.0,1476
2024-09-30,202409,43215815,IF 43215815,154337153.0,1477
2024-09-30,202409,17772370,IF 17772370,150806328.0,1478
2024-09-30,202409,75174953,IF 75174953,149982686.0,1479
2024-09-30,202409,43010260,IF 43010260,148622938.0,1480
2024-09-30,202409,80202872,IF 80202872,147608586.0,1481
2024-09-30,202409,49035310,IF 49035310,146365376.0,1482
2024-09-30,202409,34831910,IF 34831910,145829412.0,1483
2024-09-30,202409,50032584,IF 50032584,145422152.0,1484
2024-09-30,202409,56606230,IF 56606230,144461652.0,1485
2024-09-30,202409,44921281,IF 44921281,143817213.0,1486
2024-09-30,202409,48967968,IF 48967968,138626748.0,1487
2024-09-30,202409,29985421,IF 29985421,137193855.0,1488
2024-09-30,202409,71590442,IF 71590442,136309283.0,1489
2024-09-30,202409,10548608,IF 10548608,135865741.0,1490
2024-09-30,202409,44475245,IF 44475245,135524557.0,1491
2024-09-30,202409,06369729,IF 06369729,134941841.0,1492
2024-09-30,202409,40819834,IF 40819834,134243487.0,1493
2024-09-30,202409,04223451,IF 04223451,133529419.0,1494
2024-09-30,202409,96477906,IF 96477906,132652212.0,1495
2024-09-30,202409,37555231,IF 37555231,132424453.0,1496
2024-09-30,202409,05424088,IF 05424088,132298667.0,1497
2024-09-30,202409,20177390,IF 20177390,131972748.0,1498
2024-09-30,202409,57987273,IF 57987273,129920483.0,1499
2024-09-30,202409,42627615,IF 42627615,129247193.0,1500
2024-09-30,202409,41349521,IF 41349521,126820172.0,1501
2024-09-30,202409,05669150,IF 05669150,126576953.0,1502
2024-09-30,202409,03685335,IF 03685335,126382051.0,1503
2024-09-30,202409,45341994,IF 45341994,126262626.0,1504
2024-09-30,202409,44431743,IF 44431743,124588874.0,1505
2024-09-30,202409,03657230,IF 03657230,123622024.0,1506
2024-09-30,202409,30138226,IF 30138226,123336016.0,1507
2024-09-30,202409,02475222,IF 02475222,122109547.0,1508
2024-09-30,202409,04478231,IF 04478231,121257873.0,1509
2024-09-30,202409,42258376,IF 42258376,121133903.0,1510
2024-09-30,202409,48707451,IF 48707451,120409467.0,1511
2024-09-30,202409,41560568,IF 41560568,119333615.0,1512
2024-09-30,202409,03635061,IF 03635061,118754964.0,1513
2024-09-30,202409,44064068,IF 44064068,118491257.0,1514
2024-09-30,202409,47873449,IF 47873449,117548792.0,1515
2024-09-30,202409,48786608,IF 48786608,113685976.0,1516
2024-09-30,202409,65635377,IF 65635377,112715816.0,1517
2024-09-30,202409,00968834,IF 00968834,112085415.0,1518
2024-09-30,202409,52586293,IF 52586293,108990151.0,1519
2024-09-30,202409,02447184,IF 02447184,108639718.0,1520
2024-09-30,202409,45854066,IF 45854066,108536551.0,1521
2024-09-30,202409,25104230,IF 25104230,107420586.0,1522
2024-09-30,202409,44154779,IF 44154779,107181272.0,1523
2024-09-30,202409,44905255,IF 44905255,105734708.0,1524
2024-09-30,202409,43561343,IF 43561343,101192242.0,1525
2024-09-30,202409,07333726,IF 07333726,101191996.0,1526
2024-09-30,202409,15168152,IF 15168152,100898047.0,1527
2024-09-30,202409,43978697,IF 43978697,100786524.0,1528
2024-09-30,202409,53575491,IF 53575491,99346727.0,1529
2024-09-30,202409,10280601,IF 10280601,97443179.0,1530
2024-09-30,202409,41146382,IF 41146382,93822681.0,1531
2024-09-30,202409,42064545,IF 42064545,92082219.0,1532
2024-09-30,202409,32820711,IF 32820711,91544158.0,1533
2024-09-30,202409,47825528,IF 47825528,89433821.0,1534
2024-09-30,202409,45056494,IF 45056494,88804672.0,1535
2024-09-30,202409,17343682,IF 17343682,85538064.0,1536
2024-09-30,202409,73077398,IF 73077398,85475128.0,1537
2024-09-30,202409,89784367,IF 89784367,80873219.0,1538
2024-09-30,202409,28435685,IF 28435685,80555581.0,1539
2024-09-30,202409,20833992,IF 20833992,74212418.0,1540
2024-09-30,202409,36266751,IF 36266751,69516251.0,1541
2024-09-30,202409,17826860,IF 17826860,68682568.0,1542
2024-09-30,202409,62264924,IF 62264924,68050632.0,1543
2024-09-30,202409,03165497,IF 03165497,65162785.0,1544
2024-09-30,202409,10789035,IF 10789035,62451419.0,1545
2024-09-30,202409,05048575,IF 05048575,61976822.0,1546
2024-09-30,202409,03443143,IF 03443143,61966227.0,1547
2024-09-30,202409,34335592,IF 34335592,60722566.0,1548
2024-09-30,202409,53272365,IF 53272365,59021416.0,1549
2024-09-30,202409,01819799,IF 01819799,55233350.0,1550
2024-09-30,202409,15761217,IF 15761217,52079323.0,1551
2024-09-30,202409,69136075,IF 69136075,46865051.0,1552
2024-09-30,202409,08520517,IF 08520517,42266293.0,1553
2024-09-30,202409,34846868,IF 34846868,40920190.0,1554
2024-09-30,202409,04995006,IF 04995006,40809413.0,1555
2024-09-30,202409,51604356,IF 51604356,40671898.0,1556
2024-09-30,202409,03400651,IF 03400651,35540376.0,1557
2024-09-30,202409,24235459,IF 24235459,34910455.0,1558
2024-09-30,202409,56030613,IF 56030613,34638792.0,1559
2024-09-30,202409,02869663,IF 02869663,34541693.0,1560
2024-09-30,202409,24361690,IF 24361690,31144340.0,1561
2024-09-30,202409,28244622,IF 28244622,30135665.0,1562
2024-09-30,202409,02723075,IF 02723075,29641859.0,1563
2024-09-30,202409,71491609,IF 71491609,29538925.0,1564
2024-09-30,202409,23010182,IF 23010182,26096218.0,1565
2024-09-30,202409,61723847,IF 61723847,25045574.0,1566
2024-09-30,202409,47438068,IF 47438068,24277459.0,1567
2024-09-30,202409,42926025,IF 42926025,20559220.0,1568
2024-09-30,202409,47133056,IF 47133056,19344226.0,1569
2024-09-30,202409,34978626,IF 34978626,19172526.0,1570
2024-09-30,202409,44564204,IF 44564204,17434325.0,1571
2024-09-30,202409,04772908,IF 04772908,16365087.0,1572
2024-09-30,202409,18340695,IF 18340695,15282977.0,1573
2024-09-30,202409,50626276,IF 50626276,14841978.0,1574
2024-09-30,202409,44459799,IF 44459799,12738539.0,1575
2024-09-30,202409,48703302,IF 48703302,12728495.0,1576
2024-09-30,202409,90560434,IF 90560434,9810952.0,1577
2024-09-30,202409,52440987,IF 52440987,9527119.0,1578
2024-09-30,202409,71502181,IF 71502181,7671517.0,1579
2024-09-30,202409,03219207,IF 03219207,6776853.0,1580
2024-09-30,202409,04158581,IF 04158581,5504109.0,1581
2024-09-30,202409,31818873,IF 31818873,0.0,1582
2024-09-30,202409,33449007,IF 33449007,0.0,1582
2024-09-30,202409,40820176,IF 40820176,0.0,1582
2024-12-31,202412,00000000,IF 00000000,230411177984289.0,1
2024-12-31,202412,60701190,Banco do Brasil S.A.,209051480083483.0,2
2024-12-31,202412,00360305,Itaú Unibanco S.A.,202639165015741.0,3
2024-12-31,202412,60746948,Caixa Econômica Federal,167991171811292.0,4
2024-12-31,202412,90400888,Banco Bradesco S.A.,126447063102085.0,5
2024-12-31,202412,33657248,Banco Santander (Brasil) S.A.,83592801337146.0,6
2024-12-31,202412,30306294,BNDES,48309079702917.0,7
2024-12-31,202412,60872504,Banco BTG Pactual S.A.,43891133635728.0,8
2024-12-31,202412,58160789,Banco Safra S.A.,26296208069688.0,9
2024-12-31,202412,33479023,Sicoob,21336630842941.0,10
2024-12-31,202412,01181521,Banco do Nordeste do Brasil S.A.,19121558803893.0,11
2024-12-31,202412,33264668,Bradesco Financiamentos S.A.,18800192674755.0,12
2024-12-31,202412,30680829,Citibank N.A.,17685739868825.0,13
2024-12-31,202412,02332886,XP Investimentos Corretora de Câmbio Títulos e Valores Mobiliários S.A.,15407257280129.0,14
2024-12-31,202412,02038232,Banco BBM S.A.,15354834242682.0,15
2024-12-31,202412,92702067,Banco Daycoval S.A.,14522340041959.0,16
2024-12-31,202412,59588111,Banco Votorantim S.A.,13456716915628.0,17
2024-12-31,202412,01425787,Banco ABC Brasil S.A.,12899909276967.0,18
2024-12-31,202412,01027058,Banco Mercantil do Brasil S.A.,12021137493514.0,19
2024-12-31,202412,33172537,Banco Pan S.A.,11146821426307.0,20
2024-12-31,202412,18236120,Banco Ourinvest S.A.,9446721415925.0,21
2024-12-31,202412,01522368,Banco C6 S.A.,9339190001176.0,22
2024-12-31,202412,62232889,Banco Inter S.A.,8522603921554.0,23
2024-12-31,202412,07707650,Banco Modal S.A.,8362219299979.0,24
2024-12-31,202412,31872495,Banco Fibra S.A.,7537383420421.0,25
2024-12-31,202412,00416968,Banco da Amazônia S.A.,7439245825065.0,26
2024-12-31,202412,10440482,Banco do Estado do Rio Grande do Sul S.A.,7207074278943.0,27
2024-12-31,202412,08561701,Banco do Estado do Espírito Santo S.A.,7018168219564.0,28
2024-12-31,202412,07237373,Banco do Estado do Pará S.A.,6996297538119.0,29
2024-12-31,202412,59285411,Banco do Estado do Amazonas S.A.,6663649490701.0,30
2024-12-31,202412,28195667,IF 28195667,6554628111273.0,31
2024-12-31,202412,33923798,IF 33923798,6301469176871.0,32
2024-12-31,202412,01023570,IF 01023570,6157095480909.0,33
2024-12-31,202412,10573521,IF 10573521,6015340003872.0,34
2024-12-31,202412,16501555,IF 16501555,5990949292137.0,35
2024-12-31,202412,04902979,IF 04902979,5431589822842.0,36
2024-12-31,202412,59109165,IF 59109165,5328478116373.0,37
2024-12-31,202412,61186680,IF 61186680,5069871751591.0,38
2024-12-31,202412,04332281,IF 04332281,4949591325142.0,39
2024-12-31,202412,62073200,IF 62073200,4903968009736.0,40
2024-12-31,202412,10264663,IF 10264663,4307697326912.0,41
2024-12-31,202412,61088183,IF 61088183,4236459349247.0,42
2024-12-31,202412,33885724,IF 33885724,3972620659347.0,43
2024-12-31,202412,61348538,IF 61348538,3931963531408.0,44
2024-12-31,202412,28127603,IF 28127603,3705826603431.0,45
2024-12-31,202412,45437547,IF 45437547,3594112675999.0,46
2024-12-31,202412,60498557,IF 60498557,3496445410057.0,47
2024-12-31,202412,33042953,IF 33042953,3364584588517.0,48
2024-12-31,202412,31597552,IF 31597552,3099709637617.0,49
2024-12-31,202412,62331228,IF 62331228,3050515063185.0,50
2024-12-31,202412,10664513,IF 10664513,3007395483564.0,51
2024-12-31,202412,02992446,IF 02992446,2925967759284.0,52
2024-12-31,202412,15114366,IF 15114366,2803259252425.0,53
2024-12-31,202412,62144175,IF 62144175,2787797436249.0,54
2024-12-31,202412,75647891,IF 75647891,2686782571604.0,55
2024-12-31,202412,17184037,IF 17184037,2625098108661.0,56
2024-12-31,202412,25683434,IF 25683434,2608641151244.0,57
2024-12-31,202412,09516419,IF 09516419,2607929169325.0,58
2024-12-31,202412,92816560,IF 92816560,2559145824166.0,59
2024-12-31,202412,02801938,IF 02801938,2499005545782.0,60
2024-12-31,202412,61533584,IF 61533584,2445924736974.0,61
2024-12-31,202412,53518684,IF 53518684,2272604101499.0,62
2024-12-31,202412,08357240,IF 08357240,2133805521517.0,63
2024-12-31,202412,02206577,IF 02206577,1968240431794.0,64
2024-12-31,202412,33987793,IF 33987793,1964793873898.0,65
2024-12-31,202412,00309024,IF 00309024,1868439041446.0,66
2024-12-31,202412,46743943,IF 46743943,1846046394901.0,67
2024-12-31,202412,80160260,IF 80160260,1841564069431.0,68
2024-12-31,202412,47509120,IF 47509120,1827439090345.0,69
2024-12-31,202412,58616418,IF 58616418,1822127468847.0,70
2024-12-31,202412,04913711,IF 04913711,1796437610794.0,71
2024-12-31,202412,59274605,IF 59274605,1775864167313.0,72
2024-12-31,202412,58017179,IF 58017179,1760724983656.0,73
2024-12-31,202412,91884981,IF 91884981,1748797744499.0,74
2024-12-31,202412,60889128,IF 60889128,1703711722456.0,75
2024-12-31,202412,11417016,IF 11417016,1642683259417.0,76
2024-12-31,202412,47193149,IF 47193149,1624095130449.0,77
2024-12-31,202412,05040481,IF 05040481,1600173797843.0,78
2024-12-31,202412,23862762,IF 23862762,1593934511883.0,79
2024-12-31,202412,07450604,IF 07450604,1588707775341.0,80
2024-12-31,202412,54037916,IF 54037916,1582073221979.0,81
2024-12-31,202412,60770336,IF 60770336,1554575027729.0,82
2024-12-31,202412,01701201,IF 01701201,1538736467616.0,83
2024-12-31,202412,13220493,IF 13220493,1478750220375.0,84
2024-12-31,202412,03012230,IF 03012230,1466466472917.0,85
2024-12-31,202412,82639451,IF 82639451,1451466039268.0,86
2024-12-31,202412,29030467,IF 29030467,1447029227231.0,87
2024-12-31,202412,01401771,IF 01401771,1423802933045.0,88
2024-12-31,202412,63917579,IF 63917579,1421093368248.0,89
2024-12-31,202412,18189547,IF 18189547,1386238814951.0,90
2024-12-31,202412,06271464,IF 06271464,1345986279269.0,91
2024-12-31,202412,00315557,IF 00315557,1326682113325.0,92
2024-12-31,202412,09526594,IF 09526594,1313518271863.0,93
2024-12-31,202412,62307848,IF 62307848,1280694218972.0,94
2024-12-31,202412,37679449,IF 37679449,1256477773758.0,95
2024-12-31,202412,38486817,IF 38486817,1245367582113.0,96
2024-12-31,202412,79342069,IF 79342069,1220703015017.0,97
2024-12-31,202412,60518222,IF 60518222,1215991918102.0,98
2024-12-31,202412,03215790,IF 03215790,1200474513634.0,99
2024-12-31,202412,13009717,IF 13009717,1172504521253.0,100
2024-12-31,202412,05463212,IF 05463212,1166073807178.0,101
2024-12-31,202412,00655522,IF 00655522,1153408177819.0,102
2024-12-31,202412,62237425,IF 62237425,1153322785935.0,103
2024-12-31,202412,81099491,IF 81099491,1134814523676.0,104
2024-12-31,202412,10866788,IF 10866788,1105147751045.0,105
2024-12-31,202412,14388334,IF 14388334,1062249512073.0,106
2024-12-31,202412,71027866,IF 71027866,1034762465672.0,107
2024-12-31,202412,90608712,IF 90608712,996544150135.0,108
2024-12-31,202412,81466286,IF 81466286,989285463892.0,109
2024-12-31,202412,87437687,IF 87437687,981601129473.0,110
2024-12-31,202412,04866275,IF 04866275,975520316137.0,111
2024-12-31,202412,33147315,IF 33147315,972751026069.0,112
2024-12-31,202412,91586982,IF 91586982,972727108865.0,113
2024-12-31,202412,92874270,IF 92874270,955061128676.0,114
2024-12-31,202412,37395399,IF 37395399,952010383651.0,115
2024-12-31,202412,03502961,IF 03502961,941445168396.0,116
2024-12-31,202412,32345784,IF 32345784,932002701507.0,117
2024-12-31,202412,03634220,IF 03634220,919948943984.0,118
2024-12-31,202412,22896431,IF 22896431,888908004177.0,119
2024-12-31,202412,02398976,IF 02398976,887015521607.0,120
2024-12-31,202412,01858774,IF 01858774,868320561457.0,121
2024-12-31,202412,74014747,IF 74014747,864771411788.0,122
2024-12-31,202412,03751794,IF 03751794,855863331149.0,123
2024-12-31,202412,04740876,IF 04740876,849041573198.0,124
2024-12-31,202412,32995755,IF 32995755,838107881596.0,125
2024-12-31,202412,88894548,IF 88894548,832991257231.0,126
2024-12-31,202412,28517628,IF 28517628,831536289469.0,127
2024-12-31,202412,15124464,IF 15124464,809172213297.0,128
2024-12-31,202412,15581638,IF 15581638,798102868935.0,129
2024-12-31,202412,42898825,IF 42898825,786526000667.0,130
2024-12-31,202412,04243780,IF 04243780,776160432776.0,131
2024-12-31,202412,61024352,IF 61024352,760067418158.0,132
2024-12-31,202412,87780268,IF 87780268,749880872995.0,133
2024-12-31,202412,24654881,IF 24654881,749280084073.0,134
2024-12-31,202412,03632872,IF 03632872,731440958251.0,135
2024-12-31,202412,92228410,IF 92228410,711094134931.0,136
2024-12-31,202412,88038260,IF 88038260,706605586539.0,137
2024-12-31,202412,31895683,IF 31895683,706198752727.0,138
2024-12-31,202412,34111187,IF 34111187,700519420501.0,139
2024-12-31,202412,30172491,IF 30172491,700506651795.0,140
2024-12-31,202412,80230774,IF 80230774,684657508287.0,141
2024-12-31,202412,61194353,IF 61194353,677271301536.0,142
2024-12-31,202412,60779196,IF 60779196,660318821551.0,143
2024-12-31,202412,26555235,IF 26555235,643972760316.0,144
2024-12-31,202412,27351731,IF 27351731,643303207367.0,145
2024-12-31,202412,00815319,IF 00815319,639284281422.0,146
2024-12-31,202412,09464032,IF 09464032,633252332915.0,147
2024-12-31,202412,00000208,IF 00000208,610023634829.0,148
2024-12-31,202412,05036532,IF 05036532,607782111263.0,149
2024-12-31,202412,21198087,IF 21198087,598834771687.0,150
2024-12-31,202412,07207996,IF 07207996,587061573895.0,151
2024-12-31,202412,81607046,IF 81607046,579502519108.0,152
2024-12-31,202412,89126130,IF 89126130,568372375748.0,153
2024-12-31,202412,24795049,IF 24795049,565811304622.0,154
2024-12-31,202412,43180355,IF 43180355,560609662385.0,155
2024-12-31,202412,33416108,IF 33416108,545924271294.0,156
2024-12-31,202412,03017677,IF 03017677,545453567785.0,157
2024-12-31,202412,31546476,IF 31546476,544100447202.0,158
2024-12-31,202412,11285104,IF 11285104,540285738907.0,159
2024-12-31,202412,78632767,IF 78632767,539959157177.0,160
2024-12-31,202412,33868597,IF 33868597,537804256596.0,161
2024-12-31,202412,32588139,IF 32588139,537169386785.0,162
2024-12-31,202412,92934215,IF 92934215,535058275878.0,163
2024-12-31,202412,37442605,IF 37442605,528456200421.0,164
2024-12-31,202412,62287735,IF 62287735,524725299873.0,165
2024-12-31,202412,03459850,IF 03459850,521541343621.0,166
2024-12-31,202412,87795639,IF 87795639,521016053165.0,167
2024-12-31,202412,04962772,IF 04962772,519531715746.0,168
2024-12-31,202412,07202627,IF 07202627,503987220983.0,169
2024-12-31,202412,62063177,IF 62063177,502780742021.0,170
2024-12-31,202412,62169875,IF 62169875,497096189106.0,171
2024-12-31,202412,87733770,IF 87733770,493975270321.0,172
2024-12-31,202412,03566655,IF 03566655,489380972106.0,173
2024-12-31,202412,03320525,IF 03320525,489359695325.0,174
2024-12-31,202412,89468565,IF 89468565,488715302887.0,175
2024-12-31,202412,90497256,IF 90497256,478997295081.0,176
2024-12-31,202412,10398952,IF 10398952,476940988048.0,177
2024-12-31,202412,81723108,IF 81723108,476028517881.0,178
2024-12-31,202412,92555150,IF 92555150,473653452179.0,179
2024-12-31,202412,17351180,IF 17351180,455255738416.0,180
2024-12-31,202412,79052122,IF 79052122,444784762497.0,181
2024-12-31,202412,95594941,IF 95594941,435900296284.0,182
2024-12-31,202412,10663610,IF 10663610,435367635035.0,183
2024-12-31,202412,32467086,IF 32467086,430031064799.0,184
2024-12-31,202412,10371492,IF 10371492,428189547007.0,185
2024-12-31,202412,10878448,IF 10878448,422736588995.0,186
2024-12-31,202412,76543115,IF 76543115,422417556104.0,187
2024-12-31,202412,02015588,IF 02015588,421368473586.0,188
2024-12-31,202412,10690848,IF 10690848,420875646813.0,189
2024-12-31,202412,74828799,IF 74828799,420140952822.0,190
2024-12-31,202412,32983165,IF 32983165,419647224869.0,191
2024-12-31,202412,04388688,IF 04388688,419402482557.0,192
2024-12-31,202412,10348181,IF 10348181,419243729842.0,193
2024-12-31,202412,03502131,IF 03502131,417767410307.0,194
2024-12-31,202412,87853206,IF 87853206,416874695517.0,195
2024-12-31,202412,24933830,IF 24933830,413787981849.0,196
2024-12-31,202412,82527557,IF 82527557,412984455429.0,197
2024-12-31,202412,68900810,IF 68900810,409620652905.0,198
2024-12-31,202412,30822936,IF 30822936,407779871085.0,199
2024-12-31,202412,33667205,IF 33667205,406803230289.0,200
2024-12-31,202412,04452473,IF 04452473,403326228002.0,201
2024-12-31,202412,78834975,IF 78834975,400352781189.0,202
2024-12-31,202412,92796564,IF 92796564,394079369835.0,203
2024-12-31,202412,03609817,IF 03609817,394003737407.0,204
2024-12-31,202412,03532415,IF 03532415,393548111843.0,205
2024-12-31,202412,91159764,IF 91159764,392438401426.0,206
2024-12-31,202412,45246410,IF 45246410,392308914801.0,207
2024-12-31,202412,87733077,IF 87733077,389312690373.0,208
2024-12-31,202412,89990501,IF 89990501,381103289932.0,209
2024-12-31,202412,33603457,IF 33603457,380314802939.0,210
2024-12-31,202412,79457883,IF 79457883,379952038394.0,211
2024-12-31,202412,03584906,IF 03584906,378096753787.0,212
2024-12-31,202412,74064502,IF 74064502,377465016437.0,213
2024-12-31,202412,02282709,IF 02282709,376118048019.0,214
2024-12-31,202412,90729369,IF 90729369,374089957223.0,215
2024-12-31,202412,02843443,IF 02843443,372208338407.0,216
2024-12-31,202412,59118133,IF 59118133,365015373065.0,217
2024-12-31,202412,60850229,IF 60850229,362398393749.0,218
2024-12-31,202412,35571249,IF 35571249,361280287288.0,219
2024-12-31,202412,70431630,IF 70431630,356171524556.0,220
2024-12-31,202412,10736214,IF 10736214,356076195741.0,221
2024-12-31,202412,84974278,IF 84974278,350020354034.0,222
2024-12-31,202412,31804966,IF 31804966,347362889746.0,223
2024-12-31,202412,38372267,IF 38372267,344100064497.0,224
2024-12-31,202412,01658426,IF 01658426,342876097347.0,225
2024-12-31,202412,82065285,IF 82065285,339910205287.0,226
2024-12-31,202412,04670195,IF 04670195,335683782935.0,227
2024-12-31,202412,11581339,IF 11581339,332190369744.0,228
2024-12-31,202412,03042597,IF 03042597,328091725771.0,229
2024-12-31,202412,02885855,IF 02885855,326656403136.0,230
2024-12-31,202412,13884775,IF 13884775,324352650904.0,231
2024-12-31,202412,07656500,IF 07656500,323015644291.0,232
2024-12-31,202412,01644264,IF 01644264,317301109664.0,233
2024-12-31,202412,00075847,IF 00075847,315606659514.0,234
2024-12-31,202412,03793242,IF 03793242,314354775534.0,235
2024-12-31,202412,74114042,IF 74114042,308340512188.0,236
2024-12-31,202412,33022690,IF 33022690,305506383125.0,237
2024-12-31,202412,09274232,IF 09274232,304609414828.0,238
2024-12-31,202412,87510475,IF 87510475,299816732823.0,239
2024-12-31,202412,43815158,IF 43815158,297973992442.0,240
2024-12-31,202412,91669747,IF 91669747,296275036792.0,241
2024-12-31,202412,42873828,IF 42873828,292084448544.0,242
2024-12-31,202412,94433109,IF 94433109,290578621264.0,243
2024-12-31,202412,92894922,IF 92894922,283995995510.0,244
2024-12-31,202412,07206072,IF 07206072,283873448564.0,245
2024-12-31,202412,48795256,IF 48795256,283369262073.0,246
2024-12-31,202412,14568725,IF 14568725,282059559988.0,247
2024-12-31,202412,26549311,IF 26549311,277406963661.0,248
2024-12-31,202412,61033106,IF 61033106,277228300048.0,249
2024-12-31,202412,11476673,IF 11476673,275382021161.0,250
2024-12-31,202412,03358914,IF 03358914,267234948282.0,251
2024-12-31,202412,14796606,IF 14796606,266765427319.0,252
2024-12-31,202412,26178533,IF 26178533,266600555297.0,253
2024-12-31,202412,33851205,IF 33851205,258249929707.0,254
2024-12-31,202412,25798596,IF 25798596,255004190206.0,255
2024-12-31,202412,89049738,IF 89049738,253854136151.0,256
2024-12-31,202412,06332931,IF 06332931,251864543614.0,257
2024-12-31,202412,95424891,IF 95424891,251303189172.0,258
2024-12-31,202412,27098060,IF 27098060,251188527640.0,259
2024-12-31,202412,26408187,IF 26408187,248202246256.0,260
2024-12-31,202412,25387671,IF 25387671,245030206405.0,261
2024-12-31,202412,08075352,IF 08075352,244038752266.0,262
2024-12-31,202412,81367880,IF 81367880,243228850285.0,263
2024-12-31,202412,79086997,IF 79086997,242400139129.0,264
2024-12-31,202412,95213211,IF 95213211,242367765367.0,265
2024-12-31,202412,81206039,IF 81206039,241801797176.0,266
2024-12-31,202412,00971300,IF 00971300,240362869929.0,267
2024-12-31,202412,79063574,IF 79063574,238931221608.0,268
2024-12-31,202412,02466552,IF 02466552,238372203759.0,269
2024-12-31,202412,31880826,IF 31880826,237706094712.0,270
2024-12-31,202412,87784088,IF 87784088,236992104538.0,271
2024-12-31,202412,07679404,IF 07679404,236923979666.0,272
2024-12-31,202412,24313102,IF 24313102,236534365509.0,273
2024-12-31,202412,88471024,IF 88471024,234955499266.0,274
2024-12-31,202412,03323840,IF 03323840,234902432077.0,275
2024-12-31,202412,81014060,IF 81014060,234171680165.0,276
2024-12-31,202412,44469161,IF 44469161,231110439326.0,277
2024-12-31,202412,62418140,IF 62418140,230981927144.0,278
2024-12-31,202412,78858107,IF 78858107,230009676884.0,279
2024-12-31,202412,81192106,IF 81192106,228431846799.0,280
2024-12-31,202412,01604998,IF 01604998,226962998678.0,281
2024-12-31,202412,01852137,IF 01852137,225311910794.0,282
2024-12-31,202412,87900411,IF 87900411,225296477715.0,283
2024-12-31,202412,87067757,IF 87067757,222444801265.0,284
2024-12-31,202412,04632856,IF 04632856,222417622322.0,285
2024-12-31,202412,77984870,IF 77984870,221001131384.0,286
2024-12-31,202412,01736516,IF 01736516,219235688752.0,287
2024-12-31,202412,37880206,IF 37880206,217586184772.0,288
2024-12-31,202412,05582619,IF 05582619,217125517858.0,289
2024-12-31,202412,05888589,IF 05888589,215665700118.0,290
2024-12-31,202412,81016131,IF 81016131,215019355356.0,291
2024-12-31,202412,05241619,IF 05241619,212318163887.0,292
2024-12-31,202412,02335109,IF 02335109,209542440671.0,293
2024-12-31,202412,60814191,IF 60814191,208415125045.0,294
2024-12-31,202412,59281253,IF 59281253,205161971088.0,295
2024-12-31,202412,85291086,IF 85291086,205021999278.0,296
2024-12-31,202412,01039011,IF 01039011,204058558975.0,297
2024-12-31,202412,36900256,IF 36900256,202239501863.0,298
2024-12-31,202412,33466988,IF 33466988,202072398492.0,299
2024-12-31,202412,33737818,IF 33737818,201545870308.0,300
2024-12-31,202412,33222241,IF 33222241,200867741362.0,301
2024-12-31,202412,81115149,IF 81115149,200858593653.0,302
2024-12-31,202412,11275560,IF 11275560,199918564866.0,303
2024-12-31,202412,81011686,IF 81011686,199359356044.0,304
2024-12-31,202412,00517645,IF 00517645,196684861644.0,305
2024-12-31,202412,04247370,IF 04247370,196241383167.0,306
2024-12-31,202412,17453575,IF 17453575,195778086818.0,307
2024-12-31,202412,41697103,IF 41697103,194533401409.0,308
2024-12-31,202412,13370835,IF 13370835,193428582055.0,309
2024-12-31,202412,04862600,IF 04862600,193187127365.0,310
2024-12-31,202412,02663426,IF 02663426,193129530633.0,311
2024-12-31,202412,26563270,IF 26563270,192940490111.0,312
2024-12-31,202412,54401286,IF 54401286,191553870592.0,313
2024-12-31,202412,78825023,IF 78825023,191321139906.0,314
2024-12-31,202412,62931522,IF 62931522,190461322472.0,315
2024-12-31,202412,86829827,IF 86829827,190198149728.0,316
2024-12-31,202412,05392810,IF 05392810,188622464159.0,317
2024-12-31,202412,28145829,IF 28145829,188479657638.0,318
2024-12-31,202412,87780284,IF 87780284,188023133316.0,319
2024-12-31,202412,81054686,IF 81054686,187212905277.0,320
2024-12-31,202412,71698674,IF 71698674,187159893388.0,321
2024-12-31,202412,51014223,IF 51014223,186756290332.0,322
2024-12-31,202412,81706616,IF 81706616,185121289149.0,323
2024-12-31,202412,07512780,IF 07512780,184470109954.0,324
2024-12-31,202412,05276770,IF 05276770,182141417836.0,325
2024-12-31,202412,02318507,IF 02318507,181915801901.0,326
2024-12-31,202412,16668076,IF 16668076,178491785488.0,327
2024-12-31,202412,70038237,IF 70038237,177175812409.0,328
2024-12-31,202412,04463602,IF 04463602,176418016645.0,329
2024-12-31,202412,02232383,IF 02232383,176145401395.0,330
2024-12-31,202412,16779741,IF 16779741,175238214147.0,331
2024-12-31,202412,07599206,IF 07599206,175212019218.0,332
2024-12-31,202412,04814563,IF 04814563,175124956457.0,333
2024-12-31,202412,32223020,IF 32223020,174488788058.0,334
2024-12-31,202412,67960229,IF 67960229,173866260528.0,335
2024-12-31,202412,05231945,IF 05231945,172371568489.0,336
2024-12-31,202412,61820817,IF 61820817,170733343753.0,337
2024-12-31,202412,73750424,IF 73750424,170067218361.0,338
2024-12-31,202412,22177858,IF 22177858,169511096748.0,339
2024-12-31,202412,32474884,IF 32474884,169179016623.0,340
2024-12-31,202412,04350225,IF 04350225,167546900442.0,341
2024-12-31,202412,82937293,IF 82937293,167289274662.0,342
2024-12-31,202412,33709114,IF 33709114,166567756701.0,343
2024-12-31,202412,73443863,IF 73443863,166292935421.0,344
2024-12-31,202412,80959612,IF 80959612,166214511723.0,345
2024-12-31,202412,20520298,IF 20520298,165935270356.0,346
2024-12-31,202412,00966246,IF 00966246,165686264042.0,347
2024-12-31,202412,61809182,IF 61809182,165601561815.0,348
2024-12-31,202412,60114865,IF 60114865,165226342612.0,349
2024-12-31,202412,01060307,IF 01060307,165038224875.0,350
2024-12-31,202412,87779625,IF 87779625,163771648339.0,351
2024-12-31,202412,50585090,IF 50585090,163736575741.0,352
2024-12-31,202412,62318407,IF 62318407,163280170467.0,353
2024-12-31,202412,04836002,IF 04836002,162806669028.0,354
2024-12-31,202412,01727929,IF 01727929,162646625721.0,355
2024-12-31,202412,34148882,IF 34148882,160983273749.0,356
2024-12-31,202412,19540550,IF 19540550,160797789547.0,357
2024-12-31,202412,05203605,IF 05203605,157433332786.0,358
2024-12-31,202412,02446089,IF 02446089,157338606051.0,359
2024-12-31,202412,88530142,IF 88530142,156979709381.0,360
2024-12-31,202412,71884498,IF 71884498,155466821359.0,361
2024-12-31,202412,95163002,IF 95163002,154425565298.0,362
2024-12-31,202412,72257793,IF 72257793,154285879219.0,363
2024-12-31,202412,29650082,IF 29650082,154214785033.0,364
2024-12-31,202412,71297899,IF 71297899,152168457213.0,365
2024-12-31,202412,22121209,IF 22121209,151987214986.0,366
2024-12-31,202412,00106180,IF 00106180,151918309497.0,367
2024-12-31,202412,00698609,IF 00698609,151227749696.0,368
2024-12-31,202412,24048910,IF 24048910,150818921031.0,369
2024-12-31,202412,04184779,IF 04184779,150707816194.0,370
2024-12-31,202412,66463407,IF 66463407,150361721911.0,371
2024-12-31,202412,58497702,IF 58497702,150174440006.0,372
2024-12-31,202412,15111975,IF 15111975,149924297765.0,373
2024-12-31,202412,00556603,IF 00556603,149513835505.0,374
2024-12-31,202412,17157777,IF 17157777,148913005103.0,375
2024-12-31,202412,02670590,IF 02670590,148779715471.0,376
2024-12-31,202412,31680151,IF 31680151,145167852913.0,377
2024-12-31,202412,00997185,IF 00997185,143634745362.0,378
2024-12-31,202412,65229254,IF 65229254,141789318138.0,379
2024-12-31,202412,07441209,IF 07441209,141404214117.0,380
2024-12-31,202412,03326437,IF 03326437,140776211469.0,381
2024-12-31,202412,17887874,IF 17887874,139715663418.0,382
2024-12-31,202412,86564051,IF 86564051,138738955663.0,383
2024-12-31,202412,17192451,IF 17192451,136691827462.0,384
2024-12-31,202412,02910987,IF 02910987,135938719255.0,385
2024-12-31,202412,07026923,IF 07026923,135197270218.0,386
2024-12-31,202412,42272526,IF 42272526,134739466631.0,387
2024-12-31,202412,03130170,IF 03130170,133849573992.0,388
2024-12-31,202412,20018183,IF 20018183,131885784739.0,389
2024-12-31,202412,07122321,IF 07122321,131305206162.0,390
2024-12-31,202412,22656789,IF 22656789,130942112519.0,391
2024-12-31,202412,23623636,IF 23623636,129938516617.0,392
2024-12-31,202412,71328769,IF 71328769,128744632447.0,393
2024-12-31,202412,66402207,IF 66402207,127975623562.0,394
2024-12-31,202412,19307785,IF 19307785,127816699647.0,395
2024-12-31,202412,25395435,IF 25395435,127808498305.0,396
2024-12-31,202412,07268499,IF 07268499,127479988099.0,397
2024-12-31,202412,00795423,IF 00795423,127272740414.0,398
2024-12-31,202412,02819125,IF 02819125,126411590169.0,399
2024-12-31,202412,32428294,IF 32428294,126319515763.0,400
2024-12-31,202412,70116611,IF 70116611,125800941142.0,401
2024-12-31,202412,22724710,IF 22724710,125107438448.0,402
2024-12-31,202412,00694389,IF 00694389,124101872427.0,403
2024-12-31,202412,23903068,IF 23903068,123099648866.0,404
2024-12-31,202412,09605581,IF 09605581,120822994525.0,405
2024-12-31,202412,05863726,IF 05863726,119171250505.0,406
2024-12-31,202412,67096909,IF 67096909,118969336679.0,407
2024-12-31,202412,42040639,IF 42040639,118674710522.0,408
2024-12-31,202412,32402502,IF 32402502,118629081937.0,409
2024-12-31,202412,34265561,IF 34265561,118174825676.0,410
2024-12-31,202412,13935893,IF 13935893,117889507749.0,411
2024-12-31,202412,36583700,IF 36583700,117630747083.0,412
2024-12-31,202412,49389307,IF 49389307,116408880626.0,413
2024-12-31,202412,70937271,IF 70937271,115954046924.0,414
2024-12-31,202412,02682287,IF 02682287,114561789704.0,415
2024-12-31,202412,26529420,IF 26529420,114140267874.0,416
2024-12-31,202412,22760839,IF 22760839,113727430131.0,417
2024-12-31,202412,04876393,IF 04876393,113111745315.0,418
2024-12-31,202412,03222753,IF 03222753,112459986496.0,419
2024-12-31,202412,78483310,IF 78483310,111854807917.0,420
2024-12-31,202412,10520232,IF 10520232,111282148052.0,421
2024-12-31,202412,09512539,IF 09512539,111158126427.0,422
2024-12-31,202412,22753982,IF 22753982,111037151338.0,423
2024-12-31,202412,48805820,IF 48805820,109847500254.0,424
2024-12-31,202412,08624548,IF 08624548,109582524868.0,425
2024-12-31,202412,03965737,IF 03965737,109407893772.0,426
2024-12-31,202412,33449007,IF 33449007,108410537454.0,427
2024-12-31,202412,54403563,IF 54403563,108246160491.0,428
2024-12-31,202412,25606237,IF 25606237,107578874117.0,429
2024-12-31,202412,19449602,IF 19449602,107481779832.0,430
2024-12-31,202412,64237530,IF 64237530,107225523108.0,431
2024-12-31,202412,02309070,IF 02309070,105990640444.0,432
2024-12-31,202412,03645752,IF 03645752,104950098868.0,433
2024-12-31,202412,02732968,IF 02732968,104356278686.0,434
2024-12-31,202412,32430233,IF 32430233,104299726126.0,435
2024-12-31,202412,70119680,IF 70119680,103984062332.0,436
2024-12-31,202412,41931445,IF 41931445,103311144638.0,437
2024-12-31,202412,46955383,IF 46955383,103294056442.0,438
2024-12-31,202412,78414067,IF 78414067,102947765510.0,439
2024-12-31,202412,01635462,IF 01635462,102735496105.0,440
2024-12-31,202412,62421979,IF 62421979,102096742343.0,441
2024-12-31,202412,10262276,IF 10262276,102069707091.0,442
2024-12-31,202412,65654303,IF 65654303,101594838131.0,443
2024-12-31,202412,03065046,IF 03065046,101530512293.0,444
2024-12-31,202412,02641032,IF 02641032,101474919952.0,445
2024-12-31,202412,03461243,IF 03461243,100939463538.0,446
2024-12-31,202412,46518205,IF 46518205,99966368757.0,447
2024-12-31,202412,78865995,IF 78865995,99549355027.0,448
2024-12-31,202412,03047549,IF 03047549,98700571487.0,449
2024-12-31,202412,08742188,IF 08742188,98678735172.0,450
2024-12-31,202412,02090126,IF 02090126,98184122334.0,451
2024-12-31,202412,05979692,IF 05979692,96687588508.0,452
2024-12-31,202412,40571694,IF 40571694,95846856545.0,453
2024-12-31,202412,15357060,IF 15357060,95420011079.0,454
2024-12-31,202412,23949522,IF 23949522,94975280596.0,455
2024-12-31,202412,73647935,IF 73647935,94765395835.0,456
2024-12-31,202412,06881898,IF 06881898,94339484187.0,457
2024-12-31,202412,78825270,IF 78825270,94193569001.0,458
2024-12-31,202412,73113243,IF 73113243,94000919035.0,459
2024-12-31,202412,81292278,IF 81292278,93910213967.0,460
2024-12-31,202412,01760242,IF 01760242,92090728488.0,461
2024-12-31,202412,02448310,IF 02448310,91440981099.0,462
2024-12-31,202412,06031727,IF 06031727,91399943427.0,463
2024-12-31,202412,05883884,IF 05883884,91225671847.0,464
2024-12-31,202412,25387655,IF 25387655,91193936437.0,465
2024-12-31,202412,33644196,IF 33644196,90788503285.0,466
2024-12-31,202412,11703662,IF 11703662,89544509566.0,467
2024-12-31,202412,70241658,IF 70241658,88767756375.0,468
2024-12-31,202412,23511655,IF 23511655,88086514534.0,469
2024-12-31,202412,24799033,IF 24799033,87301080706.0,470
2024-12-31,202412,06126780,IF 06126780,87273622041.0,471
2024-12-31,202412,01637949,IF 01637949,87096559376.0,472
2024-12-31,202412,03732359,IF 03732359,86944587039.0,473
2024-12-31,202412,08560508,IF 08560508,86901554328.0,474
2024-12-31,202412,15011719,IF 15011719,86275993223.0,475
2024-12-31,202412,78862083,IF 78862083,86270241204.0,476
2024-12-31,202412,04484490,IF 04484490,86240289937.0,477
2024-12-31,202412,07925729,IF 07925729,86193399072.0,478
2024-12-31,202412,66262643,IF 66262643,85936431175.0,479
2024-12-31,202412,17359351,IF 17359351,85792074002.0,480
2024-12-31,202412,69346856,IF 69346856,85523336163.0,481
2024-12-31,202412,33040601,IF 33040601,84205164446.0,482
2024-12-31,202412,01286361,IF 01286361,84036799383.0,483
2024-12-31,202412,46570800,IF 46570800,84035029542.0,484
2024-12-31,202412,02923389,IF 02923389,82566059341.0,485
2024-12-31,202412,06139650,IF 06139650,82449297245.0,486
2024-12-31,202412,18945670,IF 18945670,82126396583.0,487
2024-12-31,202412,07789195,IF 07789195,80897433337.0,488
2024-12-31,202412,01667766,IF 01667766,80892537638.0,489
2024-12-31,202412,62816426,IF 62816426,80654960106.0,490
2024-12-31,202412,41669227,IF 41669227,80608583636.0,491
2024-12-31,202412,17167412,IF 17167412,80591076449.0,492
2024-12-31,202412,02173447,IF 02173447,80123825915.0,493
2024-12-31,202412,33884941,IF 33884941,79992958506.0,494
2024-12-31,202412,53935029,IF 53935029,79406835117.0,495
2024-12-31,202412,10218474,IF 10218474,79115168516.0,496
2024-12-31,202412,05351887,IF 05351887,79059444556.0,497
2024-12-31,202412,21018182,IF 21018182,78843325771.0,498
2024-12-31,202412,25536764,IF 25536764,78843059358.0,499
2024-12-31,202412,05940203,IF 05940203,78051045129.0,500
2024-12-31,202412,19869338,IF 19869338,77847523144.0,501
2024-12-31,202412,25021356,IF 25021356,77611710425.0,502
2024-12-31,202412,13059145,IF 13059145,77547440186.0,503
2024-12-31,202412,66398496,IF 66398496,77124640245.0,504
2024-12-31,202412,43774196,IF 43774196,76970748616.0,505
2024-12-31,202412,25387713,IF 25387713,76505898719.0,506
2024-12-31,202412,26408161,IF 26408161,75588787456.0,507
2024-12-31,202412,02447120,IF 02447120,74910574135.0,508
2024-12-31,202412,32062580,IF 32062580,74784281664.0,509
2024-12-31,202412,57839805,IF 57839805,74758625557.0,510
2024-12-31,202412,07469260,IF 07469260,74744010698.0,511
2024-12-31,202412,01259518,IF 01259518,74312637055.0,512
2024-12-31,202412,34590184,IF 34590184,74273051432.0,513
2024-12-31,202412,01739375,IF 01739375,74049291196.0,514
2024-12-31,202412,05861932,IF 05861932,73201238572.0,515
2024-12-31,202412,10209619,IF 10209619,72882764082.0,516
2024-12-31,202412,11271860,IF 11271860,72446980946.0,517
2024-12-31,202412,24830879,IF 24830879,72337950967.0,518
2024-12-31,202412,36588217,IF 36588217,71729905122.0,519
2024-12-31,202412,04013172,IF 04013172,71539055788.0,520
2024-12-31,202412,62895230,IF 62895230,70789509631.0,521
2024-12-31,202412,66788142,IF 66788142,70598347738.0,522
2024-12-31,202412,05676026,IF 05676026,69759097174.0,523
2024-12-31,202412,01152097,IF 01152097,69536651295.0,524
2024-12-31,202412,86389236,IF 86389236,69513829071.0,525
2024-12-31,202412,05158093,IF 05158093,69101280552.0,526
2024-12-31,202412,29162769,IF 29162769,68890950769.0,527
2024-12-31,202412,53505601,IF 53505601,68600610199.0,528
2024-12-31,202412,83315408,IF 83315408,68448444838.0,529
2024-12-31,202412,09403026,IF 09403026,67956377219.0,530
2024-12-31,202412,06174009,IF 06174009,67809111878.0,531
2024-12-31,202412,71243034,IF 71243034,67601819848.0,532
2024-12-31,202412,01009908,IF 01009908,67370312206.0,533
2024-12-31,202412,36658769,IF 36658769,66902695026.0,534
2024-12-31,202412,71238232,IF 71238232,66714889132.0,535
2024-12-31,202412,59158642,IF 59158642,66495646331.0,536
2024-12-31,202412,02197569,IF 02197569,65244726544.0,537
2024-12-31,202412,76461557,IF 76461557,64618380664.0,538
2024-12-31,202412,80959638,IF 80959638,64526491624.0,539
2024-12-31,202412,12392983,IF 12392983,63985714303.0,540
2024-12-31,202412,39908427,IF 39908427,63955478359.0,541
2024-12-31,202412,09590601,IF 09590601,63811516238.0,542
2024-12-31,202412,02658435,IF 02658435,63625600936.0,543
2024-12-31,202412,41707258,IF 41707258,63101624818.0,544
2024-12-31,202412,20855875,IF 20855875,62623400539.0,545
2024-12-31,202412,73422792,IF 73422792,62451526764.0,546
2024-12-31,202412,25420696,IF 25420696,62400638098.0,547
2024-12-31,202412,07946451,IF 07946451,61917216063.0,548
2024-12-31,202412,26960328,IF 26960328,61914715191.0,549
2024-12-31,202412,32778350,IF 32778350,61671672698.0,550
2024-12-31,202412,28080769,IF 28080769,61578864594.0,551
2024-12-31,202412,07318874,IF 07318874,61359311268.0,552
2024-12-31,202412,00068987,IF 00068987,61326440286.0,553
2024-12-31,202412,03612764,IF 03612764,60939508437.0,554
2024-12-31,202412,42584318,IF 42584318,60567321717.0,555
2024-12-31,202412,00991143,IF 00991143,60339394936.0,556
2024-12-31,202412,05220243,IF 05220243,59924822672.0,557
2024-12-31,202412,58229246,IF 58229246,59676340897.0,558
2024-12-31,202412,05983995,IF 05983995,59508125366.0,559
2024-12-31,202412,33021064,IF 33021064,59346050171.0,560
2024-12-31,202412,18966739,IF 18966739,58713224519.0,561
2024-12-31,202412,13140088,IF 13140088,58287130874.0,562
2024-12-31,202412,25528753,IF 25528753,58125595696.0,563
2024-12-31,202412,10506341,IF 10506341,57863323191.0,564
2024-12-31,202412,01559914,IF 01559914,57792547587.0,565
2024-12-31,202412,01705236,IF 01705236,57737108098.0,566
2024-12-31,202412,41805003,IF 41805003,57711021545.0,567
2024-12-31,202412,46642294,IF 46642294,57153037483.0,568
2024-12-31,202412,07502031,IF 07502031,56789339354.0,569
2024-12-31,202412,08253539,IF 08253539,56624751438.0,570
2024-12-31,202412,65913436,IF 65913436,56367081702.0,571
2024-12-31,202412,02144899,IF 02144899,56301790564.0,572
2024-12-31,202412,04261151,IF 04261151,56171991124.0,573
2024-12-31,202412,05389174,IF 05389174,55459734688.0,574
2024-12-31,202412,25683475,IF 25683475,55341962596.0,575
2024-12-31,202412,73398646,IF 73398646,55263380412.0,576
2024-12-31,202412,21661202,IF 21661202,55032280428.0,577
2024-12-31,202412,57647653,IF 57647653,54820837154.0,578
2024-12-31,202412,26014175,IF 26014175,54607117982.0,579
2024-12-31,202412,09089356,IF 09089356,54412355754.0,580
2024-12-31,202412,01722480,IF 01722480,54101061471.0,581
2024-12-31,202412,55230916,IF 55230916,53929630991.0,582
2024-12-31,202412,05247312,IF 05247312,53714282967.0,583
2024-12-31,202412,02931668,IF 02931668,52862834218.0,584
2024-12-31,202412,07465539,IF 07465539,52471198411.0,585
2024-12-31,202412,09033698,IF 09033698,52074045313.0,586
2024-12-31,202412,02057584,IF 02057584,51949020485.0,587
2024-12-31,202412,01187961,IF 01187961,51803534751.0,588
2024-12-31,202412,65697260,IF 65697260,50582216347.0,589
2024-12-31,202412,30723886,IF 30723886,50382213979.0,590
2024-12-31,202412,49241570,IF 49241570,50310613826.0,591
2024-12-31,202412,05816451,IF 05816451,50067755968.0,592
2024-12-31,202412,03502968,IF 03502968,49337351294.0,593
2024-12-31,202412,34169557,IF 34169557,49229022052.0,594
2024-12-31,202412,10868663,IF 10868663,49037680709.0,595
2024-12-31,202412,22749014,IF 22749014,48775129969.0,596
2024-12-31,202412,27652684,IF 27652684,48725809757.0,597
2024-12-31,202412,37241230,IF 37241230,48721038315.0,598
2024-12-31,202412,43818780,IF 43818780,48640706851.0,599
2024-12-31,202412,33370115,IF 33370115,48555633639.0,600
2024-12-31,202412,00429890,IF 00429890,48211474102.0,601
2024-12-31,202412,16581207,IF 16581207,48132548591.0,602
2024-12-31,202412,37079720,IF 37079720,47709499615.0,603
2024-12-31,202412,02766672,IF 02766672,47693864181.0,604
2024-12-31,202412,00869687,IF 00869687,47313658755.0,605
2024-12-31,202412,97259253,IF 97259253,47300460489.0,606
2024-12-31,202412,37255049,IF 37255049,47147558188.0,607
2024-12-31,202412,33136888,IF 33136888,46676413614.0,608
2024-12-31,202412,08422119,IF 08422119,46574480065.0,609
2024-12-31,202412,27214112,IF 27214112,46525717458.0,610
2024-12-31,202412,07412987,IF 07412987,46449650022.0,611
2024-12-31,202412,09473806,IF 09473806,46413700936.0,612
2024-12-31,202412,65239402,IF 65239402,46188002137.0,613
2024-12-31,202412,01703620,IF 01703620,46078383784.0,614
2024-12-31,202412,43599047,IF 43599047,46051441119.0,615
2024-12-31,202412,02587492,IF 02587492,45928044599.0,616
2024-12-31,202412,04445917,IF 04445917,45609785837.0,617
2024-12-31,202412,25353939,IF 25353939,45125491725.0,618
2024-12-31,202412,17361536,IF 17361536,44569835343.0,619
2024-12-31,202412,07215632,IF 07215632,44312549566.0,620
2024-12-31,202412,69720910,IF 69720910,44122451423.0,621
2024-12-31,202412,01572667,IF 01572667,43943391656.0,622
2024-12-31,202412,41753500,IF 41753500,43650094814.0,623
2024-12-31,202412,05211129,IF 05211129,42975034473.0,624
2024-12-31,202412,30723871,IF 30723871,42628271494.0,625
2024-12-31,202412,03412878,IF 03412878,42267791234.0,626
2024-12-31,202412,82096447,IF 82096447,42002038542.0,627
2024-12-31,202412,71154256,IF 71154256,41994148208.0,628
2024-12-31,202412,08055016,IF 08055016,41988523698.0,629
2024-12-31,202412,00066670,IF 00066670,41980401084.0,630
2024-12-31,202412,06040559,IF 06040559,41872985507.0,631
2024-12-31,202412,04323351,IF 04323351,41638070763.0,632
2024-12-31,202412,71237184,IF 71237184,41589120886.0,633
2024-12-31,202412,08795285,IF 08795285,41377501884.0,634
2024-12-31,202412,14913919,IF 14913919,41199568871.0,635
2024-12-31,202412,30980539,IF 30980539,41176067506.0,636
2024-12-31,202412,03419786,IF 03419786,41092742965.0,637
2024-12-31,202412,36113876,IF 36113876,41081547455.0,638
2024-12-31,202412,01608685,IF 01608685,40923996462.0,639
2024-12-31,202412,04181542,IF 04181542,40778980332.0,640
2024-12-31,202412,03427097,IF 03427097,40700053071.0,641
2024-12-31,202412,04490531,IF 04490531,40542044424.0,642
2024-12-31,202412,02201501,IF 02201501,40153143796.0,643
2024-12-31,202412,45879000,IF 45879000,40103736334.0,644
2024-12-31,202412,71163315,IF 71163315,40032453406.0,645
2024-12-31,202412,02480577,IF 02480577,40009241387.0,646
2024-12-31,202412,04237413,IF 04237413,39909000753.0,647
2024-12-31,202412,62109566,IF 62109566,39613432225.0,648
2024-12-31,202412,71154876,IF 71154876,39361699384.0,649
2024-12-31,202412,01848322,IF 01848322,39307658961.0,650
2024-12-31,202412,38224857,IF 38224857,39249559526.0,651
2024-12-31,202412,41931221,IF 41931221,38975060255.0,652
2024-12-31,202412,41538335,IF 41538335,38901693112.0,653
2024-12-31,202412,05494591,IF 05494591,38823884132.0,654
2024-12-31,202412,34991938,IF 34991938,38778294568.0,655
2024-12-31,202412,04406371,IF 04406371,38759839444.0,656
2024-12-31,202412,71418784,IF 71418784,38620731018.0,657
2024-12-31,202412,01205736,IF 01205736,38514409743.0,658
2024-12-31,202412,36272465,IF 36272465,38477653339.0,659
2024-12-31,202412,03269540,IF 03269540,37997203408.0,660
2024-12-31,202412,04355489,IF 04355489,37994619193.0,661
2024-12-31,202412,82133182,IF 82133182,37878939145.0,662
2024-12-31,202412,03519240,IF 03519240,37866245023.0,663
2024-12-31,202412,05222094,IF 05222094,37827394774.0,664
2024-12-31,202412,03033469,IF 03033469,37158338842.0,665
2024-12-31,202412,33579731,IF 33579731,36817744027.0,666
2024-12-31,202412,71207740,IF 71207740,36749799274.0,667
2024-12-31,202412,03881423,IF 03881423,36548651002.0,668
2024-12-31,202412,07097064,IF 07097064,36196997958.0,669
2024-12-31,202412,02000895,IF 02000895,35982566728.0,670
2024-12-31,202412,21797311,IF 21797311,35781013859.0,671
2024-12-31,202412,34337707,IF 34337707,35642970892.0,672
2024-12-31,202412,33254319,IF 33254319,35406929508.0,673
2024-12-31,202412,16814330,IF 16814330,35046446814.0,674
2024-12-31,202412,02883398,IF 02883398,34859504607.0,675
2024-12-31,202412,87781530,IF 87781530,34814189153.0,676
2024-12-31,202412,10319386,IF 10319386,34538281086.0,677
2024-12-31,202412,71441406,IF 71441406,34408628776.0,678
2024-12-31,202412,30798783,IF 30798783,33970896057.0,679
2024-12-31,202412,36321990,IF 36321990,33675070359.0,680
2024-12-31,202412,02405189,IF 02405189,33544205614.0,681
2024-12-31,202412,78157146,IF 78157146,33387015377.0,682
2024-12-31,202412,72128440,IF 72128440,33368299685.0,683
2024-12-31,202412,02904125,IF 02904125,33312451863.0,684
2024-12-31,202412,05269976,IF 05269976,33162635366.0,685
2024-12-31,202412,00122327,IF 00122327,33027096482.0,686
2024-12-31,202412,25743311,IF 25743311,32965864645.0,687
2024-12-31,202412,78840071,IF 78840071,32774914577.0,688
2024-12-31,202412,45220646,IF 45220646,32673294242.0,689
2024-12-31,202412,41255225,IF 41255225,32594213417.0,690
2024-12-31,202412,71146450,IF 71146450,32579896937.0,691
2024-12-31,202412,02493000,IF 02493000,32451585748.0,692
2024-12-31,202412,01073966,IF 01073966,32425767945.0,693
2024-12-31,202412,04379829,IF 04379829,32283325865.0,694
2024-12-31,202412,25404542,IF 25404542,32181694141.0,695
2024-12-31,202412,03428338,IF 03428338,31485782955.0,696
2024-12-31,202412,00411939,IF 00411939,31376207709.0,697
2024-12-31,202412,37631058,IF 37631058,30911166969.0,698
2024-12-31,202412,08071414,IF 08071414,30725699181.0,699
2024-12-31,202412,62673470,IF 62673470,30670954572.0,700
2024-12-31,202412,88099247,IF 88099247,30620604956.0,701
2024-12-31,202412,04321309,IF 04321309,30594387224.0,702
2024-12-31,202412,07512441,IF 07512441,30565095018.0,703
2024-12-31,202412,04565791,IF 04565791,30473375505.0,704
2024-12-31,202412,03750034,IF 03750034,30370499533.0,705
2024-12-31,202412,97489280,IF 97489280,29866137107.0,706
2024-12-31,202412,14388516,IF 14388516,29715240182.0,707
2024-12-31,202412,42880617,IF 42880617,29679036734.0,708
2024-12-31,202412,94243839,IF 94243839,29621711838.0,709
2024-12-31,202412,33862244,IF 33862244,29607918267.0,710
2024-12-31,202412,00803287,IF 00803287,29567776192.0,711
2024-12-31,202412,02876918,IF 02876918,29536620181.0,712
2024-12-31,202412,11760553,IF 11760553,29503525988.0,713
2024-12-31,202412,01667352,IF 01667352,29275535201.0,714
2024-12-31,202412,87900601,IF 87900601,29092006073.0,715
2024-12-31,202412,01439107,IF 01439107,29048944313.0,716
2024-12-31,202412,86791837,IF 86791837,28739802909.0,717
2024-12-31,202412,02282165,IF 02282165,28507970813.0,718
2024-12-31,202412,71432926,IF 71432926,28427957677.0,719
2024-12-31,202412,31749596,IF 31749596,28380862116.0,720
2024-12-31,202412,18282093,IF 18282093,28238543897.0,721
2024-12-31,202412,05856736,IF 05856736,28153313479.0,722
2024-12-31,202412,28581308,IF 28581308,28022398966.0,723
2024-12-31,202412,54190525,IF 54190525,27732901512.0,724
2024-12-31,202412,16721078,IF 16721078,27676125577.0,725
2024-12-31,202412,76059997,IF 76059997,27630557120.0,726
2024-12-31,202412,03183937,IF 03183937,27595884549.0,727
2024-12-31,202412,34711571,IF 34711571,27520383259.0,728
2024-12-31,202412,04853988,IF 04853988,27392212555.0,729
2024-12-31,202412,03816413,IF 03816413,27377762837.0,730
2024-12-31,202412,78907607,IF 78907607,27271346581.0,731
2024-12-31,202412,39343350,IF 39343350,26936027269.0,732
2024-12-31,202412,66259110,IF 66259110,26868243982.0,733
2024-12-31,202412,40768766,IF 40768766,26676008819.0,734
2024-12-31,202412,11351086,IF 11351086,26441935723.0,735
2024-12-31,202412,53623781,IF 53623781,26332748802.0,736
2024-12-31,202412,09343038,IF 09343038,26281224434.0,737
2024-12-31,202412,04120633,IF 04120633,26198778966.0,738
2024-12-31,202412,07194313,IF 07194313,26037091274.0,739
2024-12-31,202412,09552111,IF 09552111,25953596123.0,740
2024-12-31,202412,07320890,IF 07320890,25946540879.0,741
2024-12-31,202412,34270520,IF 34270520,25859013463.0,742
2024-12-31,202412,32206435,IF 32206435,25740092294.0,743
2024-12-31,202412,00952415,IF 00952415,25573792187.0,744
2024-12-31,202412,06910457,IF 06910457,25521444647.0,745
2024-12-31,202412,13728156,IF 13728156,25391058371.0,746
2024-12-31,202412,07714057,IF 07714057,25318320276.0,747
2024-12-31,202412,61384004,IF 61384004,25294013324.0,748
2024-12-31,202412,05439425,IF 05439425,24747997213.0,749
2024-12-31,202412,17079937,IF 17079937,24658472835.0,750
2024-12-31,202412,18587586,IF 18587586,24431299445.0,751
2024-12-31,202412,37122487,IF 37122487,24347271888.0,752
2024-12-31,202412,05463934,IF 05463934,24307911555.0,753
2024-12-31,202412,25363615,IF 25363615,24263220438.0,754
2024-12-31,202412,37511258,IF 37511258,23341327661.0,755
2024-12-31,202412,41498340,IF 41498340,23327674692.0,756
2024-12-31,202412,01609345,IF 01609345,23325285714.0,757
2024-12-31,202412,68512748,IF 68512748,23183782212.0,758
2024-12-31,202412,50489148,IF 50489148,23179088672.0,759
2024-12-31,202412,05425526,IF 05425526,23073197935.0,760
2024-12-31,202412,33775974,IF 33775974,23038327086.0,761
2024-12-31,202412,02382755,IF 02382755,22813976295.0,762
2024-12-31,202412,35210410,IF 35210410,22800553909.0,763
2024-12-31,202412,06284531,IF 06284531,22590310827.0,764
2024-12-31,202412,00707903,IF 00707903,22498822053.0,765
2024-12-31,202412,71230338,IF 71230338,22407065076.0,766
2024-12-31,202412,01657678,IF 01657678,22257180703.0,767
2024-12-31,202412,61855045,IF 61855045,22223940643.0,768
2024-12-31,202412,19468242,IF 19468242,22084096305.0,769
2024-12-31,202412,62928320,IF 62928320,22049600767.0,770
2024-12-31,202412,05241145,IF 05241145,21971026267.0,771
2024-12-31,202412,49173791,IF 49173791,21858644925.0,772
2024-12-31,202412,00694877,IF 00694877,21796471601.0,773
2024-12-31,202412,62090873,IF 62090873,21709987391.0,774
2024-12-31,202412,14046512,IF 14046512,21594479467.0,775
2024-12-31,202412,07070495,IF 07070495,21527253382.0,776
2024-12-31,202412,42887133,IF 42887133,21424424386.0,777
2024-12-31,202412,04174720,IF 04174720,21384411037.0,778
2024-12-31,202412,09515813,IF 09515813,21373212581.0,779
2024-12-31,202412,53236808,IF 53236808,21291413821.0,780
2024-12-31,202412,24431221,IF 24431221,21208846712.0,781
2024-12-31,202412,10314753,IF 10314753,21049057993.0,782
2024-12-31,202412,17343510,IF 17343510,21009406795.0,783
2024-12-31,202412,02338666,IF 02338666,20898721045.0,784
2024-12-31,202412,05070112,IF 05070112,20738754436.0,785
2024-12-31,202412,09576849,IF 09576849,20494817364.0,786
2024-12-31,202412,84156470,IF 84156470,20394495429.0,787
2024-12-31,202412,41180092,IF 41180092,20277834968.0,788
2024-12-31,202412,20308187,IF 20308187,20264780789.0,789
2024-12-31,202412,00162760,IF 00162760,20237138804.0,790
2024-12-31,202412,38316293,IF 38316293,19702056753.0,791
2024-12-31,202412,03384738,IF 03384738,19476437125.0,792
2024-12-31,202412,86585049,IF 86585049,19441779853.0,793
2024-12-31,202412,22639377,IF 22639377,18835766045.0,794
2024-12-31,202412,20757199,IF 20757199,18665425333.0,795
2024-12-31,202412,39519944,IF 39519944,18602577807.0,796
2024-12-31,202412,71506513,IF 71506513,18484515779.0,797
2024-12-31,202412,28156057,IF 28156057,18458497065.0,798
2024-12-31,202412,73326449,IF 73326449,18253946149.0,799
2024-12-31,202412,35523352,IF 35523352,18216382351.0,800
2024-12-31,202412,06249129,IF 06249129,18009704759.0,801
2024-12-31,202412,44189447,IF 44189447,17703117383.0,802
2024-12-31,202412,34829992,IF 34829992,17673028707.0,803
2024-12-31,202412,05938780,IF 05938780,17653218162.0,804
2024-12-31,202412,04886317,IF 04886317,17596447449.0,805
2024-12-31,202412,03985375,IF 03985375,17590221448.0,806
2024-12-31,202412,60394079,IF 60394079,17571158319.0,807
2024-12-31,202412,47965438,IF 47965438,17571060266.0,808
2024-12-31,202412,35551187,IF 35551187,17528446561.0,809
2024-12-31,202412,13966572,IF 13966572,17520754885.0,810
2024-12-31,202412,07958405,IF 07958405,17409211181.0,811
2024-12-31,202412,62285390,IF 62285390,16947464878.0,812
2024-12-31,202412,33630661,IF 33630661,16916466592.0,813
2024-12-31,202412,50735161,IF 50735161,16909063237.0,814
2024-12-31,202412,20443996,IF 20443996,16848873348.0,815
2024-12-31,202412,00804046,IF 00804046,16788209715.0,816
2024-12-31,202412,32219232,IF 32219232,16775272832.0,817
2024-12-31,202412,01699652,IF 01699652,16756867263.0,818
2024-12-31,202412,09437293,IF 09437293,16542523414.0,819
2024-12-31,202412,52046299,IF 52046299,16397215832.0,820
2024-12-31,202412,08044854,IF 08044854,16216891056.0,821
2024-12-31,202412,36947229,IF 36947229,16191275133.0,822
2024-12-31,202412,97406706,IF 97406706,16105672854.0,823
2024-12-31,202412,12384953,IF 12384953,16021351646.0,824
2024-12-31,202412,04649337,IF 04649337,15983093513.0,825
2024-12-31,202412,93026847,IF 93026847,15926952029.0,826
2024-12-31,202412,07509426,IF 07509426,15726932255.0,827
2024-12-31,202412,46277273,IF 46277273,15552575203.0,828
2024-12-31,202412,02448839,IF 02448839,15439237351.0,829
2024-12-31,202412,61747085,IF 61747085,15214219592.0,830
2024-12-31,202412,05410056,IF 05410056,15195751567.0,831
2024-12-31,202412,09424988,IF 09424988,15055804684.0,832
2024-12-31,202412,45691128,IF 45691128,15005548397.0,833
2024-12-31,202412,07946216,IF 07946216,14967112158.0,834
2024-12-31,202412,24610065,IF 24610065,14647963871.0,835
2024-12-31,202412,02562412,IF 02562412,14467293478.0,836
2024-12-31,202412,04572960,IF 04572960,14460308536.0,837
2024-12-31,202412,06324872,IF 06324872,14343491648.0,838
2024-12-31,202412,17819084,IF 17819084,14304077862.0,839
2024-12-31,202412,03941182,IF 03941182,14022699826.0,840
2024-12-31,202412,01389651,IF 01389651,13941239635.0,841
2024-12-31,202412,03212823,IF 03212823,13882747126.0,842
2024-12-31,202412,17354911,IF 17354911,13816225107.0,843
2024-12-31,202412,64480833,IF 64480833,13808721614.0,844
2024-12-31,202412,04833655,IF 04833655,13801608918.0,845
2024-12-31,202412,04751713,IF 04751713,13705817444.0,846
2024-12-31,202412,04529074,IF 04529074,13692436376.0,847
2024-12-31,202412,33171211,IF 33171211,13575489436.0,848
2024-12-31,202412,83836114,IF 83836114,13569031318.0,849
2024-12-31,202412,33894445,IF 33894445,13526035752.0,850
2024-12-31,202412,36864992,IF 36864992,13491182633.0,851
2024-12-31,202412,12815827,IF 12815827,13469753686.0,852
2024-12-31,202412,21332862,IF 21332862,13425064772.0,853
2024-12-31,202412,02347114,IF 02347114,13374203629.0,854
2024-12-31,202412,04913129,IF 04913129,13307554544.0,855
2024-12-31,202412,02254376,IF 02254376,13241283557.0,856
2024-12-31,202412,18539102,IF 18539102,13085923208.0,857
2024-12-31,202412,64293582,IF 64293582,12980688436.0,858
2024-12-31,202412,05597773,IF 05597773,12941714933.0,859
2024-12-31,202412,04525997,IF 04525997,12726293306.0,860
2024-12-31,202412,01638542,IF 01638542,12626099173.0,861
2024-12-31,202412,28811341,IF 28811341,12557377253.0,862
2024-12-31,202412,07652226,IF 07652226,12555438611.0,863
2024-12-31,202412,58290800,IF 58290800,12534184159.0,864
2024-12-31,202412,11907520,IF 11907520,12312839865.0,865
2024-12-31,202412,15163587,IF 15163587,12273823096.0,866
2024-12-31,202412,21866694,IF 21866694,12267359992.0,867
2024-12-31,202412,13776742,IF 13776742,12248303324.0,868
2024-12-31,202412,02794761,IF 02794761,12091896381.0,869
2024-12-31,202412,18810553,IF 18810553,12044634059.0,870
2024-12-31,202412,43394419,IF 43394419,12010008218.0,871
2024-12-31,202412,02528151,IF 02528151,12004924183.0,872
2024-12-31,202412,08030602,IF 08030602,11942870632.0,873
2024-12-31,202412,07138049,IF 07138049,11934984674.0,874
2024-12-31,202412,09313766,IF 09313766,11928782304.0,875
2024-12-31,202412,11836226,IF 11836226,11884640188.0,876
2024-12-31,202412,02137018,IF 02137018,11808496873.0,877
2024-12-31,202412,03620772,IF 03620772,11807340286.0,878
2024-12-31,202412,44373041,IF 44373041,11656195485.0,879
2024-12-31,202412,05076239,IF 05076239,11640197182.0,880
2024-12-31,202412,26225776,IF 26225776,11588072706.0,881
2024-12-31,202412,02685483,IF 02685483,11556606574.0,882
2024-12-31,202412,12599971,IF 12599971,11529533664.0,883
2024-12-31,202412,05477038,IF 05477038,11524610148.0,884
2024-12-31,202412,30765018,IF 30765018,11499347615.0,885
2024-12-31,202412,23114447,IF 23114447,11384248618.0,886
2024-12-31,202412,09330158,IF 09330158,11282848838.0,887
2024-12-31,202412,09463721,IF 09463721,11251069041.0,888
2024-12-31,202412,33042151,IF 33042151,11248957863.0,889
2024-12-31,202412,22575466,IF 22575466,11246733318.0,890
2024-12-31,202412,25238191,IF 25238191,11233438857.0,891
2024-12-31,202412,42054886,IF 42054886,11179384087.0,892
2024-12-31,202412,29759316,IF 29759316,11033687517.0,893
2024-12-31,202412,02641969,IF 02641969,11001998646.0,894
2024-12-31,202412,13660104,IF 13660104,10987996842.0,895
2024-12-31,202412,03847413,IF 03847413,10986022319.0,896
2024-12-31,202412,19875244,IF 19875244,10970989168.0,897
2024-12-31,202412,04894460,IF 04894460,10934562461.0,898
2024-12-31,202412,10311218,IF 10311218,10928405195.0,899
2024-12-31,202412,05956581,IF 05956581,10925452442.0,900
2024-12-31,202412,51342763,IF 51342763,10777439904.0,901
2024-12-31,202412,03603683,IF 03603683,10762226164.0,902
2024-12-31,202412,02833202,IF 02833202,10755239645.0,903
2024-12-31,202412,44401800,IF 44401800,10666757812.0,904
2024-12-31,202412,04307598,IF 04307598,10612432337.0,905
2024-12-31,202412,32648370,IF 32648370,10608747946.0,906
2024-12-31,202412,02904138,IF 02904138,10582004083.0,907
2024-12-31,202412,13293225,IF 13293225,10568909638.0,908
2024-12-31,202412,71419600,IF 71419600,10244310161.0,909
2024-12-31,202412,03000142,IF 03000142,10221613805.0,910
2024-12-31,202412,03862898,IF 03862898,10180890165.0,911
2024-12-31,202412,04715685,IF 04715685,10138261255.0,912
2024-12-31,202412,01709266,IF 01709266,10085219025.0,913
2024-12-31,202412,21670187,IF 21670187,10047882044.0,914
2024-12-31,202412,08041950,IF 08041950,10041590984.0,915
2024-12-31,202412,13486793,IF 13486793,10030772705.0,916
2024-12-31,202412,02934201,IF 02934201,10010080411.0,917
2024-12-31,202412,02924977,IF 02924977,9991060864.0,918
2024-12-31,202412,10175348,IF 10175348,9976548768.0,919
2024-12-31,202412,09488496,IF 09488496,9950663576.0,920
2024-12-31,202412,04230630,IF 04230630,9948392922.0,921
2024-12-31,202412,45283173,IF 45283173,9872699602.0,922
2024-12-31,202412,28650236,IF 28650236,9566284688.0,923
2024-12-31,202412,51489318,IF 51489318,9564672587.0,924
2024-12-31,202412,06078926,IF 06078926,9522997093.0,925
2024-12-31,202412,01374196,IF 01374196,9450458907.0,926
2024-12-31,202412,11414839,IF 11414839,9401638724.0,927
2024-12-31,202412,92856905,IF 92856905,9314624371.0,928
2024-12-31,202412,64739121,IF 64739121,9230774461.0,929
2024-12-31,202412,26526166,IF 26526166,9225508366.0,930
2024-12-31,202412,17315359,IF 17315359,9217674473.0,931
2024-12-31,202412,62178421,IF 62178421,9205965303.0,932
2024-12-31,202412,62562012,IF 62562012,9204814683.0,933
2024-12-31,202412,59869560,IF 59869560,9188997474.0,934
2024-12-31,202412,26264220,IF 26264220,9183033324.0,935
2024-12-31,202412,03311443,IF 03311443,9123180839.0,936
2024-12-31,202412,09554480,IF 09554480,9122265237.0,937
2024-12-31,202412,61182408,IF 61182408,8916460332.0,938
2024-12-31,202412,05667301,IF 05667301,8682488983.0,939
2024-12-31,202412,05503849,IF 05503849,8604483962.0,940
2024-12-31,202412,02935307,IF 02935307,8558604115.0,941
2024-12-31,202412,02217068,IF 02217068,8539217326.0,942
2024-12-31,202412,09579249,IF 09579249,8491603494.0,943
2024-12-31,202412,03662047,IF 03662047,8482387732.0,944
2024-12-31,202412,07669921,IF 07669921,8395235875.0,945
2024-12-31,202412,92935741,IF 92935741,8386390916.0,946
2024-12-31,202412,34471744,IF 34471744,8377421922.0,947
2024-12-31,202412,73622748,IF 73622748,8351036788.0,948
2024-12-31,202412,00806535,IF 00806535,8335449607.0,949
2024-12-31,202412,39993186,IF 39993186,8297457483.0,950
2024-12-31,202412,71677850,IF 71677850,8154314995.0,951
2024-12-31,202412,33924028,IF 33924028,8117065703.0,952
2024-12-31,202412,74248949,IF 74248949,8076060617.0,953
2024-12-31,202412,26178111,IF 26178111,8039112490.0,954
2024-12-31,202412,05277312,IF 05277312,8034275979.0,955
2024-12-31,202412,04985665,IF 04985665,8024113307.0,956
2024-12-31,202412,12481100,IF 12481100,8013304274.0,957
2024-12-31,202412,38588174,IF 38588174,7944383385.0,958
2024-12-31,202412,10808037,IF 10808037,7934245136.0,959
2024-12-31,202412,13178690,IF 13178690,7933039936.0,960
2024-12-31,202412,22610500,IF 22610500,7819335082.0,961
2024-12-31,202412,19402130,IF 19402130,7727155953.0,962
2024-12-31,202412,35084163,IF 35084163,7709791978.0,963
2024-12-31,202412,37715993,IF 37715993,7696198754.0,964
2024-12-31,202412,89280960,IF 89280960,7668424783.0,965
2024-12-31,202412,00259231,IF 00259231,7637287528.0,966
2024-12-31,202412,33817677,IF 33817677,7534373128.0,967
2024-12-31,202412,11969853,IF 11969853,7386033834.0,968
2024-12-31,202412,40276692,IF 40276692,7359141486.0,969
2024-12-31,202412,13203354,IF 13203354,7355991185.0,970
2024-12-31,202412,71336432,IF 71336432,7350017404.0,971
2024-12-31,202412,08718431,IF 08718431,7338636351.0,972
2024-12-31,202412,47074323,IF 47074323,7278258596.0,973
2024-12-31,202412,44431743,IF 44431743,7265244166.0,974
2024-12-31,202412,33850686,IF 33850686,7147830764.0,975
2024-12-31,202412,05545390,IF 05545390,7025169813.0,976
2024-12-31,202412,74244344,IF 74244344,7004671308.0,977
2024-12-31,202412,03877288,IF 03877288,7003466731.0,978
2024-12-31,202412,07747410,IF 07747410,6933037137.0,979
2024-12-31,202412,48176336,IF 48176336,6908370249.0,980
2024-12-31,202412,07299480,IF 07299480,6840723125.0,981
2024-12-31,202412,78626983,IF 78626983,6807863999.0,982
2024-12-31,202412,11970623,IF 11970623,6769318319.0,983
2024-12-31,202412,03139644,IF 03139644,6767923271.0,984
2024-12-31,202412,28683892,IF 28683892,6760445079.0,985
2024-12-31,202412,12473687,IF 12473687,6684035854.0,986
2024-12-31,202412,00968602,IF 00968602,6656890251.0,987
2024-12-31,202412,58158387,IF 58158387,6654640258.0,988
2024-12-31,202412,19962468,IF 19962468,6640712132.0,989
2024-12-31,202412,68228006,IF 68228006,6601145077.0,990
2024-12-31,202412,35470647,IF 35470647,6585433612.0,991
2024-12-31,202412,40654622,IF 40654622,6555273785.0,992
2024-12-31,202412,42934794,IF 42934794,6425945922.0,993
2024-12-31,202412,20961629,IF 20961629,6414470299.0,994
2024-12-31,202412,09105360,IF 09105360,6356899712.0,995
2024-12-31,202412,71392047,IF 71392047,6348218166.0,996
2024-12-31,202412,32615247,IF 32615247,6331989458.0,997
2024-12-31,202412,32997490,IF 32997490,6235618701.0,998
2024-12-31,202412,67030395,IF 67030395,6235611288.0,999
2024-12-31,202412,10769660,IF 10769660,6213319958.0,1000
2024-12-31,202412,11491029,IF 11491029,6160585615.0,1001
2024-12-31,202412,03046391,IF 03046391,6159065044.0,1002
2024-12-31,202412,05474540,IF 05474540,6131340628.0,1003
2024-12-31,202412,08850613,IF 08850613,5976961699.0,1004
2024-12-31,202412,17312083,IF 17312083,5810737237.0,1005
2024-12-31,202412,17441197,IF 17441197,5784959039.0,1006
2024-12-31,202412,27970567,IF 27970567,5759097726.0,1007
2024-12-31,202412,08673569,IF 08673569,5758758007.0,1008
2024-12-31,202412,04663561,IF 04663561,5744643345.0,1009
2024-12-31,202412,33959738,IF 33959738,5717294629.0,1010
2024-12-31,202412,01330387,IF 01330387,5591451847.0,1011
2024-12-31,202412,07252614,IF 07252614,5563074855.0,1012
2024-12-31,202412,39587424,IF 39587424,5546763764.0,1013
2024-12-31,202412,26191078,IF 26191078,5491484185.0,1014
2024-12-31,202412,51010858,IF 51010858,5392555362.0,1015
2024-12-31,202412,13720915,IF 13720915,5365503217.0,1016
2024-12-31,202412,89960090,IF 89960090,5321985259.0,1017
2024-12-31,202412,11758741,IF 11758741,5310876456.0,1018
2024-12-31,202412,11495073,IF 11495073,5290556074.0,1019
2024-12-31,202412,62795257,IF 62795257,5263552641.0,1020
2024-12-31,202412,18520834,IF 18520834,5132111788.0,1021
2024-12-31,202412,02853045,IF 02853045,5102433993.0,1022
2024-12-31,202412,57731012,IF 57731012,5085196546.0,1023
2024-12-31,202412,18188384,IF 18188384,5047307336.0,1024
2024-12-31,202412,08609934,IF 08609934,4966372467.0,1025
2024-12-31,202412,11406965,IF 11406965,4883386653.0,1026
2024-12-31,202412,61190658,IF 61190658,4873401042.0,1027
2024-12-31,202412,40083667,IF 40083667,4861799991.0,1028
2024-12-31,202412,05491616,IF 05491616,4827383103.0,1029
2024-12-31,202412,33588252,IF 33588252,4815841994.0,1030
2024-12-31,202412,33886862,IF 33886862,4811520362.0,1031
2024-12-31,202412,40473435,IF 40473435,4788434064.0,1032
2024-12-31,202412,01864151,IF 01864151,4763440286.0,1033
2024-12-31,202412,09512542,IF 09512542,4634748755.0,1034
2024-12-31,202412,40434681,IF 40434681,4619179197.0,1035
2024-12-31,202412,08611734,IF 08611734,4610974650.0,1036
2024-12-31,202412,08257293,IF 08257293,4610152451.0,1037
2024-12-31,202412,07799277,IF 07799277,4565420308.0,1038
2024-12-31,202412,09004796,IF 09004796,4550612872.0,1039
2024-12-31,202412,34006497,IF 34006497,4523817605.0,1040
2024-12-31,202412,83325811,IF 83325811,4510363223.0,1041
2024-12-31,202412,04694278,IF 04694278,4468680863.0,1042
2024-12-31,202412,32708748,IF 32708748,4390088368.0,1043
2024-12-31,202412,52586293,IF 52586293,4313637428.0,1044
2024-12-31,202412,02024442,IF 02024442,4313146602.0,1045
2024-12-31,202412,02844024,IF 02844024,4301584058.0,1046
2024-12-31,202412,12272183,IF 12272183,4298968461.0,1047
2024-12-31,202412,06339468,IF 06339468,4253405694.0,1048
2024-12-31,202412,14511781,IF 14511781,4233716739.0,1049
2024-12-31,202412,33615055,IF 33615055,4209856101.0,1050
2024-12-31,202412,05192316,IF 05192316,4206859068.0,1051
2024-12-31,202412,34747388,IF 34747388,4178203366.0,1052
2024-12-31,202412,16695922,IF 16695922,4166958585.0,1053
2024-12-31,202412,92858380,IF 92858380,4157060712.0,1054
2024-12-31,202412,03575699,IF 03575699,4016382816.0,1055
2024-12-31,202412,53720128,IF 53720128,3949588811.0,1056
2024-12-31,202412,40303299,IF 40303299,3939013412.0,1057
2024-12-31,202412,53776852,IF 53776852,3915615512.0,1058
2024-12-31,202412,62284385,IF 62284385,3876777051.0,1059
2024-12-31,202412,46743997,IF 46743997,3870252811.0,1060
2024-12-31,202412,03973814,IF 03973814,3858867676.0,1061
2024-12-31,202412,01997612,IF 01997612,3785962502.0,1062
2024-12-31,202412,01692448,IF 01692448,3769125733.0,1063
2024-12-31,202412,01062439,IF 01062439,3735121464.0,1064
2024-12-31,202412,02275781,IF 02275781,3705208632.0,1065
2024-12-31,202412,64276058,IF 64276058,3692005440.0,1066
2024-12-31,202412,37470405,IF 37470405,3661197092.0,1067
2024-12-31,202412,33132044,IF 33132044,3648076618.0,1068
2024-12-31,202412,44705774,IF 44705774,3638933379.0,1069
2024-12-31,202412,08488377,IF 08488377,3578193653.0,1070
2024-12-31,202412,48430050,IF 48430050,3548929349.0,1071
2024-12-31,202412,03485130,IF 03485130,3542094909.0,1072
2024-12-31,202412,18140913,IF 18140913,3521551238.0,1073
2024-12-31,202412,45745537,IF 45745537,3446048162.0,1074
2024-12-31,202412,10143743,IF 10143743,3432545647.0,1075
2024-12-31,202412,88325113,IF 88325113,3414031395.0,1076
2024-12-31,202412,02072790,IF 02072790,3382238702.0,1077
2024-12-31,202412,02285107,IF 02285107,3378350612.0,1078
2024-12-31,202412,35274306,IF 35274306,3376866196.0,1079
2024-12-31,202412,20155248,IF 20155248,3321659917.0,1080
2024-12-31,202412,37678915,IF 37678915,3280508367.0,1081
2024-12-31,202412,01155801,IF 01155801,3211145056.0,1082
2024-12-31,202412,46241852,IF 46241852,3189921044.0,1083
2024-12-31,202412,48718183,IF 48718183,3169261058.0,1084
2024-12-31,202412,01526924,IF 01526924,3157204391.0,1085
2024-12-31,202412,92875780,IF 92875780,3096843715.0,1086
2024-12-31,202412,40429946,IF 40429946,3095441341.0,1087
2024-12-31,202412,73092827,IF 73092827,3082281838.0,1088
2024-12-31,202412,04414354,IF 04414354,3076871321.0,1089
2024-12-31,202412,44746352,IF 44746352,3074399088.0,1090
2024-12-31,202412,16564240,IF 16564240,3058975236.0,1091
2024-12-31,202412,39669186,IF 39669186,3053965552.0,1092
2024-12-31,202412,37134759,IF 37134759,2857234574.0,1093
2024-12-31,202412,30507541,IF 30507541,2835573942.0,1094
2024-12-31,202412,08240446,IF 08240446,2825430424.0,1095
2024-12-31,202412,67915868,IF 67915868,2777571313.0,1096
2024-12-31,202412,03918382,IF 03918382,2759122791.0,1097
2024-12-31,202412,23241540,IF 23241540,2757455087.0,1098
2024-12-31,202412,07554076,IF 07554076,2704778755.0,1099
2024-12-31,202412,00336036,IF 00336036,2690247993.0,1100
2024-12-31,202412,03535065,IF 03535065,2668122108.0,1101
2024-12-31,202412,40475846,IF 40475846,2667913793.0,1102
2024-12-31,202412,68757681,IF 68757681,2631331249.0,1103
2024-12-31,202412,16683062,IF 16683062,2616097712.0,1104
2024-12-31,202412,03634239,IF 03634239,2577804046.0,1105
2024-12-31,202412,10143499,IF 10143499,2566697390.0,1106
2024-12-31,202412,17364795,IF 17364795,2562957083.0,1107
2024-12-31,202412,36452762,IF 36452762,2508059264.0,1108
2024-12-31,202412,37076205,IF 37076205,2458295590.0,1109
2024-12-31,202412,02927433,IF 02927433,2444976739.0,1110
2024-12-31,202412,15173776,IF 15173776,2421953241.0,1111
2024-12-31,202412,04791645,IF 04791645,2401009947.0,1112
2024-12-31,202412,27302181,IF 27302181,2394933865.0,1113
2024-12-31,202412,36586946,IF 36586946,2388359957.0,1114
2024-12-31,202412,04079285,IF 04079285,2359593097.0,1115
2024-12-31,202412,05040680,IF 05040680,2352535572.0,1116
2024-12-31,202412,53846242,IF 53846242,2341824118.0,1117
2024-12-31,202412,04306351,IF 04306351,2333131627.0,1118
2024-12-31,202412,07631026,IF 07631026,2315009217.0,1119
2024-12-31,202412,04831810,IF 04831810,2311847546.0,1120
2024-12-31,202412,17312661,IF 17312661,2311014246.0,1121
2024-12-31,202412,20062766,IF 20062766,2308363164.0,1122
2024-12-31,202412,07397614,IF 07397614,2307014969.0,1123
2024-12-31,202412,05289612,IF 05289612,2302201582.0,1124
2024-12-31,202412,03015152,IF 03015152,2293709981.0,1125
2024-12-31,202412,43182278,IF 43182278,2262834693.0,1126
2024-12-31,202412,28979546,IF 28979546,2230104108.0,1127
2024-12-31,202412,17314501,IF 17314501,2210373315.0,1128
2024-12-31,202412,54335401,IF 54335401,2201215906.0,1129
2024-12-31,202412,39664698,IF 39664698,2173402633.0,1130
2024-12-31,202412,05548335,IF 05548335,2150644652.0,1131
2024-12-31,202412,00946465,IF 00946465,2150536738.0,1132
2024-12-31,202412,00460065,IF 00460065,2149118419.0,1133
2024-12-31,202412,58022195,IF 58022195,2120478648.0,1134
2024-12-31,202412,45756448,IF 45756448,2100201278.0,1135
2024-12-31,202412,68969625,IF 68969625,2090306287.0,1136
2024-12-31,202412,17352220,IF 17352220,2086611483.0,1137
2024-12-31,202412,00250699,IF 00250699,2072953539.0,1138
2024-12-31,202412,38146949,IF 38146949,2056573585.0,1139
2024-12-31,202412,53505681,IF 53505681,2041076282.0,1140
2024-12-31,202412,34088029,IF 34088029,2024581598.0,1141
2024-12-31,202412,04998845,IF 04998845,1999669291.0,1142
2024-12-31,202412,17508380,IF 17508380,1997243703.0,1143
2024-12-31,202412,53184438,IF 53184438,1986603023.0,1144
2024-12-31,202412,16944141,IF 16944141,1985983686.0,1145
2024-12-31,202412,43730498,IF 43730498,1985816447.0,1146
2024-12-31,202412,21040668,IF 21040668,1985582944.0,1147
2024-12-31,202412,03058464,IF 03058464,1980174266.0,1148
2024-12-31,202412,01582158,IF 01582158,1972571659.0,1149
2024-12-31,202412,46026562,IF 46026562,1960967256.0,1150
2024-12-31,202412,00714671,IF 00714671,1937638365.0,1151
2024-12-31,202412,37554441,IF 37554441,1913559191.0,1152
2024-12-31,202412,07253654,IF 07253654,1903437033.0,1153
2024-12-31,202412,00204963,IF 00204963,1901457379.0,1154
2024-12-31,202412,53263331,IF 53263331,1895394429.0,1155
2024-12-31,202412,38429045,IF 38429045,1878416379.0,1156
2024-12-31,202412,59620708,IF 59620708,1871641162.0,1157
2024-12-31,202412,01235921,IF 01235921,1861834085.0,1158
2024-12-31,202412,18310649,IF 18310649,1853180984.0,1159
2024-12-31,202412,05097757,IF 05097757,1850204624.0,1160
2024-12-31,202412,02083914,IF 02083914,1840479786.0,1161
2024-12-31,202412,32422628,IF 32422628,1822764567.0,1162
2024-12-31,202412,17502881,IF 17502881,1811032913.0,1163
2024-12-31,202412,46403683,IF 46403683,1810411376.0,1164
2024-12-31,202412,02929977,IF 02929977,1807862758.0,1165
2024-12-31,202412,12651789,IF 12651789,1805754216.0,1166
2024-12-31,202412,02179673,IF 02179673,1804451821.0,1167
2024-12-31,202412,37229413,IF 37229413,1781543944.0,1168
2024-12-31,202412,01788147,IF 01788147,1761487614.0,1169
2024-12-31,202412,02588819,IF 02588819,1712593957.0,1170
2024-12-31,202412,49288113,IF 49288113,1712140009.0,1171
2024-12-31,202412,27842177,IF 27842177,1701641863.0,1172
2024-12-31,202412,42047025,IF 42047025,1666113699.0,1173
2024-12-31,202412,04249235,IF 04249235,1661080732.0,1174
2024-12-31,202412,72600026,IF 72600026,1650726362.0,1175
2024-12-31,202412,02814832,IF 02814832,1647461621.0,1176
2024-12-31,202412,02031139,IF 02031139,1641854439.0,1177
2024-12-31,202412,92675578,IF 92675578,1636889081.0,1178
2024-12-31,202412,30949267,IF 30949267,1636205854.0,1179
2024-12-31,202412,42107706,IF 42107706,1633339902.0,1180
2024-12-31,202412,06975532,IF 06975532,1626743505.0,1181
2024-12-31,202412,02115870,IF 02115870,1618563552.0,1182
2024-12-31,202412,18846364,IF 18846364,1616980536.0,1183
2024-12-31,202412,73631483,IF 73631483,1616166565.0,1184
2024-12-31,202412,39321657,IF 39321657,1605111326.0,1185
2024-12-31,202412,26758433,IF 26758433,1600669861.0,1186
2024-12-31,202412,62280490,IF 62280490,1591734694.0,1187
2024-12-31,202412,03317692,IF 03317692,1560514739.0,1188
2024-12-31,202412,10789035,IF 10789035,1551455602.0,1189
2024-12-31,202412,08030215,IF 08030215,1547961561.0,1190
2024-12-31,202412,53146221,IF 53146221,1543458277.0,1191
2024-12-31,202412,03844699,IF 03844699,1527087718.0,1192
2024-12-31,202412,45331622,IF 45331622,1510903836.0,1193
2024-12-31,202412,32074986,IF 32074986,1502299431.0,1194
2024-12-31,202412,57545436,IF 57545436,1500486464.0,1195
2024-12-31,202412,20833976,IF 20833976,1496402255.0,1196
2024-12-31,202412,53841911,IF 53841911,1487321592.0,1197
2024-12-31,202412,13673855,IF 13673855,1482938992.0,1198
2024-12-31,202412,29341260,IF 29341260,1479424005.0,1199
2024-12-31,202412,49654502,IF 49654502,1478660645.0,1200
2024-12-31,202412,47631123,IF 47631123,1468286017.0,1201
2024-12-31,202412,42066258,IF 42066258,1461311743.0,1202
2024-12-31,202412,01288797,IF 01288797,1456501711.0,1203
2024-12-31,202412,36010822,IF 36010822,1446266429.0,1204
2024-12-31,202412,20622809,IF 20622809,1444281306.0,1205
2024-12-31,202412,41791005,IF 41791005,1431440022.0,1206
2024-12-31,202412,32192325,IF 32192325,1422419141.0,1207
2024-12-31,202412,03639902,IF 03639902,1414852791.0,1208
2024-12-31,202412,87963450,IF 87963450,1406874125.0,1209
2024-12-31,202412,18394228,IF 18394228,1360520138.0,1210
2024-12-31,202412,39696805,IF 39696805,1356810153.0,1211
2024-12-31,202412,34265629,IF 34265629,1337734735.0,1212
2024-12-31,202412,44527444,IF 44527444,1325363138.0,1213
2024-12-31,202412,43167610,IF 43167610,1293883388.0,1214
2024-12-31,202412,25104230,IF 25104230,1286299747.0,1215
2024-12-31,202412,35534511,IF 35534511,1263449766.0,1216
2024-12-31,202412,59305565,IF 59305565,1253203679.0,1217
2024-12-31,202412,43050917,IF 43050917,1252562455.0,1218
2024-12-31,202412,49555647,IF 49555647,1246490649.0,1219
2024-12-31,202412,04478231,IF 04478231,1235020948.0,1220
2024-12-31,202412,80271455,IF 80271455,1232246084.0,1221
2024-12-31,202412,33735192,IF 33735192,1226567757.0,1222
2024-12-31,202412,10853017,IF 10853017,1219220836.0,1223
2024-12-31,202412,44292580,IF 44292580,1218980553.0,1224
2024-12-31,202412,02475222,IF 02475222,1212978632.0,1225
2024-12-31,202412,00329598,IF 00329598,1209477744.0,1226
2024-12-31,202412,05684234,IF 05684234,1205215889.0,1227
2024-12-31,202412,20251847,IF 20251847,1202903582.0,1228
2024-12-31,202412,71965313,IF 71965313,1182005905.0,1229
2024-12-31,202412,57038408,IF 57038408,1172231696.0,1230
2024-12-31,202412,47944277,IF 47944277,1159223375.0,1231
2024-12-31,202412,43488782,IF 43488782,1157265781.0,1232
2024-12-31,202412,48755901,IF 48755901,1157214899.0,1233
2024-12-31,202412,73302408,IF 73302408,1156269098.0,1234
2024-12-31,202412,47196084,IF 47196084,1154561775.0,1235
2024-12-31,202412,27084098,IF 27084098,1150831628.0,1236
2024-12-31,202412,49091119,IF 49091119,1148403888.0,1237
2024-12-31,202412,40867163,IF 40867163,1138417774.0,1238
2024-12-31,202412,44905255,IF 44905255,1115403083.0,1239
2024-12-31,202412,04257795,IF 04257795,1105656584.0,1240
2024-12-31,202412,18684408,IF 18684408,1093075789.0,1241
2024-12-31,202412,04608925,IF 04608925,1083676028.0,1242
2024-12-31,202412,49204605,IF 49204605,1058725662.0,1243
2024-12-31,202412,47873449,IF 47873449,1054455254.0,1244
2024-12-31,202412,52623311,IF 52623311,1047840634.0,1245
2024-12-31,202412,44815065,IF 44815065,1040229396.0,1246
2024-12-31,202412,33851064,IF 33851064,1038610631.0,1247
2024-12-31,202412,07437241,IF 07437241,1034454238.0,1248
2024-12-31,202412,17343682,IF 17343682,1021742998.0,1249
2024-12-31,202412,54733010,IF 54733010,1019249627.0,1250
2024-12-31,202412,26615279,IF 26615279,1004340547.0,1251
2024-12-31,202412,40269467,IF 40269467,998194677.0,1252
2024-12-31,202412,04316357,IF 04316357,987760834.0,1253
2024-12-31,202412,02104058,IF 02104058,984380485.0,1254
2024-12-31,202412,03848103,IF 03848103,955561527.0,1255
2024-12-31,202412,35479592,IF 35479592,953692961.0,1256
2024-12-31,202412,51604356,IF 51604356,941935705.0,1257
2024-12-31,202412,05746715,IF 05746715,939084221.0,1258
2024-12-31,202412,00778858,IF 00778858,937426937.0,1259
2024-12-31,202412,04804353,IF 04804353,936867322.0,1260
2024-12-31,202412,92825397,IF 92825397,933449215.0,1261
2024-12-31,202412,51414521,IF 51414521,923209344.0,1262
2024-12-31,202412,71384697,IF 71384697,905551429.0,1263
2024-12-31,202412,07693858,IF 07693858,905472354.0,1264
2024-12-31,202412,57259525,IF 57259525,902668635.0,1265
2024-12-31,202412,35977097,IF 35977097,897160348.0,1266
2024-12-31,202412,51212088,IF 51212088,894399475.0,1267
2024-12-31,202412,35136120,IF 35136120,893642475.0,1268
2024-12-31,202412,57598120,IF 57598120,887652285.0,1269
2024-12-31,202412,37763847,IF 37763847,886312177.0,1270
2024-12-31,202412,39416705,IF 39416705,886239202.0,1271
2024-12-31,202412,28145589,IF 28145589,881313118.0,1272
2024-12-31,202412,74220948,IF 74220948,877020439.0,1273
2024-12-31,202412,42100982,IF 42100982,869091805.0,1274
2024-12-31,202412,05841967,IF 05841967,867090157.0,1275
2024-12-31,202412,38593706,IF 38593706,863280406.0,1276
2024-12-31,202412,45045671,IF 45045671,862849428.0,1277
2024-12-31,202412,52935442,IF 52935442,859282921.0,1278
2024-12-31,202412,73077398,IF 73077398,858886958.0,1279
2024-12-31,202412,34666362,IF 34666362,858166682.0,1280
2024-12-31,202412,45854066,IF 45854066,851632668.0,1281
2024-12-31,202412,04062902,IF 04062902,844832172.0,1282
2024-12-31,202412,49947715,IF 49947715,844050679.0,1283
2024-12-31,202412,96409263,IF 96409263,839903646.0,1284
2024-12-31,202412,06373777,IF 06373777,820155292.0,1285
2024-12-31,202412,08430732,IF 08430732,818258561.0,1286
2024-12-31,202412,45457891,IF 45457891,813072693.0,1287
2024-12-31,202412,40353377,IF 40353377,811836886.0,1288
2024-12-31,202412,03102185,IF 03102185,794048184.0,1289
2024-12-31,202412,53899051,IF 53899051,788642158.0,1290
2024-12-31,202412,08482873,IF 08482873,772952914.0,1291
2024-12-31,202412,42259084,IF 42259084,764674093.0,1292
2024-12-31,202412,48140925,IF 48140925,761803558.0,1293
2024-12-31,202412,48529228,IF 48529228,757074072.0,1294
2024-12-31,202412,34669130,IF 34669130,751061548.0,1295
2024-12-31,202412,41219353,IF 41219353,749601777.0,1296
2024-12-31,202412,48632754,IF 48632754,749030629.0,1297
2024-12-31,202412,39676772,IF 39676772,747902268.0,1298
2024-12-31,202412,36266751,IF 36266751,743327598.0,1299
2024-12-31,202412,27171974,IF 27171974,742116449.0,1300
2024-12-31,202412,00512839,IF 00512839,715365596.0,1301
2024-12-31,202412,44128548,IF 44128548,711125264.0,1302
2024-12-31,202412,41592532,IF 41592532,709325415.0,1303
2024-12-31,202412,17607375,IF 17607375,699373652.0,1304
2024-12-31,202412,06077760,IF 06077760,696269938.0,1305
2024-12-31,202412,00913314,IF 00913314,694299522.0,1306
2024-12-31,202412,17904906,IF 17904906,687492592.0,1307
2024-12-31,202412,48172860,IF 48172860,685038577.0,1308
2024-12-31,202412,02093154,IF 02093154,680774365.0,1309
2024-12-31,202412,48584954,IF 48584954,677640221.0,1310
2024-12-31,202412,47593544,IF 47593544,677171237.0,1311
2024-12-31,202412,33890605,IF 33890605,675092273.0,1312
2024-12-31,202412,07494300,IF 07494300,669993903.0,1313
2024-12-31,202412,43446335,IF 43446335,653221812.0,1314
2024-12-31,202412,60872983,IF 60872983,645144151.0,1315
2024-12-31,202412,50032584,IF 50032584,641094781.0,1316
2024-12-31,202412,14190547,IF 14190547,637067249.0,1317
2024-12-31,202412,91018408,IF 91018408,631253988.0,1318
2024-12-31,202412,05419025,IF 05419025,630819721.0,1319
2024-12-31,202412,64835226,IF 64835226,625436547.0,1320
2024-12-31,202412,05048575,IF 05048575,625211415.0,1321
2024-12-31,202412,30944783,IF 30944783,623314771.0,1322
2024-12-31,202412,50579044,IF 50579044,619115686.0,1323
2024-12-31,202412,18287740,IF 18287740,617804713.0,1324
2024-12-31,202412,19495266,IF 19495266,616313784.0,1325
2024-12-31,202412,03422007,IF 03422007,614682911.0,1326
2024-12-31,202412,53932869,IF 53932869,612551204.0,1327
2024-12-31,202412,05969937,IF 05969937,611574295.0,1328
2024-12-31,202412,44728700,IF 44728700,610611369.0,1329
2024-12-31,202412,21995256,IF 21995256,610393116.0,1330
2024-12-31,202412,15482499,IF 15482499,609121084.0,1331
2024-12-31,202412,53272365,IF 53272365,607729286.0,1332
2024-12-31,202412,76621457,IF 76621457,604776017.0,1333
2024-12-31,202412,48703388,IF 48703388,602511486.0,1334
2024-12-31,202412,55319370,IF 55319370,597519463.0,1335
2024-12-31,202412,45860531,IF 45860531,591594941.0,1336
2024-12-31,202412,02541707,IF 02541707,590371812.0,1337
2024-12-31,202412,01504952,IF 01504952,581631552.0,1338
2024-12-31,202412,15489568,IF 15489568,580828586.0,1339
2024-12-31,202412,34335592,IF 34335592,578396585.0,1340
2024-12-31,202412,00999403,IF 00999403,576858008.0,1341
2024-12-31,202412,37526080,IF 37526080,570029551.0,1342
2024-12-31,202412,42622791,IF 42622791,564037953.0,1343
2024-12-31,202412,44019481,IF 44019481,563818703.0,1344
2024-12-31,202412,46505612,IF 46505612,559853536.0,1345
2024-12-31,202412,19086249,IF 19086249,555985829.0,1346
2024-12-31,202412,01819799,IF 01819799,551572641.0,1347
2024-12-31,202412,48721937,IF 48721937,546266446.0,1348
2024-12-31,202412,04684647,IF 04684647,541094667.0,1349
2024-12-31,202412,44223196,IF 44223196,540234029.0,1350
2024-12-31,202412,67031757,IF 67031757,539439451.0,1351
2024-12-31,202412,04849745,IF 04849745,538979458.0,1352
2024-12-31,202412,40820176,IF 40820176,534535299.0,1353
2024-12-31,202412,35810871,IF 35810871,534461962.0,1354
2024-12-31,202412,94968518,IF 94968518,527450728.0,1355
2024-12-31,202412,42723848,IF 42723848,527219541.0,1356
2024-12-31,202412,42963742,IF 42963742,522960169.0,1357
2024-12-31,202412,61723847,IF 61723847,522338198.0,1358
2024-12-31,202412,03612679,IF 03612679,516971114.0,1359
2024-12-31,202412,02992317,IF 02992317,511947068.0,1360
2024-12-31,202412,44683140,IF 44683140,508974381.0,1361
2024-12-31,202412,54647259,IF 54647259,503254823.0,1362
2024-12-31,202412,44077014,IF 44077014,503122774.0,1363
2024-12-31,202412,30304919,IF 30304919,495340239.0,1364
2024-12-31,202412,50286774,IF 50286774,494829725.0,1365
2024-12-31,202412,57996878,IF 57996878,493267401.0,1366
2024-12-31,202412,92764489,IF 92764489,489961307.0,1367
2024-12-31,202412,53800488,IF 53800488,487546135.0,1368
2024-12-31,202412,44478623,IF 44478623,485308702.0,1369
2024-12-31,202412,05740092,IF 05740092,484960229.0,1370
2024-12-31,202412,51118718,IF 51118718,483621535.0,1371
2024-12-31,202412,62237649,IF 62237649,480373599.0,1372
2024-12-31,202412,54541468,IF 54541468,479039374.0,1373
2024-12-31,202412,69136075,IF 69136075,475800744.0,1374
2024-12-31,202412,76641497,IF 76641497,471993306.0,1375
2024-12-31,202412,38129006,IF 38129006,471067952.0,1376
2024-12-31,202412,48528314,IF 48528314,469928958.0,1377
2024-12-31,202412,72952138,IF 72952138,467811895.0,1378
2024-12-31,202412,05442029,IF 05442029,465408534.0,1379
2024-12-31,202412,30183111,IF 30183111,458026076.0,1380
2024-12-31,202412,30586895,IF 30586895,452124376.0,1381
2024-12-31,202412,08844074,IF 08844074,450999601.0,1382
2024-12-31,202412,44471172,IF 44471172,430362379.0,1383
2024-12-31,202412,02230138,IF 02230138,430103897.0,1384
2024-12-31,202412,65645137,IF 65645137,426289446.0,1385
2024-12-31,202412,17411307,IF 17411307,414949971.0,1386
2024-12-31,202412,05747018,IF 05747018,406900149.0,1387
2024-12-31,202412,31746993,IF 31746993,403429804.0,1388
2024-12-31,202412,11165756,IF 11165756,403279494.0,1389
2024-12-31,202412,10749264,IF 10749264,402604068.0,1390
2024-12-31,202412,24074692,IF 24074692,397911292.0,1391
2024-12-31,202412,04995006,IF 04995006,396690561.0,1392
2024-12-31,202412,57523215,IF 57523215,389270007.0,1393
2024-12-31,202412,12063256,IF 12063256,388217747.0,1394
2024-12-31,202412,21130869,IF 21130869,384389486.0,1395
2024-12-31,202412,00548980,IF 00548980,379947784.0,1396
2024-12-31,202412,03400651,IF 03400651,377865503.0,1397
2024-12-31,202412,47438068,IF 47438068,377510673.0,1398
2024-12-31,202412,01551820,IF 01551820,370729436.0,1399
2024-12-31,202412,47825528,IF 47825528,367566027.0,1400
2024-12-31,202412,35340796,IF 35340796,366344581.0,1401
2024-12-31,202412,90278987,IF 90278987,359352913.0,1402
2024-12-31,202412,24361690,IF 24361690,359236337.0,1403
2024-12-31,202412,15227994,IF 15227994,357449348.0,1404
2024-12-31,202412,45068632,IF 45068632,356408607.0,1405
2024-12-31,202412,51556307,IF 51556307,354269821.0,1406
2024-12-31,202412,47227569,IF 47227569,352213262.0,1407
2024-12-31,202412,56030613,IF 56030613,351720994.0,1408
2024-12-31,202412,28885036,IF 28885036,346870253.0,1409
2024-12-31,202412,24235459,IF 24235459,343652059.0,1410
2024-12-31,202412,02869663,IF 02869663,339922408.0,1411
2024-12-31,202412,39738065,IF 39738065,336903585.0,1412
2024-12-31,202412,09128022,IF 09128022,334670873.0,1413
2024-12-31,202412,52690487,IF 52690487,332218382.0,1414
2024-12-31,202412,25280945,IF 25280945,323518906.0,1415
2024-12-31,202412,49933388,IF 49933388,322792472.0,1416
2024-12-31,202412,01107759,IF 01107759,319588648.0,1417
2024-12-31,202412,07651495,IF 07651495,316091607.0,1418
2024-12-31,202412,21597133,IF 21597133,315450322.0,1419
2024-12-31,202412,37414009,IF 37414009,312887156.0,1420
2024-12-31,202412,97447304,IF 97447304,308742759.0,1421
2024-12-31,202412,48756121,IF 48756121,305460989.0,1422
2024-12-31,202412,42926025,IF 42926025,304837566.0,1423
2024-12-31,202412,56198117,IF 56198117,300938319.0,1424
2024-12-31,202412,02723075,IF 02723075,298932335.0,1425
2024-12-31,202412,03674133,IF 03674133,298350003.0,1426
2024-12-31,202412,28244622,IF 28244622,297671926.0,1427
2024-12-31,202412,57563728,IF 57563728,296767326.0,1428
2024-12-31,202412,02192115,IF 02192115,291974473.0,1429
2024-12-31,202412,05331882,IF 05331882,289120321.0,1430
2024-12-31,202412,62605290,IF 62605290,287886924.0,1431
2024-12-31,202412,67341487,IF 67341487,285722507.0,1432
2024-12-31,202412,02671743,IF 02671743,273347049.0,1433
2024-12-31,202412,28762249,IF 28762249,272103657.0,1434
2024-12-31,202412,23010182,IF 23010182,267965253.0,1435
2024-12-31,202412,05658367,IF 05658367,266558575.0,1436
2024-12-31,202412,42445122,IF 42445122,265923978.0,1437
2024-12-31,202412,49931906,IF 49931906,262759161.0,1438
2024-12-31,202412,43215815,IF 43215815,260210865.0,1439
2024-12-31,202412,53385390,IF 53385390,259274831.0,1440
2024-12-31,202412,02910387,IF 02910387,259041646.0,1441
2024-12-31,202412,69720894,IF 69720894,257912091.0,1442
2024-12-31,202412,15213150,IF 15213150,256441549.0,1443
2024-12-31,202412,50626276,IF 50626276,255501281.0,1444
2024-12-31,202412,73279093,IF 73279093,253084784.0,1445
2024-12-31,202412,18145784,IF 18145784,247867601.0,1446
2024-12-31,202412,20158571,IF 20158571,246414454.0,1447
2024-12-31,202412,47215387,IF 47215387,234085196.0,1448
2024-12-31,202412,40333582,IF 40333582,228210792.0,1449
2024-12-31,202412,39431423,IF 39431423,227151118.0,1450
2024-12-31,202412,50946592,IF 50946592,226169664.0,1451
2024-12-31,202412,45597546,IF 45597546,215991681.0,1452
2024-12-31,202412,02850075,IF 02850075,214400406.0,1453
2024-12-31,202412,44353942,IF 44353942,213711477.0,1454
2024-12-31,202412,40112555,IF 40112555,213342618.0,1455
2024-12-31,202412,27348513,IF 27348513,211286205.0,1456
2024-12-31,202412,55428859,IF 55428859,210742324.0,1457
2024-12-31,202412,34190991,IF 34190991,206922569.0,1458
2024-12-31,202412,68742204,IF 68742204,206921377.0,1459
2024-12-31,202412,44782130,IF 44782130,204091478.0,1460
2024-12-31,202412,08931800,IF 08931800,200831607.0,1461
2024-12-31,202412,45716916,IF 45716916,200252487.0,1462
2024-12-31,202412,88183173,IF 88183173,199460602.0,1463
2024-12-31,202412,07327045,IF 07327045,198518644.0,1464
2024-12-31,202412,88043187,IF 88043187,193969015.0,1465
2024-12-31,202412,43438662,IF 43438662,193499564.0,1466
2024-12-31,202412,44564204,IF 44564204,192467821.0,1467
2024-12-31,202412,02738981,IF 02738981,192361472.0,1468
2024-12-31,202412,35911258,IF 35911258,192025992.0,1469
2024-12-31,202412,53575491,IF 53575491,188523242.0,1470
2024-12-31,202412,06942423,IF 06942423,183123181.0,1471
2024-12-31,202412,20269566,IF 20269566,180285068.0,1472
2024-12-31,202412,34139916,IF 34139916,178381735.0,1473
2024-12-31,202412,04152107,IF 04152107,177982387.0,1474
2024-12-31,202412,05591437,IF 05591437,177636768.0,1475
2024-12-31,202412,37800856,IF 37800856,175921149.0,1476
2024-12-31,202412,57440521,IF 57440521,175332216.0,1477
2024-12-31,202412,68314921,IF 68314921,175185503.0,1478
2024-12-31,202412,11356599,IF 11356599,172639075.0,1479
2024-12-31,202412,48751854,IF 48751854,168533411.0,1480
2024-12-31,202412,19324634,IF 19324634,166954915.0,1481
2024-12-31,202412,46130566,IF 46130566,164665688.0,1482
2024-12-31,202412,18340695,IF 18340695,162768484.0,1483
2024-12-31,202412,17772370,IF 17772370,159601832.0,1484
2024-12-31,202412,51118615,IF 51118615,159583918.0,1485
2024-12-31,202412,15122605,IF 15122605,158496281.0,1486
2024-12-31,202412,50053267,IF 50053267,156669526.0,1487
2024-12-31,202412,56606230,IF 56606230,152861789.0,1488
2024-12-31,202412,75174953,IF 75174953,149848195.0,1489
2024-12-31,202412,62264924,IF 62264924,147011432.0,1490
2024-12-31,202412,43010260,IF 43010260,146598254.0,1491
2024-12-31,202412,02232228,IF 02232228,146289636.0,1492
2024-12-31,202412,34978626,IF 34978626,144029726.0,1493
2024-12-31,202412,44921281,IF 44921281,141683748.0,1494
2024-12-31,202412,16651002,IF 16651002,141596461.0,1495
2024-12-31,202412,29985421,IF 29985421,141481458.0,1496
2024-12-31,202412,42627615,IF 42627615,141451532.0,1497
2024-12-31,202412,05424088,IF 05424088,138365271.0,1498
2024-12-31,202412,06369729,IF 06369729,135871594.0,1499
2024-12-31,202412,00991739,IF 00991739,134934143.0,1500
2024-12-31,202412,44064068,IF 44064068,134116673.0,1501
2024-12-31,202412,40819834,IF 40819834,133847673.0,1502
2024-12-31,202412,44475245,IF 44475245,133011178.0,1503
2024-12-31,202412,43561343,IF 43561343,132873943.0,1504
2024-12-31,202412,96477906,IF 96477906,132638926.0,1505
2024-12-31,202412,57987273,IF 57987273,132333065.0,1506
2024-12-31,202412,77162881,IF 77162881,131080857.0,1507
2024-12-31,202412,04223451,IF 04223451,128946154.0,1508
2024-12-31,202412,03657230,IF 03657230,127449608.0,1509
2024-12-31,202412,03685335,IF 03685335,127066265.0,1510
2024-12-31,202412,37555231,IF 37555231,126113186.0,1511
2024-12-31,202412,49035310,IF 49035310,125565196.0,1512
2024-12-31,202412,30138226,IF 30138226,122201766.0,1513
2024-12-31,202412,41560568,IF 41560568,122006236.0,1514
2024-12-31,202412,42258376,IF 42258376,121479874.0,1515
2024-12-31,202412,48786608,IF 48786608,115507125.0,1516
2024-12-31,202412,48707451,IF 48707451,115271781.0,1517
2024-12-31,202412,34831910,IF 34831910,112526242.0,1518
2024-12-31,202412,00968834,IF 00968834,111461276.0,1519
2024-12-31,202412,44459799,IF 44459799,108720263.0,1520
2024-12-31,202412,02447184,IF 02447184,108371672.0,1521
2024-12-31,202412,41349521,IF 41349521,107808434.0,1522
2024-12-31,202412,44154779,IF 44154779,107115339.0,1523
2024-12-31,202412,17635177,IF 17635177,105005063.0,1524
2024-12-31,202412,44650156,IF 44650156,103176889.0,1525
2024-12-31,202412,43978697,IF 43978697,101347777.0,1526
2024-12-31,202412,07333726,IF 07333726,101062273.0,1527
2024-12-31,202412,90560434,IF 90560434,100243922.0,1528
2024-12-31,202412,42064545,IF 42064545,99904987.0,1529
2024-12-31,202412,01301541,IF 01301541,99837574.0,1530
2024-12-31,202412,07945233,IF 07945233,96482783.0,1531
2024-12-31,202412,06132348,IF 06132348,95594898.0,1532
2024-12-31,202412,28435685,IF 28435685,94661733.0,1533
2024-12-31,202412,48703302,IF 48703302,94485668.0,1534
2024-12-31,202412,45056494,IF 45056494,94161179.0,1535
2024-12-31,202412,80202872,IF 80202872,93503829.0,1536
2024-12-31,202412,00731320,IF 00731320,89080187.0,1537
2024-12-31,202412,15168152,IF 15168152,86746092.0,1538
2024-12-31,202412,10280601,IF 10280601,82024166.0,1539
2024-12-31,202412,44323831,IF 44323831,80626706.0,1540
2024-12-31,202412,92236777,IF 92236777,77849108.0,1541
2024-12-31,202412,02276653,IF 02276653,71790059.0,1542
2024-12-31,202412,43268960,IF 43268960,69627578.0,1543
2024-12-31,202412,03219207,IF 03219207,67477238.0,1544
2024-12-31,202412,00141155,IF 00141155,63366962.0,1545
2024-12-31,202412,03165497,IF 03165497,63213158.0,1546
2024-12-31,202412,72556996,IF 72556996,62338606.0,1547
2024-12-31,202412,15761217,IF 15761217,55219545.0,1548
2024-12-31,202412,88952130,IF 88952130,54449627.0,1549
2024-12-31,202412,04158581,IF 04158581,54141418.0,1550
2024-12-31,202412,03990888,IF 03990888,50630810.0,1551
2024-12-31,202412,17826860,IF 17826860,47832655.0,1552
2024-12-31,202412,03443143,IF 03443143,45638655.0,1553
2024-12-31,202412,08520517,IF 08520517,45363738.0,1554
2024-12-31,202412,47133056,IF 47133056,43450878.0,1555
2024-12-31,202412,34846868,IF 34846868,41612868.0,1556
2024-12-31,202412,09210106,IF 09210106,38287316.0,1557
2024-12-31,202412,54264235,IF 54264235,35853532.0,1558
2024-12-31,202412,67600379,IF 67600379,33398025.0,1559
2024-12-31,202412,34254279,IF 34254279,28819147.0,1560
2024-12-31,202412,03635061,IF 03635061,24358482.0,1561
2024-12-31,202412,48967968,IF 48967968,21487159.0,1562
2024-12-31,202412,00129753,IF 00129753,19803781.0,1563
2024-12-31,202412,04772908,IF 04772908,18320844.0,1564
2024-12-31,202412,52137361,IF 52137361,16508870.0,1565
2024-12-31,202412,16854999,IF 16854999,15884137.0,1566
2024-12-31,202412,10548608,IF 10548608,14034594.0,1567
2024-12-31,202412,20177390,IF 20177390,13455247.0,1568
2024-12-31,202412,65635377,IF 65635377,12357925.0,1569
2024-12-31,202412,05669150,IF 05669150,12320198.0,1570
2024-12-31,202412,71590442,IF 71590442,12262146.0,1571
2024-12-31,202412,52440987,IF 52440987,11176129.0,1572
2024-12-31,202412,41146382,IF 41146382,8308766.0,1573
2024-12-31,202412,89784367,IF 89784367,7875350.0,1574
2024-12-31,202412,71502181,IF 71502181,7693944.0,1575
2024-12-31,202412,20833992,IF 20833992,7330005.0,1576
2024-12-31,202412,71491609,IF 71491609,3113474.0,1577
2024-12-31,202412,55823094,IF 55823094,2307292.0,1578
2024-12-31,202412,03795072,IF 03795072,0.0,1579
2024-12-31,202412,04891850,IF 04891850,0.0,1579
2024-12-31,202412,23757411,IF 23757411,0.0,1579
2024-12-31,202412,24537861,IF 24537861,0.0,1579
2024-12-31,202412,25674235,IF 25674235,0.0,1579
2024-12-31,202412,31818873,IF 31818873,0.0,1579
2024-12-31,202412,46009412,IF 46009412,0.0,1579
